Env_Temp,BMP_Pressure,BMP_Altitude,Light,DHT_Humidity,MQ135_CO2,MQ135_CO,MQ135_NH3,Soil_Moisture,Soil_Temp,pH,N,P,K,district,location,season,target_crops
16.23,1062.04,,85869.04,46.80,388.03,3.03,,,,,260.47,,,Raigad,,,"Coconut, Vari"
30.55,990.31,4.79,88362.20,30.00,440.53,2.85,0.81,20.36,26.27,5.89,326.84,11.42,268.47,Raigad,Alibag/Mangaon,Summer,Coconut
18.59,977.27,59.10,57172.10,52.53,431.97,3.23,3.43,46.18,12.62,6.03,274.90,6.51,235.20,Raigad,Karjat,Winter,Coconut
,809.66,,,44.61,,,0.12,60.62,,6.21,,,,Nashik,Igatpuri (Ghat Zone),,Vegetables
17.96,932.16,,,57.90,387.29,3.13,2.31,32.95,15.63,,228.67,9.97,258.76,Raigad,Karjat,Winter,"Ragi, Rice"
27.21,930.60,13.49,55402.30,98.65,433.46,0.14,0.50,86.77,24.21,6.33,,16.92,250.95,Raigad,,Monsoon,Cashew
25.41,1019.15,49.48,66655.66,53.72,392.05,4.63,1.55,44.22,22.18,5.72,,10.18,190.61,Raigad,Karjat,Winter,"Ragi, Coconut, Cashew"
31.88,1027.53,572.31,104318.80,,438.97,1.84,0.47,52.71,28.74,8.29,200.38,38.35,239.72,,Baglan/Kalwan,Summer,Grapes
,976.38,896.93,85994.48,,319.43,2.59,2.84,58.47,36.62,5.99,255.10,,154.34,Nashik,Igatpuri (Ghat Zone),Summer,Rice
,,12.13,,54.01,406.35,,2.08,,,,,9.91,,Raigad,,Winter,"Cashew, Arecanut, Mango"
32.03,,8.33,99974.67,,,0.62,3.37,23.36,31.02,6.18,281.07,13.41,223.83,Raigad,Alibag/Mangaon,,"Cashew, Cotton, Arecanut, Rice"
41.58,971.00,49.35,55316.94,77.80,466.41,3.46,0.38,82.19,36.64,6.44,260.93,7.30,226.04,Raigad,Karjat,Monsoon,"Cashew, Green Gram, Vari"
12.09,938.09,,59923.72,65.10,418.15,2.55,4.16,47.23,8.50,7.61,276.93,31.82,351.97,,Niphad/Yeola,Winter,"Sugarcane, Cotton, Grapes, Wheat"
25.03,1010.55,53.89,64031.68,57.04,420.51,4.89,3.51,32.19,21.04,5.28,334.37,,191.39,Raigad,Karjat,Winter,Vari
32.09,916.44,840.05,52459.96,94.95,412.64,3.31,,79.45,33.66,6.39,309.60,7.16,143.26,Nashik,Igatpuri (Ghat Zone),Monsoon,Finger Millet
16.77,921.08,59.98,,41.65,429.27,1.03,0.26,48.00,16.56,5.38,257.31,6.25,175.17,Raigad,Karjat,Winter,Coconut
32.09,1085.53,,102037.51,31.56,493.19,2.46,2.11,11.92,32.02,,287.94,5.21,185.19,Raigad,Alibag/Mangaon,Summer,"Coconut, Banana, Rice"
36.72,912.46,491.64,93888.79,29.64,457.26,2.84,1.61,,32.32,7.63,200.61,41.71,222.43,,Baglan/Kalwan,Summer,"Soybean, Grapes, Bajra"
41.97,1034.40,9.89,21302.85,93.62,445.39,1.71,3.34,86.10,32.20,5.51,326.98,11.95,216.22,Raigad,,Monsoon,Arecanut
17.23,981.55,,91875.75,,413.39,4.35,,37.85,15.61,6.50,357.03,10.45,263.74,Raigad,Alibag/Mangaon,Winter,"Coconut, Arecanut, Rice"
32.22,,647.09,104812.46,42.86,425.81,2.84,1.10,,27.60,7.18,190.16,21.13,198.37,Nashik,Igatpuri (Ghat Zone),Summer,"Vegetables, Finger Millet"
34.06,936.46,486.24,92145.12,40.95,374.85,,1.39,66.42,31.09,6.57,252.24,48.70,248.93,Nashik,Baglan/Kalwan,Summer,Soybean
25.55,932.17,901.54,97024.03,31.65,398.46,0.42,3.23,42.80,27.82,,149.46,18.38,218.89,Nashik,Igatpuri (Ghat Zone),Summer,Maize
31.05,908.10,54.21,96409.36,23.63,473.39,1.31,4.02,,28.74,,274.19,4.65,275.01,Raigad,Karjat,Summer,"Green Gram, Rice"
36.89,1059.25,633.59,14781.68,79.11,405.62,2.83,0.77,70.76,37.81,7.32,211.31,20.93,252.14,Nashik,Niphad/Yeola,Monsoon,"Pomegranate, Grapes"
,,11.13,,49.78,403.13,3.15,0.31,43.73,18.11,5.55,256.52,4.91,265.74,Raigad,Alibag/Mangaon,,"Sugarcane, Banana"
,1042.37,11.41,88444.98,61.48,408.24,5.25,3.41,51.92,13.90,6.02,,10.72,,Raigad,Alibag/Mangaon,Winter,Mango
13.57,840.11,,91389.34,54.48,382.59,3.73,3.70,39.62,11.60,6.52,169.86,40.39,268.75,Nashik,Baglan/Kalwan,Winter,"Maize, Grapes"
21.65,907.31,536.82,122717.33,33.77,393.41,0.97,0.96,67.43,20.05,7.69,201.32,31.17,274.35,Nashik,Niphad/Yeola,Summer,Onion
24.37,995.99,6925.04,66178.59,56.10,459.39,1.72,2.84,55.60,19.02,6.25,213.13,17.84,173.96,Nashik,Igatpuri (Ghat Zone),Winter,"Maize, Vegetables"
20.13,1032.83,486.98,85936.46,56.89,466.69,4.80,1.38,52.62,15.67,6.13,232.20,46.57,227.80,Nashik,Baglan/Kalwan,Winter,Grapes
33.56,1029.08,582.29,99927.45,37.81,426.35,5.14,1.85,44.38,33.77,7.67,272.68,20.43,281.43,Nashik,Niphad/Yeola,Summer,"Onion, Tomato"
17.23,951.59,456.29,85610.78,44.16,398.96,3.05,1.26,51.37,15.91,6.94,214.96,47.87,,Nashik,Baglan/Kalwan,Winter,Groundnut
21.21,1096.72,,72782.83,,429.79,4.05,2.78,47.90,21.37,7.13,284.09,9.44,220.33,Raigad,Karjat,Winter,"Ragi, Coconut, Green Gram"
18.65,840.40,436.37,69683.81,56.96,429.70,1.99,1.59,49.56,17.02,6.72,231.87,52.29,,Nashik,Baglan/Kalwan,,"Onion, Soybean, Grapes"
33.43,911.29,578.34,28489.19,102.46,449.65,,0.61,88.63,33.86,7.16,255.71,9.41,174.70,Nashik,Igatpuri (Ghat Zone),Monsoon,Maize
13.52,,567.27,,43.30,395.97,0.32,0.68,64.38,10.38,,257.56,17.24,205.60,Nashik,,Winter,Rice
33.56,1010.47,720.05,103539.82,21.63,433.14,4.89,0.30,56.32,30.96,6.89,248.25,17.56,155.05,Nashik,Igatpuri (Ghat Zone),Summer,"Maize, Rice"
34.69,992.36,590.32,32364.97,77.91,401.09,,1.58,78.67,,7.16,178.90,34.88,197.75,Nashik,Niphad/Yeola,Monsoon,"Onion, Sugarcane"
35.58,1045.01,52.90,100623.83,25.50,,2.60,1.24,11.35,30.83,5.68,297.46,10.57,237.58,,Karjat,,Cashew
,909.35,5.79,35330.99,102.33,431.20,3.12,2.19,94.13,22.70,5.59,257.26,5.81,215.69,Raigad,Alibag/Mangaon,Monsoon,Rice
13.04,953.73,629.28,84546.91,,382.82,3.54,1.73,53.60,12.65,7.09,250.66,26.33,276.58,Nashik,Niphad/Yeola,Winter,"Tomato, Wheat"
25.34,1014.99,5.32,116598.69,39.83,417.94,2.88,1.23,25.85,22.26,5.47,362.80,6.19,251.40,Raigad,Alibag/Mangaon,Summer,"Coconut, Arecanut, Rice"
29.62,965.48,760.91,46732.94,90.28,382.56,0.81,1.58,91.95,33.07,5.83,242.50,14.84,186.20,Nashik,Igatpuri (Ghat Zone),Monsoon,Vegetables
21.19,965.84,50.93,72404.07,42.70,368.56,0.74,3.55,57.14,18.49,5.33,278.88,5.60,243.69,,Karjat,Winter,"Groundnut, Green Gram, Vari"
36.97,1091.35,,107603.31,36.71,425.66,1.51,2.80,17.63,35.92,5.63,248.22,9.51,203.55,Raigad,Karjat,Summer,"Cashew, Coconut, Rice"
17.87,992.93,536.87,85073.17,40.41,463.34,0.59,2.81,50.86,13.31,7.52,,38.37,,Nashik,Baglan/Kalwan,Winter,Groundnut
18.28,,674.30,113817.89,35.09,415.40,4.49,3.83,43.13,14.43,6.47,,16.26,245.40,,Igatpuri (Ghat Zone),Summer,"Maize, Finger Millet"
25.27,965.84,621.62,72479.71,49.93,401.06,4.68,0.48,47.71,22.44,7.25,0.00,54.78,326.08,Nashik,,Winter,Maize
27.93,964.64,10.46,65787.45,48.23,429.08,2.96,2.57,42.07,22.94,6.27,237.39,12.50,224.95,Raigad,Alibag/Mangaon,Winter,"Groundnut, Banana"
42.50,982.95,555.29,18117.39,65.34,415.64,,0.21,84.58,36.54,7.25,201.65,29.47,224.55,Nashik,Niphad/Yeola,Monsoon,Wheat
39.49,959.89,592.72,26465.51,70.31,392.66,,0.35,78.13,37.89,6.70,304.74,12.95,,Nashik,,Monsoon,"Sugarcane, Groundnut, Grapes, Tomato"
19.37,843.15,12.55,69652.92,50.09,416.07,0.43,2.82,39.77,14.88,5.55,272.97,7.01,200.04,Raigad,Alibag/Mangaon,Winter,"Arecanut, Rice"
,852.30,953.12,82089.64,70.12,436.20,2.65,2.22,51.52,20.69,6.31,288.68,18.29,209.23,Nashik,Igatpuri (Ghat Zone),Winter,"Maize, Finger Millet"
18.59,924.78,6.89,89710.68,46.05,475.95,,0.42,34.92,14.33,6.25,321.89,14.59,223.16,Raigad,Alibag/Mangaon,Winter,"Banana, Rice"
20.18,1006.99,7.82,76525.32,44.91,454.09,0.79,1.48,51.71,16.27,6.05,218.82,13.04,236.80,Raigad,Alibag/Mangaon,Winter,Rice
12.38,918.62,569.43,67921.90,48.27,443.40,1.33,3.77,46.73,11.63,7.86,192.36,,210.64,Nashik,Niphad/Yeola,,"Onion, Tomato"
12.11,938.46,563.00,82420.12,53.85,417.88,4.00,0.29,46.66,9.86,6.26,262.07,25.90,258.92,Nashik,Niphad/Yeola,Winter,"Sugarcane, Tomato, Onion"
19.67,906.47,775.49,71098.61,59.29,369.41,2.48,2.37,58.75,17.95,6.24,295.24,16.53,254.28,,Igatpuri (Ghat Zone),Winter,Vegetables
32.77,1116.55,11.89,29708.19,98.44,394.18,3.37,4.07,76.82,24.12,5.24,318.23,8.71,185.55,Raigad,Alibag/Mangaon,Monsoon,Mango
,1020.74,10.94,96070.84,45.91,,3.19,3.35,52.52,16.84,6.39,306.83,7.40,205.86,Raigad,Alibag/Mangaon,Winter,"Sugarcane, Rice, Mango"
35.59,1031.30,531.67,30628.64,95.65,382.48,0.91,1.94,97.09,36.40,6.88,195.44,42.55,260.52,Nashik,Baglan/Kalwan,Monsoon,Grapes
15.12,1125.87,60.58,63649.97,42.41,367.16,0.67,3.62,37.97,14.35,5.47,237.75,10.32,175.00,Raigad,Karjat,Winter,"Green Gram, Coconut"
,1026.23,60.26,76457.40,51.77,382.21,0.29,2.01,55.83,16.46,5.19,259.70,,217.71,Raigad,Karjat,Winter,"Coconut, Mango, Vari"
36.68,1004.31,62.95,112649.51,34.45,398.74,1.11,0.52,24.67,30.11,6.28,319.10,7.86,,Raigad,Karjat,Summer,"Ragi, Green Gram"
33.10,988.87,,45054.04,106.11,417.36,2.07,1.70,90.82,28.05,5.64,253.74,12.55,163.23,Nashik,Igatpuri (Ghat Zone),Monsoon,"Vegetables, Rice, Tomato, Finger Millet"
34.88,975.58,598.43,90106.78,42.85,395.50,4.73,1.80,,34.81,6.64,262.00,54.97,272.31,Nashik,Baglan/Kalwan,Summer,"Groundnut, Onion"
27.29,862.05,482.29,63552.65,40.63,412.37,4.14,1.92,49.21,22.41,7.21,190.86,49.50,245.25,Nashik,Baglan/Kalwan,Winter,"Onion, Groundnut"
13.34,1019.00,556.72,73447.12,48.70,418.89,3.29,1.82,44.38,9.46,,244.27,9.86,131.35,Nashik,Igatpuri (Ghat Zone),,"Vegetables, Rice"
35.12,1119.60,13.37,13815.27,95.85,420.04,2.69,3.97,86.97,36.12,4.96,193.90,9.22,207.80,Raigad,Alibag/Mangaon,Monsoon,Mango
,899.07,546.00,112078.17,22.15,453.58,1.05,0.65,60.26,27.49,8.29,205.71,57.03,294.71,Nashik,Baglan/Kalwan,Summer,Groundnut
15.71,903.58,470.20,73888.85,57.47,428.05,5.53,3.15,53.38,12.14,6.90,,50.10,264.73,,Baglan/Kalwan,Winter,Maize
12.03,905.22,595.58,77737.58,38.54,357.68,2.36,0.21,56.10,8.37,7.58,179.49,50.15,231.28,Nashik,Baglan/Kalwan,Winter,"Groundnut, Grapes, Bajra, Tomato"
12.33,978.00,629.36,63334.63,33.44,419.49,1.53,1.52,56.14,10.02,7.78,207.36,49.28,,Nashik,Baglan/Kalwan,Winter,Soybean
14.39,909.97,781.23,87516.06,42.44,406.71,1.35,0.12,53.87,11.14,6.35,275.60,18.95,177.50,Nashik,Igatpuri (Ghat Zone),Winter,Vegetables
27.42,1058.92,,109009.49,24.21,,5.02,3.55,16.64,24.60,4.99,325.33,9.33,264.59,Raigad,Alibag/Mangaon,Summer,"Coconut, Arecanut"
22.93,,56.90,89304.37,39.51,444.45,2.90,4.06,27.39,20.62,5.63,307.33,,188.48,Raigad,Karjat,Winter,"Cashew, Coconut"
41.93,969.49,54.91,27313.67,89.77,371.54,1.57,0.32,103.06,33.23,5.43,313.59,7.67,203.29,Raigad,Karjat,Monsoon,"Green Gram, Rice"
32.43,1017.34,812.17,26735.05,,428.48,1.41,0.47,92.15,26.82,6.58,270.03,20.71,224.33,Nashik,Igatpuri (Ghat Zone),Monsoon,Finger Millet
29.96,,49.01,39345.29,,,,,100.37,,,,,259.44,Raigad,,,Rice
16.91,971.29,11.50,69205.73,,411.11,3.43,,50.46,16.02,6.54,282.66,7.34,185.91,Raigad,Alibag/Mangaon,Winter,"Cashew, Coconut, Cotton, Rice"
21.50,908.58,63.26,86505.41,,349.24,2.46,1.49,51.83,22.36,5.75,266.04,8.72,256.66,Raigad,Karjat,Winter,"Ragi, Coconut, Cashew"
18.94,907.61,,70051.89,65.15,362.98,2.28,0.74,,16.22,5.75,214.46,8.85,209.10,Raigad,Karjat,Winter,"Rice, Mango"
21.13,1058.03,828.66,65246.37,54.94,448.20,2.32,0.17,39.55,17.57,6.41,281.09,16.10,152.02,Nashik,Igatpuri (Ghat Zone),Winter,"Maize, Finger Millet"
16.86,1136.65,10.21,94111.61,44.50,400.39,4.64,1.82,43.94,17.52,,240.73,12.38,,Raigad,Alibag/Mangaon,Winter,Banana
34.29,908.17,609.24,93212.95,34.85,421.09,2.98,2.48,67.30,33.03,7.68,241.10,36.25,243.20,,Niphad/Yeola,Summer,Pomegranate
19.20,926.20,573.26,94417.61,,380.85,4.23,3.21,,20.00,7.24,216.53,41.05,243.06,Nashik,Baglan/Kalwan,,"Soybean, Tomato"
46.56,1014.81,520.61,26463.88,,406.13,1.59,2.94,76.10,,7.21,176.50,57.11,226.68,Nashik,Baglan/Kalwan,Monsoon,"Groundnut, Onion"
36.98,921.41,62.31,39839.49,110.21,433.14,1.99,3.91,103.28,33.49,5.78,297.17,9.72,,Raigad,Karjat,Monsoon,Cashew
17.65,945.24,,76844.14,62.23,399.44,4.53,2.73,46.59,14.90,5.92,227.27,15.40,153.35,Nashik,,Winter,"Maize, Rice"
29.23,1007.54,13.81,56086.41,79.78,400.23,1.27,0.61,111.32,26.85,5.28,323.90,5.77,219.27,Raigad,Alibag/Mangaon,Monsoon,"Coconut, Banana, Arecanut"
26.06,,59.07,107749.69,21.01,449.22,2.64,2.91,18.51,32.75,6.10,227.28,7.26,281.42,Raigad,Karjat,,Vari
24.10,973.47,590.15,102919.00,31.50,,1.43,3.62,,23.05,7.98,221.56,27.36,303.50,Nashik,Niphad/Yeola,Summer,Sugarcane
11.98,869.16,773.99,88980.72,52.23,449.44,0.85,,47.47,8.61,,205.37,11.49,216.97,Nashik,Igatpuri (Ghat Zone),Winter,"Maize, Banana"
35.81,896.31,686.05,38796.72,86.28,423.73,3.96,1.02,,38.52,7.14,292.79,14.96,150.79,Nashik,Igatpuri (Ghat Zone),Monsoon,"Vegetables, Rice"
19.94,871.95,583.26,,19.99,364.80,1.93,3.54,57.38,17.35,7.23,284.94,24.14,231.46,Nashik,Niphad/Yeola,,"Soybean, Grapes"
39.93,1032.32,530.30,111357.57,28.24,,2.94,1.29,45.67,34.32,6.90,247.37,16.99,215.24,Nashik,Niphad/Yeola,Summer,"Onion, Tomato"
30.73,1077.33,582.49,83110.19,26.23,370.63,1.67,3.64,58.09,31.99,6.97,261.90,23.66,304.13,Nashik,Niphad/Yeola,Summer,"Tomato, Wheat"
29.14,954.42,668.86,38421.55,,417.19,1.51,3.81,89.10,26.71,6.33,252.78,,139.51,Nashik,Igatpuri (Ghat Zone),Monsoon,Maize
22.61,1006.71,52.40,74656.45,50.38,462.51,2.07,0.82,,18.53,5.88,310.16,5.69,210.43,Raigad,Karjat,Winter,"Coconut, Mango"
11.72,902.84,611.43,79612.00,54.59,394.07,0.29,1.06,55.00,9.55,6.09,245.92,21.11,302.73,Nashik,Niphad/Yeola,Winter,"Onion, Pomegranate, Grapes"
25.68,923.63,569.65,99565.06,19.42,450.98,4.89,0.63,43.11,22.24,7.42,196.02,23.34,227.08,Nashik,Niphad/Yeola,,"Sugarcane, Wheat"
11.92,1037.59,863.72,80596.03,,393.83,0.50,0.92,40.05,9.75,6.83,247.93,12.01,113.96,Nashik,Igatpuri (Ghat Zone),Winter,"Vegetables, Maize"
22.59,1084.17,57.39,88231.30,60.93,357.43,3.76,1.85,32.62,,6.03,289.39,6.86,255.98,Raigad,Karjat,Winter,"Soybean, Rice"
12.09,829.38,1012.42,89984.50,38.24,430.09,0.60,0.60,56.51,9.62,7.33,302.66,17.19,211.19,Nashik,Igatpuri (Ghat Zone),Winter,"Maize, Vegetables"
22.28,893.47,635.12,88827.43,29.27,405.44,,4.15,52.65,19.39,6.10,,17.04,225.05,Nashik,Igatpuri (Ghat Zone),Summer,"Vegetables, Banana, Rice"
41.39,890.32,627.63,27997.97,70.67,419.19,3.49,2.13,,33.91,,187.93,29.22,308.75,Nashik,Niphad/Yeola,Monsoon,"Sugarcane, Grapes"
20.34,1061.26,11.07,94762.57,44.42,457.13,1.68,1.84,39.78,14.32,6.41,285.47,6.40,254.09,Raigad,Alibag/Mangaon,,"Coconut, Rice"
20.35,892.93,614.80,,59.83,434.18,3.85,0.25,46.00,18.58,7.32,213.57,31.24,322.89,Nashik,,Winter,"Sugarcane, Tomato"
27.78,912.80,7.14,114021.78,30.20,421.88,1.81,2.09,28.54,26.82,6.18,281.35,3.36,197.59,Raigad,Alibag/Mangaon,Summer,Coconut
,956.73,5.65,48109.79,93.33,415.57,3.80,2.38,86.30,31.15,5.90,323.03,9.82,189.22,,Alibag/Mangaon,Monsoon,Rice
32.64,,12.54,41663.59,100.39,417.31,1.29,0.62,,37.57,5.99,291.05,6.41,293.51,Raigad,Alibag/Mangaon,Monsoon,"Coconut, Mango"
,752.69,,113139.39,32.64,406.73,,,63.03,,,,21.71,,,Niphad/Yeola,Summer,Wheat
35.11,1128.96,42.31,17677.99,89.54,430.12,,4.10,74.95,34.94,,293.20,8.98,210.82,Raigad,Karjat,Monsoon,Green Gram
36.51,949.00,66.82,31594.71,74.89,437.35,1.74,3.65,104.81,28.67,5.13,251.53,11.63,182.13,Raigad,Karjat,Monsoon,"Ragi, Green Gram"
40.34,907.54,603.38,30374.37,67.41,423.36,2.86,1.10,96.22,35.74,7.32,183.71,52.52,256.71,Nashik,Baglan/Kalwan,Monsoon,"Maize, Bajra"
17.22,1158.03,7.61,85809.45,45.89,424.34,3.70,1.69,49.05,17.64,5.86,310.97,13.01,250.48,Raigad,Alibag/Mangaon,Winter,Banana
33.17,,8.18,55598.40,104.31,386.08,1.24,0.65,92.34,34.02,6.26,226.78,16.75,256.14,,Alibag/Mangaon,Monsoon,"Banana, Arecanut"
34.43,1023.12,62.09,106204.41,26.97,,4.73,1.59,21.58,34.87,6.03,232.41,4.86,222.01,Raigad,Karjat,Summer,Vari
35.81,1062.57,863.97,53091.77,99.34,408.46,1.48,3.50,83.00,37.32,5.76,380.04,19.62,211.62,Nashik,Igatpuri (Ghat Zone),Monsoon,Maize
20.88,1037.42,55.60,96042.95,37.20,,0.32,4.12,23.68,23.95,6.78,232.37,9.52,256.65,Raigad,Karjat,Summer,"Soybean, Vari"
,,742.03,96009.15,36.87,404.92,2.56,4.03,,29.02,6.17,316.74,15.32,192.36,Nashik,Igatpuri (Ghat Zone),Summer,Rice
22.95,967.11,67.53,69662.06,53.74,427.49,4.48,2.90,45.53,20.77,5.51,275.34,8.55,190.36,Raigad,Karjat,Winter,Mango
43.40,936.78,563.60,26309.01,,413.50,4.24,,77.43,34.40,7.00,224.68,19.67,282.35,Nashik,Niphad/Yeola,Monsoon,Sugarcane
24.52,1032.49,621.13,48314.61,86.93,395.92,1.41,3.90,97.15,20.87,6.41,213.38,15.85,171.57,Nashik,Igatpuri (Ghat Zone),Monsoon,Rice
21.58,915.43,523.31,59518.67,41.68,411.18,2.22,3.21,49.07,19.50,7.25,176.88,,224.22,Nashik,Baglan/Kalwan,Winter,"Maize, Bajra"
15.55,1000.98,56.98,54996.52,44.38,424.40,3.21,3.71,55.07,12.00,4.79,256.73,4.99,257.79,Raigad,Karjat,Winter,Mango
26.34,823.56,60.36,18183.83,83.74,444.91,3.50,2.21,91.83,23.26,5.67,312.24,10.35,192.86,Raigad,Karjat,Monsoon,Green Gram
,961.39,896.77,81967.13,61.40,441.60,2.63,1.68,51.53,11.11,6.44,241.07,18.88,172.93,Nashik,Igatpuri (Ghat Zone),Winter,Finger Millet
48.31,876.21,581.00,23159.66,74.60,392.66,4.16,3.50,,35.21,6.56,247.18,15.93,281.95,Nashik,Niphad/Yeola,Monsoon,"Pomegranate, Grapes"
38.45,953.35,575.11,30798.26,,404.51,2.35,2.48,92.84,38.94,7.04,141.91,11.50,162.15,Nashik,Igatpuri (Ghat Zone),Monsoon,"Maize, Rice"
32.25,924.35,,64403.55,83.88,422.01,,1.21,98.65,27.62,6.74,212.63,32.37,277.54,Nashik,Niphad/Yeola,Monsoon,"Sugarcane, Pomegranate"
42.09,928.85,548.38,49516.46,87.94,398.62,1.58,0.82,88.00,39.66,7.64,192.63,22.82,,Nashik,,Monsoon,Wheat
25.63,,609.16,81462.88,60.38,379.06,4.46,0.91,52.60,24.30,,262.08,24.09,266.06,Nashik,Niphad/Yeola,Winter,Onion
34.18,1055.36,12.08,31826.74,94.86,364.65,2.88,1.75,80.50,30.59,5.95,275.38,11.11,235.26,Raigad,Alibag/Mangaon,Monsoon,"Banana, Mango"
21.19,999.50,5.03,84430.75,44.79,443.61,,0.86,43.64,,,298.15,12.81,226.11,Raigad,Alibag/Mangaon,Winter,Cashew
37.05,984.05,,47468.19,,415.94,1.41,4.05,83.58,37.75,7.39,213.37,27.08,255.40,Nashik,Niphad/Yeola,Monsoon,Tomato
37.33,1112.80,58.90,59272.04,93.75,393.87,4.69,2.36,83.90,35.17,4.53,234.21,6.81,237.68,Raigad,Karjat,Monsoon,Vari
32.38,1000.15,11.73,44990.88,87.41,349.27,1.29,3.71,84.37,30.83,6.33,300.95,5.60,197.65,Raigad,Alibag/Mangaon,Monsoon,"Cashew, Banana"
33.88,902.04,641.17,,76.87,385.21,1.19,0.62,83.51,30.82,8.60,254.91,31.25,225.84,Nashik,Niphad/Yeola,Monsoon,Sugarcane
14.11,936.61,,65552.30,,423.86,1.64,1.88,55.12,10.37,7.27,240.73,32.40,247.15,Nashik,Baglan/Kalwan,Winter,"Maize, Mango"
27.51,835.96,582.38,,41.68,433.26,2.95,2.81,,23.54,7.56,199.57,42.01,270.26,Nashik,Baglan/Kalwan,Summer,Soybean
36.20,1039.84,57.95,90501.30,21.75,420.15,0.66,2.95,12.37,36.39,5.98,224.07,10.40,209.64,Raigad,Karjat,Summer,"Cashew, Coconut"
,,,,,,,,,,,,,,,,,"Vegetables, Rice"
38.98,893.02,547.67,97203.26,32.61,387.96,4.25,1.55,48.49,32.70,7.78,199.75,29.20,324.88,Nashik,Niphad/Yeola,Summer,"Onion, Wheat"
16.47,1080.44,51.47,70924.19,38.09,370.92,0.80,3.15,33.65,15.97,,240.18,5.78,232.37,Raigad,Karjat,,"Ragi, Mango"
15.59,940.72,607.05,,47.67,435.67,1.00,0.49,41.65,,6.04,292.58,10.49,221.77,Nashik,Igatpuri (Ghat Zone),Winter,"Vegetables, Finger Millet"
25.14,1061.37,808.31,115145.30,41.22,393.68,3.39,2.66,48.88,,6.00,311.42,21.98,131.60,Nashik,Igatpuri (Ghat Zone),Summer,"Vegetables, Finger Millet"
34.38,918.57,481.51,118910.39,24.21,421.18,0.69,2.32,54.96,33.15,8.13,252.96,47.85,328.10,Nashik,Baglan/Kalwan,Summer,Maize
19.45,1164.79,,60537.26,47.24,402.48,5.36,3.32,,18.56,5.37,311.58,11.37,190.43,Raigad,Karjat,Winter,"Green Gram, Cotton"
32.17,992.38,9.90,112031.48,27.61,429.23,2.82,1.95,21.84,25.61,5.56,,8.65,215.29,Raigad,Alibag/Mangaon,Summer,Banana
29.02,897.41,664.55,34269.41,91.14,396.54,4.61,0.77,81.36,25.72,6.51,237.93,18.85,145.74,Nashik,Igatpuri (Ghat Zone),Monsoon,"Maize, Rice"
22.02,1180.31,13.75,102667.52,35.84,442.12,2.56,3.61,17.01,19.18,4.77,304.12,11.24,271.38,Raigad,Alibag/Mangaon,Summer,Mango
36.21,1151.80,11.00,20628.67,99.08,413.25,1.38,3.08,97.38,27.48,6.58,273.79,10.47,219.09,Raigad,Alibag/Mangaon,Monsoon,"Cashew, Banana"
18.81,1024.17,636.62,62289.40,66.89,405.32,2.20,2.93,56.45,14.14,7.64,258.60,14.75,103.56,Nashik,Igatpuri (Ghat Zone),Winter,Maize
17.33,979.35,491.45,73925.05,38.19,,2.34,2.78,56.35,15.21,6.11,209.14,60.39,261.01,Nashik,Baglan/Kalwan,Winter,"Groundnut, Soybean"
,805.14,578.89,16409.17,98.27,343.68,,1.26,82.90,33.44,,274.44,22.83,175.64,Nashik,Igatpuri (Ghat Zone),Monsoon,"Vegetables, Rice"
38.52,839.04,511.80,29393.96,81.95,442.98,3.00,,87.22,31.54,8.01,224.95,70.45,291.77,Nashik,Baglan/Kalwan,Monsoon,Bajra
18.14,981.92,11.18,61512.50,59.46,442.50,1.46,1.37,29.24,17.40,5.45,274.51,8.77,236.59,Raigad,Alibag/Mangaon,Winter,"Cashew, Arecanut"
,811.40,642.33,91995.60,47.88,439.50,3.81,2.68,60.14,13.44,7.20,221.50,50.51,258.19,Nashik,Baglan/Kalwan,Winter,Maize
35.83,931.48,596.71,30042.07,71.71,446.38,2.75,3.31,76.33,33.39,8.02,195.53,25.68,268.44,Nashik,Niphad/Yeola,Monsoon,Grapes
36.52,1071.05,,107181.20,31.47,,2.57,2.02,43.71,31.15,7.97,189.62,23.89,311.67,Nashik,,Summer,"Sugarcane, Pomegranate"
22.69,946.30,519.98,80565.12,68.96,431.21,2.31,3.85,50.76,22.16,7.55,224.44,18.92,281.39,Nashik,Niphad/Yeola,Winter,"Onion, Grapes"
28.69,931.42,,92329.14,33.79,412.21,2.21,3.69,17.84,25.08,6.29,341.75,9.36,263.83,Raigad,Alibag/Mangaon,Summer,Mango
18.18,1017.91,6.37,70205.21,41.58,398.70,4.70,3.84,41.42,16.90,5.75,304.37,13.21,197.98,Raigad,Alibag/Mangaon,Winter,"Coconut, Rice"
38.41,1113.96,570.12,,84.49,430.88,3.71,3.18,75.43,40.12,6.55,210.30,44.44,268.82,Nashik,Baglan/Kalwan,Monsoon,"Bajra, Mango"
39.38,916.82,433.86,19007.97,74.62,408.63,3.70,0.31,95.97,37.62,6.74,,52.00,192.44,Nashik,Baglan/Kalwan,Monsoon,"Onion, Maize"
38.48,877.32,545.45,31691.20,76.74,379.47,3.08,0.15,74.12,33.96,7.27,232.85,38.53,276.20,Nashik,Baglan/Kalwan,,"Groundnut, Mango"
-11.85,1025.56,63.43,82463.07,57.67,358.07,0.35,0.85,57.10,20.47,5.92,235.74,6.95,227.55,Raigad,Karjat,Winter,Mango
44.46,1031.99,63.76,29288.01,82.71,417.98,0.95,3.18,88.86,39.63,5.72,300.64,12.33,226.95,Raigad,Karjat,Monsoon,Vari
39.76,1020.12,478.99,16816.23,,446.81,0.78,1.15,100.25,34.56,7.60,144.21,35.56,247.33,Nashik,Baglan/Kalwan,Monsoon,Mango
18.16,980.12,784.18,90466.48,56.41,396.07,1.85,1.19,57.41,14.53,6.10,256.10,22.00,193.28,Nashik,Igatpuri (Ghat Zone),Winter,Finger Millet
31.36,970.54,513.75,90426.11,30.39,408.67,0.93,0.54,51.24,27.86,7.41,191.90,51.93,204.92,Nashik,Baglan/Kalwan,Summer,"Cotton, Bajra"
14.04,895.91,551.94,66652.33,53.54,414.77,4.00,1.43,43.73,10.84,6.54,268.96,43.48,211.46,Nashik,Baglan/Kalwan,Winter,"Groundnut, Grapes, Bajra"
26.70,1085.91,11.76,55344.60,96.09,391.25,0.54,2.10,79.10,26.79,5.47,332.49,4.98,196.79,Raigad,Alibag/Mangaon,Monsoon,Coconut
23.84,788.06,590.31,83149.27,44.04,433.10,2.45,3.87,36.65,21.44,6.59,252.66,,133.22,Nashik,Igatpuri (Ghat Zone),Winter,"Rice, Finger Millet"
21.90,1009.55,738.36,90431.55,53.21,408.23,3.09,1.30,,19.18,5.97,174.54,12.90,186.66,Nashik,Igatpuri (Ghat Zone),Winter,"Vegetables, Rice"
23.53,990.59,574.44,103731.08,44.81,415.77,2.30,0.86,58.39,19.70,,147.50,49.51,247.76,Nashik,Baglan/Kalwan,Summer,Groundnut
28.50,972.29,629.02,93908.29,38.77,395.86,1.12,,61.29,27.19,6.89,203.11,35.54,251.98,Nashik,Baglan/Kalwan,Summer,Onion
,947.20,550.51,38416.62,76.90,438.11,3.95,0.18,93.70,37.33,7.16,272.82,29.54,261.87,Nashik,Niphad/Yeola,Monsoon,"Onion, Pomegranate, Sugarcane"
42.61,928.12,528.75,19437.32,81.12,375.54,,1.85,87.04,46.38,7.07,256.58,34.46,254.77,Nashik,Niphad/Yeola,Monsoon,"Sugarcane, Pomegranate, Wheat"
,976.82,621.05,87062.74,42.67,408.68,1.48,1.35,66.87,13.15,7.60,175.39,25.58,225.44,Nashik,Niphad/Yeola,Winter,Sugarcane
23.19,1001.99,,68145.56,55.81,397.25,2.86,2.96,53.11,19.72,6.40,267.81,7.43,208.09,Raigad,Karjat,Winter,Rice
34.43,837.79,592.08,95954.13,45.15,427.51,4.55,0.81,,32.10,7.19,296.04,,219.18,Nashik,Niphad/Yeola,Summer,Wheat
17.29,892.79,55.05,89482.86,51.33,413.63,0.31,2.45,42.94,15.42,6.07,278.77,6.96,222.93,Raigad,Karjat,Winter,"Groundnut, Green Gram, Rice"
19.93,914.58,6.32,71483.55,57.35,399.66,4.57,3.59,31.40,14.73,5.59,276.34,6.31,224.22,Raigad,Alibag/Mangaon,Winter,Cashew
30.37,1056.18,12.07,114860.64,24.58,489.47,2.42,0.94,,34.20,5.99,282.44,12.47,199.12,Raigad,,,Coconut
14.16,900.66,644.71,78856.35,58.43,389.64,2.18,2.11,,12.12,8.14,188.79,47.18,291.88,Nashik,Baglan/Kalwan,Winter,"Onion, Mango"
30.86,945.57,5.43,43163.29,93.96,434.30,3.15,3.51,73.86,23.70,5.42,236.22,14.91,206.00,Raigad,Alibag/Mangaon,Monsoon,Banana
43.60,879.77,511.12,22681.90,77.91,417.43,0.46,,79.61,35.63,7.89,256.53,28.30,216.23,Nashik,Niphad/Yeola,Monsoon,Onion
13.39,955.42,631.61,77771.31,56.64,367.23,0.16,3.77,61.33,13.89,6.67,226.46,15.32,176.71,Nashik,Igatpuri (Ghat Zone),Winter,"Vegetables, Rice"
20.32,1063.77,664.67,82074.74,46.99,401.48,1.25,3.08,66.21,15.65,,213.07,23.55,176.47,Nashik,Niphad/Yeola,Winter,"Grapes, Tomato"
18.74,901.47,573.74,77741.10,,406.93,2.05,2.46,55.27,18.28,6.75,216.34,36.11,,Nashik,Niphad/Yeola,Winter,"Sugarcane, Wheat"
18.57,1049.64,11.02,86676.81,50.88,377.26,4.03,0.55,35.04,16.40,6.67,,6.43,246.82,Raigad,Alibag/Mangaon,Winter,"Cashew, Coconut, Rice"
11.35,908.93,,82354.81,,434.25,0.32,1.45,66.77,9.59,8.58,176.37,22.23,,Nashik,Niphad/Yeola,Winter,"Grapes, Tomato"
14.13,1002.49,647.35,73215.08,45.81,431.80,3.07,3.05,58.17,11.63,6.44,294.42,15.98,219.75,Nashik,Igatpuri (Ghat Zone),Winter,"Maize, Cotton"
14.65,991.87,571.88,85456.20,48.03,432.72,4.85,0.98,49.32,13.21,7.34,245.05,23.54,285.30,Nashik,Niphad/Yeola,Winter,"Pomegranate, Tomato"
39.38,1112.33,49.38,24344.80,96.64,391.95,1.56,3.55,86.76,31.90,6.40,214.28,8.95,208.42,Raigad,Karjat,Monsoon,Green Gram
19.00,948.22,469.08,60780.81,55.19,409.56,2.34,2.41,47.87,19.66,7.00,221.66,39.64,229.43,Nashik,Baglan/Kalwan,Winter,"Grapes, Bajra"
14.54,880.12,451.40,77257.04,36.46,412.75,2.60,,60.62,10.22,6.58,215.25,64.43,278.59,Nashik,Baglan/Kalwan,Winter,"Maize, Grapes"
29.93,889.98,9.53,17017.59,101.60,401.31,1.91,1.29,88.25,26.38,5.77,305.74,5.35,235.74,Raigad,Alibag/Mangaon,Monsoon,"Banana, Arecanut"
20.70,1022.05,526.54,77197.68,52.94,417.87,0.92,3.05,48.95,20.05,6.90,212.92,8.31,200.78,Nashik,Igatpuri (Ghat Zone),Winter,Vegetables
,953.09,478.69,44463.80,88.86,405.00,2.90,0.21,99.61,37.23,6.84,213.99,45.60,231.94,Nashik,Baglan/Kalwan,Monsoon,"Groundnut, Soybean"
33.85,,605.34,102035.33,28.92,444.39,0.59,3.56,49.97,31.91,,265.13,19.66,173.82,Nashik,Igatpuri (Ghat Zone),Summer,"Maize, Rice, Wheat"
37.27,1013.16,601.28,21314.09,76.43,414.47,0.57,1.33,94.59,34.27,7.50,223.68,21.37,212.84,Nashik,Niphad/Yeola,Monsoon,Onion
21.86,861.58,585.10,87002.85,52.08,427.46,0.63,2.76,55.23,21.41,6.77,310.53,46.60,259.51,Nashik,Baglan/Kalwan,Winter,"Soybean, Grapes, Mango"
12.20,904.59,558.49,73345.29,58.30,419.00,1.23,3.08,47.48,9.71,6.62,,24.93,231.39,Nashik,Niphad/Yeola,Winter,"Sugarcane, Pomegranate, Onion"
31.07,,505.68,105692.37,24.63,409.13,3.57,1.85,47.61,27.36,7.57,155.92,35.40,240.46,Nashik,Baglan/Kalwan,Summer,"Groundnut, Sugarcane, Bajra"
18.88,927.44,594.90,75379.27,52.83,,3.56,0.15,57.08,17.42,7.33,219.31,13.27,242.53,Nashik,Niphad/Yeola,Winter,"Pomegranate, Wheat"
13.07,897.37,789.64,72315.66,40.63,456.24,4.17,4.35,,11.68,6.07,238.87,20.47,151.27,Nashik,Igatpuri (Ghat Zone),Winter,"Maize, Rice, Finger Millet"
29.78,920.85,552.77,,61.18,356.60,,2.63,86.88,26.70,6.43,240.94,51.42,271.65,,Baglan/Kalwan,Monsoon,Mango
18.79,1044.95,12.05,74366.62,46.74,422.04,3.30,3.37,31.55,13.69,6.23,330.07,8.51,270.91,,Alibag/Mangaon,Winter,Mango
40.46,829.96,,15526.86,83.30,435.84,2.36,3.17,72.98,32.10,7.33,150.21,35.56,275.39,Nashik,Baglan/Kalwan,Monsoon,Groundnut
22.27,1035.26,65.02,584426.13,57.91,394.03,1.22,2.04,41.66,17.34,5.42,296.84,8.54,194.73,Raigad,Karjat,Winter,Vari
12.66,1011.05,455.91,70210.35,37.89,395.32,3.18,,49.65,11.40,7.64,0.00,42.25,266.13,Nashik,Baglan/Kalwan,Winter,"Maize, Bajra, Mango"
25.38,898.63,617.00,45254.30,102.59,378.68,2.56,4.06,,20.99,6.70,251.74,8.45,168.07,Nashik,Igatpuri (Ghat Zone),Monsoon,Maize
26.28,976.80,455.68,58555.16,57.91,399.27,2.71,1.26,66.97,23.92,6.47,219.98,50.48,266.58,Nashik,Baglan/Kalwan,Winter,"Groundnut, Bajra"
40.45,907.08,576.97,114915.12,31.46,344.85,1.54,1.19,61.29,36.53,7.83,232.07,47.61,265.35,Nashik,Baglan/Kalwan,Summer,"Bajra, Tomato"
22.79,981.55,12.74,114711.60,35.78,361.79,1.26,2.69,19.08,24.57,5.73,,9.76,230.19,,Alibag/Mangaon,Summer,"Banana, Coconut"
22.46,980.25,542.40,,31.21,380.67,2.16,2.13,59.16,20.75,6.92,223.29,13.45,242.31,Nashik,Niphad/Yeola,Summer,Wheat
11.05,998.74,832.17,71236.55,38.48,432.17,2.95,1.95,54.99,,6.73,181.51,11.94,171.02,Nashik,Igatpuri (Ghat Zone),Winter,"Groundnut, Rice, Finger Millet"
38.60,902.99,451.51,100208.23,38.73,,4.70,1.54,47.49,36.88,,230.51,45.14,229.52,Nashik,Baglan/Kalwan,Summer,Soybean
24.50,869.56,987.71,24220.13,98.26,420.41,2.70,1.76,89.73,18.50,6.31,276.07,11.15,152.24,Nashik,Igatpuri (Ghat Zone),Monsoon,Maize
28.10,988.63,67.05,104099.48,,373.13,1.95,3.10,26.39,25.25,5.95,243.44,,229.30,Raigad,Karjat,Summer,Vari
40.89,1146.89,8.02,41523.13,90.55,414.49,2.41,0.29,82.34,31.01,6.71,265.36,9.44,205.54,Raigad,Alibag/Mangaon,Monsoon,"Coconut, Tomato"
16.58,1012.33,62.85,76501.49,45.03,458.27,4.43,4.50,51.80,15.17,6.65,207.25,9.43,200.62,Raigad,Karjat,Winter,"Cashew, Ragi, Vari"
18.09,845.35,49.49,82665.42,39.77,430.32,1.81,0.99,48.73,14.07,5.55,269.80,10.30,220.01,Raigad,Karjat,Winter,Cashew
,,,82222.66,49.23,,0.67,2.40,42.25,9.37,,,,210.06,Nashik,,,Onion
18.78,959.73,574.80,93291.07,42.94,362.68,1.56,1.96,64.87,16.25,7.23,185.79,46.64,249.77,Nashik,Baglan/Kalwan,Winter,"Groundnut, Banana"
36.83,949.72,626.00,115168.95,21.65,406.36,1.97,2.55,35.08,33.40,6.97,207.20,20.79,188.17,Nashik,Igatpuri (Ghat Zone),Summer,Vegetables
33.73,964.14,,43413.76,84.42,443.07,3.30,1.32,101.11,32.95,7.10,216.05,43.15,253.23,Nashik,Baglan/Kalwan,Monsoon,Bajra
19.17,1014.50,8.73,71699.71,46.70,421.63,4.54,2.13,37.83,16.30,6.95,296.06,8.46,244.42,Raigad,,Winter,Arecanut
20.01,936.01,521.31,67606.91,54.28,435.90,0.93,0.59,47.92,18.04,7.12,266.96,53.69,233.95,Nashik,Baglan/Kalwan,Winter,"Groundnut, Onion"
33.51,956.54,450.08,41342.34,91.63,440.54,4.31,3.41,,27.83,7.07,151.18,53.85,345.68,Nashik,Baglan/Kalwan,Monsoon,Onion
13.91,943.27,870.64,65072.07,62.17,403.01,1.89,0.16,54.83,12.62,5.78,293.23,,225.03,Nashik,Igatpuri (Ghat Zone),Winter,"Vegetables, Rice"
25.14,999.87,12.69,82004.12,54.42,431.28,1.75,,41.42,21.01,7.19,280.65,16.78,230.68,Raigad,Alibag/Mangaon,Winter,Arecanut
31.18,1107.08,46.90,,43.89,422.75,0.79,0.99,28.29,29.66,5.41,269.51,6.36,198.76,Raigad,Karjat,Summer,Rice
34.75,965.38,677.84,41193.99,90.88,442.89,0.39,4.02,88.64,30.96,6.77,264.32,18.10,209.10,Nashik,,Monsoon,Finger Millet
37.33,,866.27,21447.73,106.42,384.20,1.23,0.15,70.90,31.28,6.07,166.00,,190.75,Nashik,Igatpuri (Ghat Zone),Monsoon,Vegetables
43.44,929.21,503.49,46660.05,78.73,446.78,4.29,2.08,76.77,38.47,6.90,203.65,,246.35,Nashik,Baglan/Kalwan,Monsoon,Groundnut
35.05,917.72,822.21,29354.11,80.34,,3.67,2.66,85.78,33.01,5.87,239.39,16.99,117.03,Nashik,,Monsoon,"Maize, Vegetables"
12.66,878.01,770.71,,56.17,423.61,2.89,0.40,52.53,12.09,6.57,266.65,11.75,181.93,Nashik,Igatpuri (Ghat Zone),Winter,"Vegetables, Rice"
33.58,1034.06,9.62,84558.69,32.02,436.33,2.45,4.17,16.90,28.65,5.50,291.66,12.85,297.16,Raigad,Alibag/Mangaon,Summer,"Banana, Soybean, Rice"
24.56,959.54,6.23,103295.91,25.71,436.00,4.01,2.04,13.47,25.66,5.02,310.49,8.58,286.87,Raigad,Alibag/Mangaon,,Cashew
25.12,944.43,57.63,111556.55,22.53,426.36,1.49,2.82,26.46,24.92,5.26,297.14,5.10,180.08,Raigad,Karjat,Summer,Rice
35.72,1058.26,501.72,26589.64,76.89,376.82,1.41,1.13,89.43,32.82,6.88,198.27,54.40,249.43,Nashik,Baglan/Kalwan,Monsoon,Soybean
29.05,944.12,887.59,31915.53,76.85,422.53,1.21,2.82,90.10,27.15,4.89,256.73,16.44,208.47,Nashik,Igatpuri (Ghat Zone),Monsoon,Maize
30.23,1069.85,69.07,113344.66,37.33,424.73,3.76,1.80,12.11,,5.52,235.67,9.72,251.45,Raigad,Karjat,Summer,Vari
10.35,959.47,603.89,85147.69,,408.92,1.94,3.12,55.90,9.15,6.48,246.48,25.29,295.54,Nashik,Niphad/Yeola,Winter,Sugarcane
18.13,1057.44,54.20,66642.75,49.62,418.89,0.67,2.93,49.17,15.10,5.98,310.47,9.40,260.52,Raigad,Karjat,Winter,Ragi
15.03,953.98,609.29,81326.41,60.10,,2.85,3.67,55.01,11.49,7.14,253.94,25.08,252.64,Nashik,,Winter,Tomato
31.67,985.55,12.41,52866.50,,411.01,0.51,3.77,71.46,29.72,6.12,359.93,8.90,275.46,Raigad,Alibag/Mangaon,Monsoon,"Cashew, Rice"
17.48,1153.42,13.37,76624.44,,,2.24,2.91,55.30,15.51,6.42,273.49,14.62,251.77,Raigad,Alibag/Mangaon,Winter,"Coconut, Arecanut"
17.19,1052.71,6.27,69142.57,56.54,364.81,1.00,2.02,48.29,18.13,5.84,235.13,9.70,233.15,,Alibag/Mangaon,Winter,"Coconut, Rice"
18.92,973.84,605.08,64207.00,60.35,435.01,0.16,0.12,57.00,16.10,7.36,202.29,23.66,,,Niphad/Yeola,Winter,"Pomegranate, Tomato, Wheat"
20.08,905.45,474.37,100576.31,32.06,414.96,3.76,2.90,51.25,17.52,8.10,229.20,58.32,241.77,Nashik,Baglan/Kalwan,Summer,"Soybean, Grapes"
10.12,890.09,566.95,67182.17,44.72,432.90,3.06,3.83,61.49,9.18,7.95,209.88,,,Nashik,Niphad/Yeola,Winter,Sugarcane
30.85,,556.25,21630.21,66.61,384.62,3.63,3.36,76.38,27.49,6.66,183.93,24.00,269.25,Nashik,Niphad/Yeola,Monsoon,"Sugarcane, Tomato, Wheat"
20.61,988.69,52.29,68105.53,54.12,392.74,2.51,1.63,30.78,17.14,5.33,250.87,12.09,225.23,Raigad,Karjat,Winter,"Cotton, Rice"
17.32,839.33,,,,,0.56,2.83,,13.47,,,24.95,,,,Winter,"Pomegranate, Grapes"
,835.67,61.68,90839.61,38.38,385.04,4.03,0.15,27.22,31.75,5.96,276.99,6.93,197.31,Raigad,Karjat,,"Cashew, Coconut"
13.51,879.06,,64488.64,41.91,432.46,2.52,4.42,37.92,9.04,6.44,214.28,,180.31,Nashik,Igatpuri (Ghat Zone),Winter,"Maize, Rice, Vegetables"
30.52,1049.21,7.47,,73.68,423.59,3.69,0.77,84.86,,6.19,265.03,5.93,238.83,Raigad,,Monsoon,"Cashew, Mango"
29.69,996.85,527.37,120777.98,41.27,404.83,5.20,2.15,38.26,26.51,7.39,250.19,25.06,316.58,Nashik,Niphad/Yeola,Summer,"Sugarcane, Tomato"
15.38,1022.08,450.60,62616.52,49.98,409.36,4.02,1.04,,16.98,6.97,184.90,43.99,224.49,Nashik,Baglan/Kalwan,Winter,Grapes
51.13,997.25,549.13,45488.07,70.68,383.25,3.70,4.20,105.17,,7.49,235.65,16.21,293.43,Nashik,Niphad/Yeola,Monsoon,Pomegranate
11.05,890.13,621.13,69096.67,57.20,428.91,2.52,,61.16,9.24,6.68,227.23,17.31,271.56,Nashik,Niphad/Yeola,Winter,"Soybean, Grapes"
35.91,901.42,578.84,40645.29,75.62,412.17,0.46,3.75,91.41,37.82,7.30,283.07,28.32,309.13,Nashik,Niphad/Yeola,Monsoon,Wheat
42.52,914.97,556.37,109680.57,29.50,412.17,5.20,0.45,59.82,,8.20,213.52,43.32,245.89,Nashik,Baglan/Kalwan,Summer,"Soybean, Grapes"
13.28,1017.57,776.63,74361.16,51.11,370.45,1.18,2.68,59.50,9.31,7.31,226.64,10.38,172.19,Nashik,Igatpuri (Ghat Zone),Winter,"Vegetables, Rice, Finger Millet"
43.57,990.21,557.71,40725.17,64.98,471.50,3.33,1.09,93.10,39.05,7.98,211.56,30.39,271.83,Nashik,Niphad/Yeola,Monsoon,"Sugarcane, Grapes"
12.25,,872.03,66338.36,45.04,423.37,1.24,3.24,58.31,9.83,6.52,244.82,14.02,144.26,,Igatpuri (Ghat Zone),Winter,"Vegetables, Finger Millet"
32.05,909.29,67.36,100147.30,35.30,360.62,1.40,2.87,27.43,23.56,5.59,285.54,7.81,192.70,Raigad,Karjat,Summer,Cashew
16.16,907.17,607.23,97110.27,53.49,353.06,3.11,0.83,49.55,15.52,7.28,237.08,33.04,,Nashik,Niphad/Yeola,Winter,Sugarcane
13.92,931.26,446.37,95344.59,50.39,453.81,1.90,3.19,59.36,12.04,7.30,218.66,37.35,192.59,Nashik,Baglan/Kalwan,Winter,Maize
26.15,939.87,613.84,88111.19,39.35,411.85,0.70,1.63,57.44,20.23,7.93,221.31,26.34,287.11,Nashik,Niphad/Yeola,Winter,"Onion, Pomegranate, Sugarcane"
22.08,,504.49,108953.63,24.38,409.46,3.60,2.20,74.92,16.98,,,38.45,228.19,Nashik,Baglan/Kalwan,Summer,Onion
37.29,940.67,828.33,86754.13,,444.87,2.21,3.27,,24.68,5.69,187.33,15.48,192.95,Nashik,Igatpuri (Ghat Zone),Summer,Finger Millet
22.61,829.52,689.27,64151.82,44.02,403.94,4.57,0.98,59.05,20.36,7.12,263.06,,,Nashik,Niphad/Yeola,Winter,"Sugarcane, Grapes, Tomato"
32.79,1036.79,65.05,95260.67,31.54,413.95,3.85,,23.18,30.30,,,11.55,229.26,Raigad,Karjat,,"Green Gram, Rice, Mango"
17.06,1022.90,63.33,90123.79,68.14,438.09,2.51,1.78,51.39,12.88,5.09,274.36,5.29,271.04,Raigad,Karjat,Winter,"Ragi, Green Gram, Mango"
26.71,910.64,585.59,44442.10,89.12,363.57,2.46,2.41,,30.15,8.25,178.78,23.67,286.25,Nashik,Niphad/Yeola,Monsoon,Wheat
42.58,1055.77,587.29,53434.34,78.28,406.80,0.60,3.35,,36.27,6.30,261.68,19.21,218.18,Nashik,Niphad/Yeola,Monsoon,Sugarcane
36.40,946.43,619.68,90735.16,22.09,447.90,3.61,1.86,54.20,35.77,6.69,185.08,45.28,218.14,,Baglan/Kalwan,Summer,Grapes
19.68,883.64,782.88,119418.13,36.59,420.32,3.88,3.54,56.55,19.24,,260.11,12.46,191.88,,Igatpuri (Ghat Zone),Summer,Vegetables
22.30,1100.65,9.50,80049.54,41.23,374.04,4.13,3.69,31.74,17.35,5.98,268.74,14.84,195.53,Raigad,,,Cashew
18.23,1032.10,14.19,67158.68,50.19,423.23,4.48,0.19,36.36,18.10,5.92,260.61,12.30,195.93,Raigad,Alibag/Mangaon,,Arecanut
43.27,941.94,424.77,,82.43,409.72,2.44,0.88,92.20,40.74,6.69,159.82,47.82,234.23,Nashik,Baglan/Kalwan,Monsoon,Groundnut
36.56,920.03,875.56,108036.19,26.64,401.67,2.07,3.64,48.59,34.50,6.50,245.61,13.75,178.50,Nashik,Igatpuri (Ghat Zone),Summer,Rice
41.38,950.80,587.85,30005.66,89.39,428.94,4.02,2.33,88.98,43.47,6.94,226.76,25.95,213.69,Nashik,Niphad/Yeola,Monsoon,"Tomato, Wheat"
,895.06,500.39,85594.62,34.48,418.31,1.60,4.06,52.10,17.78,8.82,214.75,61.79,200.51,Nashik,Baglan/Kalwan,Summer,"Grapes, Mango"
37.18,1035.15,449.42,50974.78,,385.95,5.09,0.49,81.97,39.33,7.84,238.89,,234.07,Nashik,Baglan/Kalwan,Monsoon,"Cotton, Bajra"
39.36,972.82,536.98,39552.00,71.51,399.81,1.43,1.68,82.33,41.75,7.50,308.96,57.95,222.25,Nashik,Baglan/Kalwan,Monsoon,"Groundnut, Maize, Soybean"
,,,,82.81,374.95,2.96,2.79,83.73,,,,,,Nashik,,,"Vegetables, Rice, Finger Millet"
,,,,,,,,,,,,,,,,,Wheat
40.20,969.10,520.93,49680.87,69.91,420.52,4.73,3.61,88.14,33.97,7.37,286.62,37.35,249.32,Nashik,Baglan/Kalwan,Monsoon,Soybean
,1064.32,12.81,32378.56,98.14,447.98,1.80,0.17,103.92,24.87,5.84,301.03,4.15,247.19,Raigad,Alibag/Mangaon,Monsoon,"Coconut, Arecanut, Rice"
35.11,927.93,62.87,33225.29,90.44,378.00,1.61,,80.09,36.66,5.71,296.95,7.84,217.44,Raigad,Karjat,Monsoon,Rice
31.36,878.71,707.84,43300.22,83.27,415.73,0.60,2.96,92.94,28.32,5.63,264.69,7.31,265.36,Nashik,Igatpuri (Ghat Zone),Monsoon,"Maize, Rice"
36.10,883.40,8.10,34386.01,97.34,415.78,1.29,0.97,103.72,29.80,6.66,286.03,7.71,196.66,Raigad,Alibag/Mangaon,Monsoon,"Banana, Rice, Coconut"
39.17,961.65,624.67,108875.75,23.90,402.65,5.13,3.90,63.98,,,205.90,39.99,,Nashik,,Summer,"Bajra, Mango"
15.72,1005.04,566.89,66589.77,46.55,466.66,1.64,3.93,59.11,11.84,6.84,243.11,51.33,296.10,Nashik,Baglan/Kalwan,Winter,"Onion, Bajra"
38.03,1053.71,602.73,15819.66,91.89,334.99,0.37,0.57,95.84,36.25,,201.53,10.82,157.99,Nashik,Igatpuri (Ghat Zone),Monsoon,"Maize, Vegetables, Finger Millet"
14.00,982.20,676.68,66198.28,54.20,431.26,0.73,1.10,50.46,9.31,7.36,233.83,9.91,148.47,Nashik,Igatpuri (Ghat Zone),Winter,"Vegetables, Rice"
33.42,974.66,570.49,107397.22,25.45,419.59,0.12,2.20,48.68,31.06,7.45,263.10,17.53,258.96,,Niphad/Yeola,Summer,"Sugarcane, Grapes, Wheat"
18.84,1116.12,53.06,66724.73,57.88,400.42,2.03,0.34,45.60,17.69,5.81,283.56,4.50,266.73,Raigad,Karjat,Winter,"Coconut, Rice"
26.89,929.33,,78265.47,37.34,448.78,0.71,2.33,43.70,27.05,8.09,227.76,54.34,283.62,Nashik,Baglan/Kalwan,Summer,Soybean
10.96,926.88,585.50,64630.54,49.39,392.28,2.30,1.11,64.10,8.87,7.44,239.38,22.33,300.45,Nashik,Niphad/Yeola,Winter,"Pomegranate, Grapes"
38.46,975.19,50.72,50227.99,88.26,437.25,2.02,,87.44,33.54,,297.29,,190.56,Raigad,Karjat,Monsoon,"Green Gram, Cotton, Vari"
32.72,984.64,9.17,114916.76,31.21,418.12,0.28,2.55,17.40,29.84,5.64,216.56,,222.39,Raigad,Alibag/Mangaon,Summer,"Cashew, Mango"
12.96,935.64,559.40,83327.97,52.90,404.87,3.07,1.84,60.61,10.56,7.02,230.69,3.32,165.82,Nashik,Igatpuri (Ghat Zone),Winter,"Soybean, Finger Millet"
17.86,1072.16,6.05,105228.68,53.26,409.01,0.61,0.91,31.64,,6.74,252.53,12.43,268.00,Raigad,Alibag/Mangaon,Winter,"Cashew, Mango"
12.95,887.31,909.76,83307.07,54.47,362.58,1.64,,53.03,10.58,,,9.83,165.47,Nashik,Igatpuri (Ghat Zone),Winter,"Vegetables, Rice, Finger Millet"
,990.66,5.08,28726.58,88.75,424.86,0.99,3.44,90.80,,6.62,322.08,11.70,192.36,Raigad,,Monsoon,"Banana, Arecanut, Mango"
12.03,938.72,548.72,77137.78,53.02,427.07,3.99,1.43,,10.54,7.54,244.75,19.53,202.00,Nashik,Niphad/Yeola,Winter,Grapes
,981.62,559.38,94504.55,37.28,454.72,3.03,0.71,46.15,33.53,,236.56,59.30,,Nashik,Baglan/Kalwan,Summer,Soybean
22.69,969.17,694.31,86076.09,43.21,409.55,3.73,2.20,51.78,19.75,6.60,217.68,12.96,174.36,,Igatpuri (Ghat Zone),Summer,"Rice, Finger Millet"
20.19,905.88,550.77,83736.57,54.18,398.23,4.33,3.92,50.30,17.80,,204.54,25.61,,Nashik,Niphad/Yeola,Winter,"Cotton, Pomegranate"
36.28,912.57,558.77,47979.77,73.82,390.69,4.78,1.98,91.17,33.00,7.94,211.15,33.32,257.93,Nashik,Niphad/Yeola,Monsoon,Pomegranate
38.89,970.50,9.74,40989.33,88.56,417.31,3.03,2.78,95.81,32.26,5.76,256.08,14.89,250.07,Raigad,Alibag/Mangaon,Monsoon,"Rice, Mango"
31.20,,11.29,44585.89,95.14,,0.25,2.68,98.63,36.15,6.12,330.36,14.42,214.26,Raigad,Alibag/Mangaon,Monsoon,Cashew
20.46,1002.32,548.06,70277.25,51.09,398.23,3.96,1.57,41.66,18.53,7.19,209.78,22.23,232.47,Nashik,Niphad/Yeola,Winter,Pomegranate
12.56,960.08,587.82,88198.62,45.47,460.62,3.39,1.26,54.91,9.74,8.06,193.42,29.80,296.90,Nashik,Niphad/Yeola,Winter,Wheat
39.12,989.58,580.03,101601.68,35.34,391.49,3.01,0.57,42.84,33.30,6.13,183.66,48.39,247.26,Nashik,Baglan/Kalwan,Summer,Onion
12.35,859.73,762.13,81824.79,56.84,483.24,0.78,0.77,63.99,11.60,5.68,261.21,,199.01,Nashik,Igatpuri (Ghat Zone),Winter,Rice
29.35,941.84,799.69,49675.50,94.05,460.93,0.27,3.96,86.92,26.53,6.66,176.09,9.00,140.03,Nashik,Igatpuri (Ghat Zone),Monsoon,"Maize, Rice"
36.78,828.55,586.40,40395.16,90.77,,2.54,0.68,82.68,31.63,7.59,,9.97,156.19,Nashik,Igatpuri (Ghat Zone),Monsoon,Finger Millet
18.85,973.83,15.47,71003.66,55.29,421.96,2.28,,40.05,,6.34,304.54,9.07,248.20,Raigad,Alibag/Mangaon,Winter,"Coconut, Arecanut"
18.81,1107.74,58.01,77514.87,56.08,414.99,2.82,0.74,32.84,14.51,6.05,268.15,,235.45,Raigad,Karjat,Winter,Coconut
35.41,929.36,53.28,32955.80,96.95,408.68,2.97,3.07,99.89,,5.59,243.40,6.68,192.98,Raigad,Karjat,Monsoon,Green Gram
13.99,995.17,590.80,92479.20,,394.12,0.99,2.07,52.16,,,242.53,53.21,236.35,Nashik,Baglan/Kalwan,Winter,"Maize, Bajra, Mango"
38.32,1146.36,73.94,34418.70,94.18,458.80,0.12,,85.89,37.83,5.18,293.84,6.99,205.60,Raigad,Karjat,Monsoon,Vari
31.47,932.67,548.61,120020.04,30.31,438.34,1.56,0.86,42.34,,7.52,0.00,28.80,258.82,Nashik,Baglan/Kalwan,Summer,"Groundnut, Maize"
29.99,1119.44,,95824.67,,408.72,0.38,1.24,11.86,31.60,6.06,308.35,8.38,189.50,Raigad,Alibag/Mangaon,Summer,"Arecanut, Mango"
18.50,899.33,606.22,57651.37,51.09,412.44,1.95,2.85,51.35,15.08,7.44,208.73,22.95,285.05,Nashik,Niphad/Yeola,Winter,"Sugarcane, Grapes"
,1084.89,7.25,94449.80,33.35,425.85,0.56,0.28,24.82,26.31,5.58,241.98,10.95,198.75,Raigad,Alibag/Mangaon,Summer,Banana
25.17,926.44,530.37,84691.07,53.43,422.72,1.66,2.84,56.87,21.04,7.27,196.16,28.12,262.24,Nashik,Baglan/Kalwan,Winter,Bajra
37.16,,,33116.74,102.71,432.40,1.85,0.23,,38.65,5.75,310.90,6.44,232.74,Raigad,Karjat,Monsoon,"Rice, Vari"
19.64,989.11,771.57,96782.75,44.31,368.98,1.16,3.89,54.83,16.61,6.69,241.15,13.91,152.73,Nashik,Igatpuri (Ghat Zone),Summer,"Vegetables, Finger Millet"
19.39,935.15,592.56,90067.29,56.42,354.96,4.24,1.56,,17.02,7.92,239.93,21.17,276.57,,Niphad/Yeola,Winter,Sugarcane
20.67,,530.30,64006.88,46.83,420.16,2.85,1.80,45.45,14.59,8.20,230.61,27.85,278.38,Nashik,,Winter,Wheat
33.82,961.61,5.05,18213.41,97.96,,,3.02,90.53,26.68,6.07,264.53,12.82,207.93,Raigad,Alibag/Mangaon,Monsoon,"Cashew, Arecanut, Rice"
32.65,920.01,758.54,,23.67,397.33,1.98,3.24,54.30,27.65,,250.45,10.41,191.66,Nashik,Igatpuri (Ghat Zone),Summer,"Maize, Rice"
14.83,963.78,616.86,70820.83,55.81,410.09,4.92,0.47,51.17,9.93,7.44,,34.96,251.20,Nashik,Baglan/Kalwan,Winter,"Cotton, Bajra"
,990.60,64.37,117759.43,26.08,,2.10,1.60,20.06,22.46,5.72,239.15,7.17,223.01,Raigad,Karjat,,Rice
,,61.66,,88.90,,,,76.92,,,,12.14,197.77,Raigad,,Monsoon,Mango
,966.60,,94738.77,,423.28,0.63,,19.02,,,,7.41,186.39,,,,Cashew
37.05,909.20,11.19,44893.57,94.12,448.93,2.96,2.35,91.94,33.90,5.29,,6.21,,Raigad,Alibag/Mangaon,Monsoon,Mango
12.30,1017.26,598.17,64682.27,60.89,,,2.99,65.30,10.34,6.89,209.39,25.71,272.26,,Niphad/Yeola,Winter,Wheat
34.30,928.54,725.76,36625.72,84.57,405.22,0.96,0.93,92.13,30.91,5.98,189.19,16.34,160.77,Nashik,Igatpuri (Ghat Zone),Monsoon,"Vegetables, Finger Millet"
32.41,1102.43,58.55,31300.62,81.91,446.14,2.80,3.10,78.30,25.33,5.92,,7.75,241.65,Raigad,,Monsoon,"Cashew, Mango, Vari"
14.80,1042.61,63.05,481240.12,51.35,434.32,1.96,1.10,49.95,15.40,5.08,289.10,7.96,214.35,Raigad,Karjat,Winter,Vari
34.96,970.93,471.19,44547.56,74.90,350.24,0.73,1.93,90.69,35.88,6.83,225.92,38.55,,Nashik,Baglan/Kalwan,Monsoon,"Maize, Bajra"
17.88,1058.83,61.03,73222.08,,427.53,5.03,2.22,44.94,13.92,5.91,313.82,6.53,245.56,Raigad,Karjat,Winter,"Cashew, Green Gram, Vari"
34.59,1027.43,67.91,51972.40,83.77,382.25,4.17,3.20,88.60,38.29,5.87,230.54,7.20,222.78,Raigad,Karjat,Monsoon,"Groundnut, Vari"
30.67,1015.02,70.37,32690.83,87.01,426.68,3.67,0.40,88.13,31.53,5.51,280.91,5.10,239.96,Raigad,Karjat,Monsoon,"Coconut, Rice"
20.29,1068.11,12.91,61820.22,52.24,406.37,0.46,0.44,37.33,14.25,6.38,358.42,9.58,220.32,Raigad,Alibag/Mangaon,Winter,"Cashew, Banana"
17.58,1088.94,50.74,78395.66,47.27,423.17,1.96,0.40,46.25,13.81,5.68,252.88,5.45,232.64,Raigad,Karjat,Winter,"Green Gram, Vari"
,1039.48,8.29,,36.60,439.10,1.08,1.74,11.47,18.33,6.44,269.21,10.44,201.10,,Alibag/Mangaon,Summer,"Cashew, Coconut"
22.19,870.23,57.56,68255.58,43.42,373.17,1.87,2.65,33.58,23.01,6.00,337.58,7.14,,Raigad,Karjat,Winter,"Ragi, Groundnut"
33.89,978.48,10.56,22078.68,95.86,437.06,3.88,2.44,81.20,32.50,5.84,285.96,8.96,199.06,Raigad,Alibag/Mangaon,Monsoon,Coconut
13.47,939.69,780.35,258599.79,44.34,399.30,3.63,2.04,44.03,7.24,7.70,345.03,15.81,192.20,Nashik,,Winter,"Maize, Rice"
32.68,940.65,842.54,94428.71,41.01,425.84,4.69,3.42,54.64,26.82,6.30,218.74,15.33,,Nashik,Igatpuri (Ghat Zone),Summer,"Maize, Rice, Finger Millet"
18.63,941.31,13.67,84751.44,53.05,403.94,3.73,1.00,44.23,14.99,5.71,305.80,12.76,260.38,Raigad,Alibag/Mangaon,Winter,"Coconut, Arecanut"
37.22,,594.50,16556.65,96.02,390.07,1.88,1.11,,32.95,6.04,244.52,13.17,196.94,Nashik,Igatpuri (Ghat Zone),Monsoon,Rice
33.79,1057.61,,103072.88,40.72,434.96,4.54,3.08,24.43,27.87,6.13,260.27,,239.44,Raigad,Alibag/Mangaon,Summer,"Coconut, Rice"
28.54,968.66,517.65,19466.06,89.30,413.66,2.93,3.42,86.26,24.56,6.83,285.89,44.10,246.31,Nashik,Baglan/Kalwan,Monsoon,"Onion, Soybean"
34.25,1058.91,57.57,20414.17,81.77,435.08,4.61,0.74,89.41,28.45,5.78,237.49,7.82,222.62,Raigad,Karjat,Monsoon,Mango
,1021.20,563.28,,69.66,437.54,2.04,3.00,85.29,26.77,6.65,213.65,13.53,293.86,Nashik,Niphad/Yeola,Monsoon,"Vegetables, Grapes, Tomato"
,,,,,,,,,,,,,,,,,Rice
35.44,856.24,729.38,,93.25,408.43,2.23,0.68,89.45,27.06,6.45,247.78,17.90,134.41,Nashik,Igatpuri (Ghat Zone),Monsoon,"Vegetables, Maize"
17.15,1116.21,64.59,81552.10,61.92,480.63,1.31,0.45,45.97,14.15,6.03,274.15,8.32,205.20,Raigad,Karjat,Winter,"Green Gram, Mango"
13.81,1011.05,456.75,75665.34,,377.07,1.02,0.99,59.22,10.07,8.03,257.68,59.79,267.71,Nashik,Baglan/Kalwan,Winter,"Onion, Grapes"
16.70,928.89,513.26,64953.53,64.31,403.60,4.55,0.52,40.14,14.50,6.97,233.79,45.23,225.05,Nashik,Baglan/Kalwan,Winter,"Onion, Bajra, Mango"
17.38,1056.92,16.72,78775.98,37.71,405.19,2.11,0.30,47.14,18.07,6.26,288.49,4.67,255.59,Raigad,Alibag/Mangaon,Winter,Coconut
16.85,753.01,590.90,94250.85,46.06,411.92,3.70,0.20,49.66,12.59,7.60,229.89,,252.39,Nashik,Niphad/Yeola,Winter,Wheat
16.67,810.60,681.48,85207.66,44.11,391.51,0.44,2.12,43.77,23.32,6.32,289.98,19.55,204.64,Nashik,Igatpuri (Ghat Zone),Winter,"Maize, Finger Millet"
24.31,,828.80,34962.12,101.01,461.07,2.84,3.39,81.35,21.27,7.31,161.65,8.42,222.24,Nashik,Igatpuri (Ghat Zone),Monsoon,"Maize, Finger Millet"
16.74,963.29,852.25,61694.26,50.25,419.05,0.26,3.05,48.82,15.04,5.81,210.83,27.13,200.53,Nashik,Igatpuri (Ghat Zone),Winter,Vegetables
16.28,931.44,55.91,75956.89,,442.02,3.87,3.76,49.24,13.67,5.36,,9.77,264.76,Raigad,Karjat,Winter,"Cashew, Coconut, Rice"
33.84,984.76,8.82,30543.57,79.38,366.07,3.60,3.98,101.74,31.47,5.67,223.86,15.41,294.50,Raigad,Alibag/Mangaon,,Mango
33.30,966.70,14.83,37027.81,86.43,410.30,0.97,0.30,107.91,31.49,6.23,247.59,10.53,181.31,Raigad,Alibag/Mangaon,Monsoon,"Cotton, Arecanut, Mango"
-7.87,991.96,583.07,,39.14,415.96,2.60,3.33,58.14,18.73,6.97,260.07,,267.68,Nashik,Baglan/Kalwan,Winter,Bajra
10.37,906.74,559.21,60839.67,46.86,393.40,,,,12.27,8.22,169.45,21.10,257.95,Nashik,Niphad/Yeola,Winter,Pomegranate
24.98,954.72,549.52,92924.73,21.30,447.36,0.81,3.33,44.34,20.80,7.14,228.23,21.05,303.06,Nashik,Niphad/Yeola,Summer,"Sugarcane, Wheat"
21.78,827.11,58.94,,47.52,409.20,5.24,0.93,51.78,18.27,5.76,292.36,5.27,219.70,Raigad,Karjat,Winter,Green Gram
,1153.90,60.41,,45.60,,2.53,,47.86,,,,,207.34,Raigad,,Winter,"Rice, Mango, Vari"
26.70,878.68,13.35,67017.36,42.49,,0.83,1.46,39.13,21.38,5.82,-52.18,11.62,249.12,Raigad,Alibag/Mangaon,Winter,Rice
43.21,1034.32,539.11,39902.66,72.24,472.13,2.69,1.96,95.94,39.52,7.66,215.59,41.13,226.18,Nashik,Baglan/Kalwan,Monsoon,Groundnut
15.39,934.21,516.20,,51.12,446.98,5.05,1.76,53.10,13.76,,236.94,64.08,,Nashik,Baglan/Kalwan,Winter,"Bajra, Mango"
42.55,986.86,617.25,25434.09,73.96,433.63,4.09,1.63,88.38,36.89,7.25,270.33,19.79,258.83,Nashik,Niphad/Yeola,Monsoon,"Onion, Grapes, Tomato"
20.25,972.29,15.79,,53.77,415.74,1.20,1.11,34.91,15.27,5.45,304.25,7.69,231.80,,Alibag/Mangaon,Winter,"Coconut, Rice, Mango"
20.91,903.15,559.65,68853.42,62.42,487.93,1.19,2.46,56.59,16.79,7.57,241.24,28.99,262.75,Nashik,Niphad/Yeola,Winter,"Pomegranate, Grapes"
20.02,962.05,539.53,74402.67,45.89,456.38,3.78,2.68,57.02,18.33,8.17,249.46,34.73,269.88,Nashik,Niphad/Yeola,Winter,Onion
19.39,965.88,530.58,67872.59,53.54,401.71,1.81,4.37,57.03,22.70,7.06,215.91,50.08,,Nashik,Baglan/Kalwan,,Groundnut
,943.09,,76599.51,37.74,414.89,2.05,1.33,49.51,12.28,,285.58,18.23,188.47,Nashik,Igatpuri (Ghat Zone),Winter,"Maize, Rice"
11.84,1016.75,619.90,64286.94,59.20,397.95,1.16,2.28,54.10,11.41,7.29,194.68,20.62,254.56,Nashik,Niphad/Yeola,Winter,"Onion, Pomegranate"
42.89,890.98,583.49,44332.80,73.60,459.95,2.24,1.72,83.36,45.37,8.16,253.13,26.16,277.45,Nashik,Niphad/Yeola,Monsoon,Pomegranate
26.12,970.04,50.56,91186.03,40.94,465.82,2.18,4.08,12.42,26.97,4.96,228.90,6.41,230.86,Raigad,Karjat,Summer,"Ragi, Green Gram"
12.98,934.40,824.42,100540.64,50.08,388.41,2.99,2.01,64.18,11.78,5.71,263.85,14.83,158.43,Nashik,Igatpuri (Ghat Zone),Winter,Vegetables
23.99,1038.55,65.39,95167.09,31.87,426.49,2.95,,13.95,23.45,6.78,244.00,7.56,242.59,Raigad,Karjat,Summer,Coconut
20.77,970.59,49.00,84426.19,59.63,398.20,2.86,,41.11,18.56,5.25,260.38,5.66,190.55,Raigad,Karjat,Winter,"Cashew, Coconut"
34.75,1021.06,11.90,16616.29,79.26,426.11,1.02,0.37,91.88,35.18,6.10,299.29,15.05,221.46,Raigad,Alibag/Mangaon,Monsoon,"Banana, Mango"
25.73,840.52,517.71,99220.26,34.96,409.92,1.29,3.88,37.65,23.34,7.66,229.61,26.09,,Nashik,Niphad/Yeola,Summer,"Pomegranate, Tomato, Wheat"
17.32,993.00,812.91,54559.56,60.71,449.10,0.45,1.40,62.39,13.56,6.21,213.71,12.83,165.58,Nashik,Igatpuri (Ghat Zone),Winter,Rice
23.36,924.38,56.92,97414.75,20.50,456.34,2.84,0.65,11.68,22.82,5.00,,4.48,247.71,Raigad,Karjat,Summer,Ragi
12.96,950.10,910.21,91135.24,51.47,430.76,0.97,0.72,51.99,10.39,6.64,220.47,24.45,212.28,,Igatpuri (Ghat Zone),Winter,"Rice, Finger Millet"
14.19,,611.98,84959.64,48.99,401.54,3.55,2.27,65.49,9.71,,,38.61,301.90,Nashik,Baglan/Kalwan,Winter,Grapes
18.41,924.81,508.96,73660.27,62.55,430.94,0.36,2.99,65.83,15.12,6.93,227.55,38.74,245.84,Nashik,Baglan/Kalwan,Winter,"Groundnut, Grapes, Bajra"
,,,,,,,,,,,,,,,,,"Arecanut, Rice, Mango"
40.11,882.71,,85437.02,24.48,411.89,4.42,3.65,18.68,38.14,6.12,244.77,8.28,216.65,,Karjat,Summer,"Green Gram, Coconut, Cashew"
28.01,1000.49,579.15,46696.26,91.97,433.43,2.33,2.21,85.12,26.92,6.56,222.22,33.27,221.18,Nashik,Baglan/Kalwan,Monsoon,"Soybean, Bajra"
32.49,1038.21,61.61,114510.03,22.00,479.05,,1.40,17.74,25.43,6.30,283.00,7.47,209.90,Raigad,Karjat,Summer,"Cashew, Mango"
15.23,,66.19,67783.79,,422.36,,3.56,28.43,12.75,5.23,289.74,9.48,215.82,,Karjat,Winter,"Ragi, Vari"
27.09,1091.98,6.02,108533.00,35.00,377.74,1.19,1.44,22.80,21.01,5.11,317.91,12.25,213.47,Raigad,Alibag/Mangaon,Summer,Arecanut
45.89,,533.83,49930.40,,415.14,3.23,2.95,96.44,42.45,6.76,,25.41,291.52,Nashik,Niphad/Yeola,Monsoon,Grapes
26.66,1127.53,,15367.69,92.09,416.46,2.09,1.64,80.42,,5.70,249.13,5.91,,Raigad,Karjat,Monsoon,Coconut
25.84,1044.00,533.60,116294.08,36.53,381.83,1.91,2.69,53.70,22.32,8.38,200.09,51.09,266.49,Nashik,Baglan/Kalwan,Summer,"Maize, Grapes, Mango"
30.72,953.05,12.73,40628.13,93.10,403.25,,,97.22,25.35,5.83,303.80,10.15,213.95,Raigad,Alibag/Mangaon,Monsoon,"Cashew, Sugarcane"
,940.58,50.70,44668.96,84.78,403.36,0.30,1.74,89.51,32.34,5.19,272.33,,201.44,Raigad,Karjat,Monsoon,"Green Gram, Rice, Coconut"
15.43,999.15,594.73,59510.06,43.83,473.84,3.38,0.53,57.56,11.52,7.13,235.28,47.16,309.80,Nashik,Baglan/Kalwan,Winter,Grapes
40.36,1006.21,51.56,18260.41,90.76,,1.69,2.65,100.78,36.52,,320.66,8.65,,Raigad,Karjat,Monsoon,"Cashew, Mango"
38.92,955.41,642.68,17153.57,75.79,363.88,0.99,2.45,80.57,34.99,6.79,247.02,20.31,247.40,Nashik,Igatpuri (Ghat Zone),Monsoon,Vegetables
19.05,977.92,553.29,64080.89,56.48,408.74,1.81,3.56,54.71,16.54,7.20,221.37,29.65,271.74,Nashik,Niphad/Yeola,Winter,Sugarcane
39.91,949.32,51.28,55732.68,107.98,463.67,2.16,2.70,88.47,37.81,5.44,291.53,7.84,256.22,Raigad,Karjat,,"Ragi, Cashew, Mango"
18.02,855.23,592.54,68430.17,48.50,455.32,1.82,2.08,58.49,14.98,8.41,226.94,22.54,296.79,Nashik,Niphad/Yeola,Winter,Sugarcane
36.04,1012.54,56.89,91538.66,44.60,373.61,1.06,2.00,22.69,33.89,6.19,207.04,12.59,231.82,Raigad,Karjat,Summer,Mango
36.47,1005.64,795.52,33627.87,92.82,423.73,4.76,2.46,82.50,33.20,6.30,,12.33,146.13,Nashik,,Monsoon,"Cotton, Rice"
36.53,994.02,10.33,48667.09,96.24,,0.26,0.52,87.18,29.71,6.37,288.69,10.05,260.15,Raigad,Alibag/Mangaon,Monsoon,Coconut
33.77,1033.67,56.13,,81.00,386.65,4.48,1.26,88.49,,4.68,295.96,10.50,251.52,Raigad,Karjat,Monsoon,Coconut
26.78,1038.90,63.19,28516.84,88.38,426.91,4.29,1.26,85.87,24.20,5.29,210.44,7.30,206.18,Raigad,Karjat,Monsoon,Cashew
35.43,965.46,6.77,21652.33,92.36,421.78,3.56,0.24,88.52,35.54,6.09,306.35,,242.54,Raigad,Alibag/Mangaon,Monsoon,"Cashew, Coconut, Arecanut"
22.97,1185.94,55.47,100181.20,36.51,435.14,,0.50,17.01,21.32,5.70,,10.59,212.23,Raigad,Karjat,Summer,"Ragi, Coconut, Soybean, Vari"
26.42,1080.56,65.48,116541.54,26.91,,1.34,0.47,25.89,24.68,6.38,265.76,6.21,245.57,Raigad,Karjat,Summer,"Green Gram, Vegetables"
23.43,976.21,585.01,84836.29,,434.13,1.13,0.23,46.64,18.94,7.66,195.13,39.26,,Nashik,Baglan/Kalwan,Winter,Groundnut
33.92,1012.40,,40092.33,97.20,447.89,4.88,0.45,84.90,32.23,6.18,244.01,11.92,213.14,Nashik,Igatpuri (Ghat Zone),Monsoon,Maize
25.23,1009.80,595.64,110591.86,29.30,424.10,1.75,1.82,46.77,21.90,,202.50,25.93,228.90,Nashik,Niphad/Yeola,Summer,"Sugarcane, Grapes, Wheat"
15.54,1066.44,583.22,79071.81,53.04,472.30,4.26,3.42,58.96,12.31,7.20,177.82,38.23,,Nashik,Baglan/Kalwan,Winter,"Bajra, Tomato"
14.49,881.56,818.91,64488.73,53.64,412.02,2.65,2.23,,11.31,6.50,279.11,15.79,163.17,Nashik,Igatpuri (Ghat Zone),Winter,Maize
13.60,1066.76,841.05,71029.54,58.46,435.92,2.99,1.26,,13.40,5.98,281.81,21.62,191.05,Nashik,Igatpuri (Ghat Zone),Winter,"Maize, Finger Millet"
,913.05,537.02,76535.41,65.68,447.97,1.90,1.67,50.11,10.73,8.16,,28.80,226.61,Nashik,Baglan/Kalwan,Winter,"Onion, Bajra"
14.02,979.46,539.55,71899.69,56.31,432.04,0.24,1.83,49.77,13.38,8.16,208.13,16.82,274.11,Nashik,Niphad/Yeola,Winter,Wheat
20.96,1071.50,,68065.89,39.19,456.76,4.38,0.84,46.28,15.39,6.20,263.80,6.95,200.98,Raigad,Karjat,Winter,Cashew
37.11,1001.88,943.76,33911.42,,426.13,3.26,1.16,82.54,35.41,6.66,259.54,12.11,145.05,Nashik,Igatpuri (Ghat Zone),Monsoon,Vegetables
18.93,873.73,629.27,416012.56,57.44,405.40,2.06,3.57,70.56,19.70,5.90,213.28,13.20,167.94,Nashik,Igatpuri (Ghat Zone),Winter,"Vegetables, Rice"
16.25,885.40,637.71,68669.56,65.05,424.00,4.35,3.66,61.05,13.17,7.79,190.65,11.48,336.06,Nashik,Niphad/Yeola,Winter,Sugarcane
18.89,1066.69,704.32,101750.32,47.75,412.91,4.78,1.95,54.11,20.92,6.33,222.83,5.69,,Nashik,Igatpuri (Ghat Zone),Summer,"Rice, Finger Millet"
38.50,1130.78,48.39,38929.52,87.51,450.83,4.15,3.38,77.25,38.00,5.43,274.71,5.87,234.75,Raigad,Karjat,Monsoon,"Coconut, Soybean, Rice"
33.95,,68.78,105315.20,32.55,414.21,0.19,1.30,11.08,33.44,6.32,218.97,6.52,207.94,Raigad,Karjat,Summer,"Coconut, Mango"
28.51,851.02,462.24,34368.78,80.09,425.73,0.61,4.07,82.76,25.29,7.41,249.98,51.46,289.81,Nashik,Baglan/Kalwan,Monsoon,"Groundnut, Maize, Mango"
45.59,933.76,600.88,43946.56,77.04,,2.52,3.31,83.99,38.89,7.69,257.45,19.39,291.55,Nashik,Niphad/Yeola,Monsoon,Pomegranate
40.00,881.03,544.00,22204.28,80.72,1419.92,1.95,1.03,93.12,35.84,6.23,209.05,40.36,234.42,Nashik,Baglan/Kalwan,Monsoon,"Groundnut, Bajra"
13.20,914.04,526.65,66642.86,,,0.68,1.30,52.42,11.67,7.17,208.69,24.92,276.77,Nashik,Niphad/Yeola,Winter,Pomegranate
22.00,993.19,50.24,84437.46,44.54,403.98,0.23,1.66,35.86,19.02,6.22,275.89,10.63,197.61,Raigad,Karjat,Winter,"Coconut, Mango, Vari"
13.59,935.91,498.09,57552.47,46.00,432.17,2.52,1.66,47.59,9.13,7.23,215.38,24.37,304.39,Nashik,Niphad/Yeola,Winter,Tomato
38.15,965.98,,45850.03,,375.66,4.86,1.02,85.06,35.44,6.58,266.69,5.60,250.63,Raigad,Alibag/Mangaon,Monsoon,Rice
13.05,1020.92,595.91,89642.97,41.58,480.52,2.14,,,10.15,6.43,207.31,16.09,168.24,Nashik,Igatpuri (Ghat Zone),Winter,Finger Millet
44.99,931.86,545.80,36321.06,79.70,406.90,1.67,1.44,100.59,40.16,6.74,203.13,16.30,258.62,Nashik,Niphad/Yeola,Monsoon,"Sugarcane, Soybean, Wheat"
12.20,1006.60,904.64,78782.95,48.35,388.02,2.03,1.95,52.31,8.63,6.25,277.56,14.10,187.61,Nashik,Igatpuri (Ghat Zone),,"Rice, Finger Millet"
43.28,958.51,702.35,24706.14,108.75,402.30,3.82,4.16,102.59,34.05,6.36,213.09,14.98,223.06,Nashik,Igatpuri (Ghat Zone),Monsoon,"Maize, Rice"
,842.05,931.41,89009.07,39.64,396.84,1.83,1.90,61.35,12.71,6.63,201.62,16.85,202.92,Nashik,Igatpuri (Ghat Zone),Winter,"Vegetables, Maize"
11.03,955.35,561.78,67514.25,42.07,403.87,0.78,0.26,56.40,9.85,7.60,244.70,19.06,268.99,Nashik,Niphad/Yeola,Winter,Pomegranate
28.09,1047.42,615.33,111817.98,32.33,377.24,1.19,3.42,44.31,,6.92,279.25,21.60,271.56,Nashik,Niphad/Yeola,Summer,"Onion, Pomegranate"
28.42,936.12,610.28,96039.76,42.32,386.59,1.62,1.79,49.81,29.45,6.97,270.88,52.31,255.45,,Baglan/Kalwan,Summer,Maize
24.39,991.49,12.46,109940.34,20.96,,3.05,,20.55,25.48,5.96,,10.19,221.02,,Alibag/Mangaon,Summer,"Arecanut, Rice"
28.50,947.56,47.62,41535.23,78.79,,0.70,0.93,87.61,30.74,5.68,281.96,8.23,193.35,Raigad,Karjat,Monsoon,"Cashew, Green Gram, Banana"
15.64,981.95,535.72,73778.34,59.10,428.25,4.26,2.54,,14.22,7.05,154.21,20.65,328.11,Nashik,,Winter,Onion
31.24,947.98,,42910.75,95.53,371.98,1.47,1.17,88.76,35.07,6.32,263.47,10.60,198.73,Nashik,Igatpuri (Ghat Zone),,"Rice, Finger Millet"
17.16,1078.93,12.31,74387.29,49.73,420.60,0.86,0.60,56.56,17.49,6.02,242.58,14.53,243.12,Raigad,Alibag/Mangaon,Winter,"Cashew, Coconut, Mango"
35.78,,63.40,51699.86,94.06,417.42,1.90,3.52,83.43,34.13,5.58,240.54,8.02,259.32,Raigad,Karjat,Monsoon,"Groundnut, Coconut, Vari"
18.51,865.73,555.68,80888.84,51.76,403.92,2.94,1.81,72.73,14.44,7.34,191.59,46.68,226.53,Nashik,Baglan/Kalwan,Winter,Bajra
36.99,902.93,617.46,98465.82,22.76,379.39,1.41,2.85,54.37,29.90,,180.93,53.39,239.23,,Baglan/Kalwan,Summer,Mango
30.43,962.83,10.03,21181.77,95.80,364.27,3.48,1.65,98.68,33.78,5.30,313.46,9.36,237.33,Raigad,Alibag/Mangaon,Monsoon,Mango
36.73,1046.07,14.21,18475.54,88.75,415.50,,2.68,90.81,35.29,6.61,269.75,10.95,257.99,Raigad,Alibag/Mangaon,Monsoon,Banana
30.78,1014.19,744.50,19061.89,97.93,420.98,0.88,0.91,105.90,31.95,6.97,290.04,18.27,138.53,Nashik,Igatpuri (Ghat Zone),Monsoon,Vegetables
43.68,962.84,572.42,37869.17,82.57,,1.41,2.98,89.41,39.88,7.00,,28.53,225.96,Nashik,Niphad/Yeola,Monsoon,Tomato
35.81,1017.01,686.35,40469.50,90.90,390.66,3.14,3.80,,26.83,6.74,278.05,16.55,181.46,Nashik,Igatpuri (Ghat Zone),Monsoon,Finger Millet
21.66,1137.08,12.32,69023.71,66.74,422.30,2.03,1.54,36.48,18.63,6.02,368.22,10.16,238.84,Raigad,Alibag/Mangaon,Winter,"Coconut, Arecanut"
17.19,876.30,47.69,81240.97,49.31,362.81,0.36,2.39,56.73,17.39,5.83,287.79,7.79,222.35,Raigad,Karjat,Winter,"Mango, Vari"
18.30,969.33,686.52,84942.17,52.47,372.42,5.20,1.72,46.18,13.67,6.52,219.06,16.83,205.46,Nashik,Igatpuri (Ghat Zone),,Rice
16.94,965.07,,67116.04,46.73,436.11,4.79,2.58,49.64,13.13,7.43,176.95,23.08,284.30,Nashik,Niphad/Yeola,Winter,Onion
40.08,914.43,539.14,24530.42,81.65,,0.54,3.42,83.20,27.91,6.72,194.67,24.35,287.75,Nashik,Niphad/Yeola,Monsoon,Tomato
33.17,957.04,14.14,28675.86,94.56,384.05,2.38,1.07,,30.11,5.69,343.26,12.90,197.41,,Alibag/Mangaon,Monsoon,Rice
,,,,,441.10,,0.33,,26.88,,259.35,,267.00,Raigad,Alibag/Mangaon,Monsoon,Arecanut
37.72,997.41,55.24,42597.30,94.07,396.02,,3.59,89.68,31.79,5.37,300.16,6.29,253.69,Raigad,Karjat,Monsoon,"Cotton, Rice"
34.74,960.20,656.72,44153.71,88.00,376.49,0.71,0.50,91.45,,6.41,279.34,19.85,228.99,Nashik,Igatpuri (Ghat Zone),Monsoon,"Vegetables, Finger Millet"
,936.56,51.41,30911.13,82.49,411.93,2.91,0.38,80.09,40.32,5.57,286.42,9.09,210.74,,Karjat,Monsoon,Ragi
38.11,1170.23,65.28,37958.28,85.18,372.22,2.70,0.52,81.95,32.22,5.74,290.67,4.83,243.47,Raigad,Karjat,Monsoon,Rice
22.94,950.96,605.15,92007.92,28.04,390.84,4.10,3.80,48.54,22.12,6.91,282.06,30.01,267.82,Nashik,Niphad/Yeola,Summer,"Onion, Pomegranate, Grapes"
14.12,985.88,531.77,63414.13,53.69,442.64,0.36,2.95,62.17,8.98,7.42,182.28,43.16,262.11,Nashik,Baglan/Kalwan,Winter,"Groundnut, Maize, Grapes"
16.81,892.73,648.39,85179.09,,469.06,0.74,4.16,47.28,14.88,7.29,188.62,46.91,248.97,Nashik,Baglan/Kalwan,Winter,Onion
15.43,850.84,63.36,67988.82,51.19,392.74,0.95,0.67,43.52,14.39,6.36,296.60,8.66,256.01,Raigad,Karjat,Winter,Vari
24.12,906.53,13.52,105866.49,34.38,407.80,4.26,3.05,26.85,20.06,6.04,285.88,,211.80,Raigad,Alibag/Mangaon,Summer,"Cashew, Banana"
34.56,896.85,792.23,645542.07,102.92,,0.99,2.59,97.39,33.31,5.70,256.32,20.89,219.65,Nashik,Igatpuri (Ghat Zone),Monsoon,"Rice, Tomato"
17.14,1037.40,589.67,102587.69,41.30,461.15,2.62,4.17,59.43,17.59,8.10,228.48,9.99,231.71,Nashik,Niphad/Yeola,Summer,"Onion, Grapes"
16.13,961.19,,72091.01,36.29,358.66,2.68,3.88,53.50,15.12,6.32,167.15,19.25,226.41,Nashik,Baglan/Kalwan,Winter,Groundnut
34.29,930.22,761.47,20188.58,82.13,402.47,0.48,0.19,83.49,30.61,6.07,226.81,12.04,191.51,Nashik,Igatpuri (Ghat Zone),Monsoon,"Vegetables, Rice, Finger Millet"
24.20,951.97,744.14,68876.82,57.06,446.31,2.25,2.45,65.95,22.45,5.39,200.25,24.37,159.77,Nashik,Igatpuri (Ghat Zone),Winter,"Groundnut, Rice"
39.29,1061.64,7.10,117922.05,42.99,425.25,3.74,1.10,23.40,,5.25,,12.97,190.97,Raigad,Alibag/Mangaon,Summer,"Rice, Mango"
41.54,970.75,795.09,50457.37,97.63,358.29,3.86,2.17,99.53,35.17,6.63,272.76,12.21,201.72,Nashik,Igatpuri (Ghat Zone),Monsoon,"Maize, Finger Millet"
31.24,950.44,574.35,110454.11,18.10,411.56,1.47,2.94,42.81,26.61,6.80,172.83,,285.18,Nashik,Baglan/Kalwan,Summer,Soybean
29.98,1094.76,52.02,21471.13,103.97,,4.22,3.50,89.50,22.50,4.49,276.91,12.25,240.65,Raigad,Karjat,Monsoon,Vari
25.00,949.68,59.27,16553.43,85.80,392.07,3.40,1.68,89.27,19.87,5.55,293.73,,190.71,Raigad,Karjat,Monsoon,Cashew
27.85,952.20,,32585.75,83.55,407.29,2.22,2.24,94.04,21.81,6.00,265.98,14.81,177.09,Nashik,Igatpuri (Ghat Zone),Monsoon,"Rice, Finger Millet"
14.48,892.17,756.47,87298.24,,433.02,3.32,0.47,51.97,11.22,7.16,283.78,53.41,207.74,Nashik,Baglan/Kalwan,Winter,"Soybean, Grapes"
34.66,,599.81,103745.23,21.82,425.84,4.77,1.32,45.03,30.99,7.06,237.91,13.72,275.72,,Niphad/Yeola,Summer,"Grapes, Wheat"
,1047.72,600.72,,39.19,363.55,3.88,0.13,39.64,11.90,,248.24,27.19,299.98,Nashik,Niphad/Yeola,Winter,"Onion, Pomegranate"
22.12,945.33,56.63,71766.19,60.00,430.93,1.33,2.56,48.01,22.57,5.48,229.75,5.39,186.72,Raigad,Karjat,Winter,"Sugarcane, Coconut"
18.13,993.80,8.30,68158.49,42.43,422.03,3.39,3.57,,17.13,5.88,289.69,12.02,,Raigad,Alibag/Mangaon,Winter,"Cashew, Arecanut"
14.56,942.83,608.26,80064.23,41.15,373.95,4.04,2.39,50.13,12.71,7.75,265.51,27.00,284.56,Nashik,Niphad/Yeola,Winter,"Onion, Vegetables"
16.08,974.04,490.72,61737.96,63.53,386.77,3.42,3.54,46.80,14.69,7.85,176.77,49.84,242.23,Nashik,Baglan/Kalwan,Winter,Maize
17.00,1132.33,10.40,60447.71,50.53,441.40,4.07,,53.23,18.37,5.49,291.87,9.29,226.29,Raigad,Alibag/Mangaon,Winter,"Banana, Mango"
34.90,1139.65,60.35,22397.70,96.34,466.01,1.94,2.47,99.12,36.53,5.80,285.76,6.56,234.35,Raigad,Karjat,Monsoon,Ragi
27.43,1036.33,62.03,107789.74,43.44,379.42,1.69,1.89,18.48,27.73,5.26,224.81,10.22,,Raigad,Karjat,Summer,"Coconut, Rice, Vari"
34.35,959.35,801.53,40784.22,100.41,399.69,0.36,1.00,100.52,33.47,6.15,232.49,12.81,247.17,Nashik,Igatpuri (Ghat Zone),Monsoon,Vegetables
13.17,904.33,610.61,90779.35,43.73,399.66,0.62,,45.09,9.19,8.54,236.75,24.81,269.04,Nashik,Niphad/Yeola,Winter,Wheat
37.80,980.28,11.24,93070.16,32.97,404.65,1.58,0.17,10.55,33.10,6.66,254.82,7.04,256.10,Raigad,Alibag/Mangaon,,"Arecanut, Rice"
38.95,984.61,615.43,96894.83,36.52,433.36,,1.41,45.12,36.47,7.86,260.44,25.39,308.76,Nashik,Niphad/Yeola,Summer,Grapes
45.77,906.88,549.66,45321.29,87.15,382.57,4.92,1.63,90.85,39.50,6.74,269.02,28.45,271.58,Nashik,Niphad/Yeola,Monsoon,"Sugarcane, Tomato, Wheat"
26.99,869.83,565.85,101058.15,25.42,399.38,1.99,1.12,53.45,23.37,8.57,239.52,30.47,280.38,Nashik,,Summer,Sugarcane
40.50,956.00,552.57,23616.31,69.45,,1.88,0.18,96.61,40.24,6.55,190.57,51.24,254.85,Nashik,Baglan/Kalwan,Monsoon,"Groundnut, Mango"
16.73,916.15,547.41,65682.70,66.42,387.61,0.44,0.12,63.68,12.20,8.45,262.64,22.94,217.47,Nashik,Niphad/Yeola,Winter,"Sugarcane, Wheat"
35.12,1072.98,50.35,35567.91,89.64,374.25,4.07,2.09,93.76,36.43,5.83,245.81,7.71,248.10,Raigad,Karjat,Monsoon,"Cashew, Ragi"
35.92,,777.49,16650.17,94.69,403.09,0.98,2.69,88.71,35.13,7.23,213.20,17.71,222.95,Nashik,Igatpuri (Ghat Zone),Monsoon,Maize
18.42,960.33,62.54,70270.80,40.01,419.89,4.25,3.57,32.03,15.26,4.97,269.84,,231.12,Raigad,Karjat,Winter,"Coconut, Vari"
41.82,777.01,558.43,36978.79,88.86,387.79,,1.67,,32.41,7.82,245.79,37.05,302.72,Nashik,Niphad/Yeola,Monsoon,Sugarcane
37.40,1005.07,843.38,33229.51,87.29,405.64,4.70,3.75,87.54,35.01,7.67,245.61,20.82,198.64,Nashik,Igatpuri (Ghat Zone),Monsoon,Finger Millet
41.00,964.46,524.83,24391.36,79.50,406.44,4.20,1.69,98.88,35.28,7.33,169.24,33.98,246.67,Nashik,Baglan/Kalwan,Monsoon,"Onion, Grapes"
13.36,995.15,463.20,89979.08,46.90,404.27,4.14,1.37,70.86,12.05,7.82,222.02,28.10,315.15,Nashik,Niphad/Yeola,Winter,"Sugarcane, Pomegranate"
16.62,,58.17,,,,2.65,,38.20,15.45,,,,224.51,Raigad,,,Coconut
38.17,856.17,615.43,42173.29,80.36,407.08,4.67,0.33,91.39,40.57,6.95,221.78,54.26,254.65,Nashik,Baglan/Kalwan,Monsoon,Mango
19.19,895.11,8.81,76862.20,47.80,438.38,0.99,3.46,32.62,14.52,,308.20,9.84,270.44,Raigad,Alibag/Mangaon,Winter,Coconut
11.23,1083.08,674.12,79981.59,64.00,411.92,1.97,2.18,52.58,10.45,6.39,,16.48,183.10,Nashik,Igatpuri (Ghat Zone),Winter,"Vegetables, Rice, Maize"
37.31,1033.95,66.03,122270.35,19.59,416.78,,1.05,15.01,32.46,5.30,292.41,7.64,218.73,Raigad,Karjat,Summer,"Green Gram, Coconut"
41.49,1025.87,594.36,48612.17,80.35,420.91,4.19,0.17,89.51,42.37,6.88,216.33,,300.47,Nashik,Niphad/Yeola,Monsoon,"Sugarcane, Tomato"
20.70,1098.06,53.44,101968.57,48.28,406.55,1.45,1.18,39.89,15.29,5.92,273.14,7.37,204.89,Raigad,Karjat,Winter,"Ragi, Coconut, Sugarcane, Mango"
38.56,851.27,590.21,19601.36,76.13,394.14,3.58,0.58,82.66,36.14,7.36,276.55,,228.05,Nashik,Niphad/Yeola,Monsoon,"Grapes, Tomato"
25.21,905.39,16.07,34329.42,86.64,453.35,3.12,2.00,,23.40,6.50,261.56,13.45,223.19,,Alibag/Mangaon,Monsoon,Arecanut
41.19,985.90,433.05,47461.56,80.03,447.97,1.06,0.88,79.14,36.50,7.57,261.77,47.41,241.99,Nashik,Baglan/Kalwan,Monsoon,"Groundnut, Soybean, Bajra"
17.09,930.10,59.19,74544.89,66.98,408.29,3.64,0.79,53.77,16.52,6.07,205.87,6.51,236.46,Raigad,Karjat,Winter,"Ragi, Coconut, Vegetables"
36.33,879.09,591.55,18156.13,78.48,406.08,3.06,3.67,,37.49,6.70,253.87,14.63,192.93,Nashik,Igatpuri (Ghat Zone),Monsoon,Rice
37.56,1000.77,586.38,115064.27,32.07,,2.94,2.97,42.70,40.28,7.78,246.04,21.50,294.22,Nashik,Niphad/Yeola,,"Sugarcane, Onion, Wheat"
34.95,980.94,707.94,95801.08,21.62,396.59,0.99,0.82,74.59,34.21,5.67,,11.51,170.09,Nashik,Igatpuri (Ghat Zone),Summer,Vegetables
21.49,887.08,9.54,86931.30,27.61,411.38,0.57,1.14,24.33,,6.62,274.66,7.37,208.10,,Alibag/Mangaon,Summer,"Coconut, Rice"
31.30,962.76,480.29,102051.89,35.83,482.45,2.85,3.88,43.21,24.45,7.68,206.04,36.30,238.96,Nashik,Baglan/Kalwan,Summer,"Soybean, Grapes, Wheat"
12.82,962.29,587.51,82115.39,41.94,390.43,2.89,1.34,43.20,9.25,7.60,223.70,,250.77,Nashik,Niphad/Yeola,Winter,Pomegranate
26.80,1105.85,61.87,81279.60,55.07,383.29,3.78,3.55,46.29,24.14,5.11,276.68,9.24,237.49,,Karjat,Winter,"Cashew, Tomato"
25.89,1011.30,619.99,112226.62,28.29,433.67,1.70,3.81,42.47,22.04,,241.72,,297.14,Nashik,Niphad/Yeola,Summer,"Onion, Wheat"
28.45,1006.00,,37808.55,83.53,383.50,0.53,2.79,93.69,27.20,8.09,215.11,30.86,271.28,Nashik,Niphad/Yeola,Monsoon,"Onion, Grapes"
24.44,1085.21,13.59,89861.12,25.98,448.69,0.50,2.44,,23.51,6.17,,6.97,250.57,Raigad,Alibag/Mangaon,Summer,"Coconut, Rice, Mango"
23.50,911.15,659.65,82562.49,40.75,379.30,0.67,,43.62,21.71,7.47,211.27,30.93,,Nashik,Niphad/Yeola,Winter,Tomato
36.77,971.33,550.92,44169.95,,420.52,3.66,0.39,97.71,34.54,6.48,206.53,25.11,310.87,Nashik,Niphad/Yeola,Monsoon,Tomato
20.84,1058.70,5.73,81811.62,,,1.32,3.62,46.81,17.62,6.19,277.29,4.38,257.18,Raigad,Alibag/Mangaon,Winter,"Banana, Rice"
39.69,,614.29,18309.40,88.66,407.78,0.98,1.51,92.92,42.10,7.04,266.32,27.49,277.26,,Niphad/Yeola,Monsoon,"Sugarcane, Tomato, Wheat"
,985.28,491.92,53352.80,70.54,448.79,0.95,3.02,48.73,21.48,6.01,276.72,40.08,251.47,Nashik,Baglan/Kalwan,Winter,"Onion, Maize"
13.36,1072.15,577.31,64454.38,58.85,416.35,2.80,1.46,41.62,12.35,8.00,253.93,21.54,348.27,Nashik,Niphad/Yeola,Winter,Grapes
34.59,907.54,573.83,47885.29,77.05,431.29,1.90,2.08,101.56,29.93,6.83,193.22,,,Nashik,Baglan/Kalwan,Monsoon,"Sugarcane, Soybean, Mango"
,1014.08,13.78,82274.28,64.09,414.25,0.32,0.21,34.71,21.27,5.38,239.63,14.71,220.40,Raigad,Alibag/Mangaon,Winter,Banana
27.50,845.06,903.87,90956.38,34.19,445.65,0.82,1.66,56.48,24.29,6.38,247.07,17.29,184.74,Nashik,Igatpuri (Ghat Zone),Summer,"Cotton, Finger Millet"
14.71,971.24,703.33,79399.86,59.11,441.19,2.73,1.29,64.88,12.20,,317.32,17.64,206.83,Nashik,,Winter,"Soybean, Rice"
26.53,929.06,513.44,128457.54,41.38,434.45,4.52,2.73,53.41,26.94,6.91,220.57,28.18,231.53,Nashik,,Summer,"Onion, Pomegranate, Wheat"
28.40,926.14,622.17,45626.46,83.33,403.07,2.58,2.46,91.00,,7.39,218.14,31.92,261.01,Nashik,Niphad/Yeola,Monsoon,"Pomegranate, Grapes"
31.50,942.02,516.13,92427.99,46.66,399.28,2.78,2.90,60.16,26.49,8.74,196.34,32.13,269.08,Nashik,Niphad/Yeola,Summer,Wheat
32.53,1080.73,857.02,,33.71,415.69,2.23,,49.79,30.96,7.04,317.08,17.71,216.70,Nashik,Igatpuri (Ghat Zone),Summer,Finger Millet
16.28,1019.84,554.12,63135.17,56.83,,4.25,1.70,45.81,14.56,7.07,222.71,29.96,250.57,Nashik,Niphad/Yeola,Winter,"Onion, Grapes, Tomato"
17.22,953.27,678.69,67306.65,42.23,429.73,1.80,2.91,53.63,18.07,5.60,228.17,23.56,180.55,Nashik,Igatpuri (Ghat Zone),Winter,Finger Millet
19.95,1062.13,8.83,75541.89,50.11,421.43,0.66,1.71,44.44,17.18,5.72,298.22,9.06,235.66,Raigad,Alibag/Mangaon,Winter,Cashew
38.12,957.46,875.60,28451.62,,427.14,0.96,3.23,86.72,34.99,5.77,289.01,18.12,202.20,Nashik,Igatpuri (Ghat Zone),Monsoon,Rice
,984.54,63.52,81504.01,43.10,448.42,3.68,1.75,42.43,16.71,5.51,329.40,7.55,219.76,Raigad,Karjat,Winter,"Coconut, Rice"
33.04,971.63,700.65,102792.11,40.08,,,0.90,,28.66,6.90,196.80,18.52,241.60,Nashik,Igatpuri (Ghat Zone),Summer,"Maize, Finger Millet"
16.84,915.83,,64115.41,68.09,418.55,4.36,2.03,59.30,,6.75,220.33,52.55,234.26,Nashik,Baglan/Kalwan,Winter,Soybean
30.63,968.83,57.87,43463.22,95.51,352.24,0.82,3.98,80.60,28.65,5.94,285.43,,293.15,Raigad,Karjat,Monsoon,"Cashew, Coconut, Vari"
34.70,915.68,604.84,,73.48,470.09,2.03,3.49,90.17,28.39,8.13,185.37,25.23,256.18,,Niphad/Yeola,Monsoon,"Onion, Sugarcane"
35.05,834.94,561.26,15951.45,80.15,444.30,1.68,3.76,88.12,34.72,7.34,212.71,33.26,274.04,Nashik,Niphad/Yeola,Monsoon,"Onion, Grapes, Wheat"
39.59,1028.80,481.01,23399.85,89.40,443.82,3.30,2.88,98.42,33.36,8.07,187.47,42.74,266.17,Nashik,Baglan/Kalwan,Monsoon,"Groundnut, Grapes"
32.82,1076.18,8.79,36691.74,88.58,471.14,4.47,0.25,86.39,34.25,5.65,370.44,8.81,,Raigad,Alibag/Mangaon,Monsoon,"Cashew, Coconut, Arecanut"
39.06,841.50,571.00,31916.71,89.81,430.40,3.61,2.42,96.47,40.22,7.06,216.93,34.61,263.24,Nashik,Niphad/Yeola,Monsoon,"Sugarcane, Onion"
22.87,944.98,803.70,89281.42,61.66,381.99,1.13,0.20,50.02,19.01,7.12,276.05,17.18,150.93,Nashik,Igatpuri (Ghat Zone),Winter,Rice
32.44,944.13,516.85,101205.21,24.76,425.96,3.47,3.30,58.77,33.16,7.48,228.42,25.44,219.41,Nashik,Niphad/Yeola,Summer,Sugarcane
,968.65,63.24,95575.27,25.32,372.27,2.10,2.25,28.22,31.27,5.94,308.72,4.04,219.57,Raigad,Karjat,Summer,"Ragi, Mango"
21.24,853.57,8.30,,52.86,,4.93,2.98,38.64,18.73,5.90,311.54,,208.52,Raigad,Alibag/Mangaon,,"Arecanut, Rice"
15.15,951.76,547.21,83846.68,52.24,416.44,3.97,1.13,66.74,13.74,6.26,192.06,48.54,285.39,Nashik,Baglan/Kalwan,Winter,"Maize, Soybean, Grapes"
21.84,929.44,588.93,90518.01,46.87,432.81,1.77,2.89,60.71,,7.42,,18.35,255.19,Nashik,Niphad/Yeola,Winter,"Onion, Pomegranate, Wheat"
29.50,1151.12,11.16,40288.88,92.14,396.95,3.75,3.09,96.02,24.33,6.38,263.86,11.43,198.88,Raigad,Alibag/Mangaon,Monsoon,"Cashew, Banana, Mango"
29.81,1065.20,556.86,19273.07,77.21,390.46,3.45,0.39,83.60,28.57,8.41,248.96,22.08,341.29,Nashik,Niphad/Yeola,Monsoon,"Sugarcane, Grapes, Wheat"
,934.49,760.62,31020.90,80.27,383.43,1.16,1.46,78.71,30.01,7.30,217.42,19.85,116.93,Nashik,Igatpuri (Ghat Zone),,Finger Millet
21.38,954.37,12.98,73616.90,47.23,427.00,1.17,0.33,49.96,21.56,5.70,292.33,10.42,222.65,Raigad,Alibag/Mangaon,Winter,"Arecanut, Rice"
34.73,973.13,53.60,95254.93,25.30,438.02,1.11,1.60,26.86,32.69,5.94,299.76,9.74,210.48,Raigad,Karjat,,Mango
,842.86,714.94,82297.84,70.30,413.35,0.71,2.34,56.61,11.07,7.22,314.20,7.95,156.15,Nashik,Igatpuri (Ghat Zone),Winter,Vegetables
27.34,1006.14,542.84,80071.38,54.48,395.82,2.37,2.56,56.42,25.17,7.83,222.47,20.15,274.30,Nashik,Niphad/Yeola,Winter,"Grapes, Wheat"
20.17,861.39,599.86,94477.02,28.62,448.23,2.89,0.82,46.11,22.11,7.07,245.84,46.81,199.04,Nashik,Baglan/Kalwan,Summer,"Groundnut, Soybean, Bajra"
40.61,1072.12,508.08,52832.67,77.72,406.38,3.94,1.10,92.41,37.06,6.96,219.64,46.52,248.13,Nashik,Baglan/Kalwan,Monsoon,"Onion, Grapes"
,1110.11,46.49,80773.94,48.80,386.62,4.16,0.96,44.42,19.43,5.66,318.15,8.18,213.53,,Karjat,Winter,Cashew
35.64,1074.74,9.84,44256.46,84.38,409.12,2.48,3.96,81.46,32.19,6.40,264.96,12.06,229.36,Raigad,Alibag/Mangaon,Monsoon,"Cashew, Cotton, Arecanut, Rice"
34.24,1094.40,810.70,17296.46,85.36,388.20,1.17,3.63,84.05,29.67,6.56,245.37,9.88,170.71,Nashik,Igatpuri (Ghat Zone),Monsoon,Maize
13.71,1003.13,824.66,,43.19,426.29,3.52,0.61,54.36,9.66,6.58,258.59,17.91,221.00,Nashik,Igatpuri (Ghat Zone),,Rice
21.31,1020.10,7.92,69879.13,45.41,390.48,0.16,0.11,48.15,,6.05,226.80,11.83,,Raigad,Alibag/Mangaon,Winter,Mango
43.88,1004.81,594.27,32519.21,,432.29,1.06,2.96,88.02,39.41,7.96,252.40,28.41,230.10,Nashik,Niphad/Yeola,Monsoon,Tomato
23.88,1026.85,531.18,104644.52,34.02,430.99,4.33,,48.36,19.72,7.54,250.67,29.93,190.05,Nashik,Niphad/Yeola,Summer,"Onion, Cotton"
13.60,,654.46,66568.21,58.08,424.92,5.14,1.21,52.19,,6.53,217.57,6.79,153.67,Nashik,Igatpuri (Ghat Zone),Winter,"Vegetables, Rice"
,,,,,427.87,,,88.40,,,372.19,,,Raigad,,,Mango
29.99,884.98,816.33,21673.64,,407.44,4.22,1.65,93.71,26.12,6.47,262.84,23.01,133.06,Nashik,Igatpuri (Ghat Zone),Monsoon,Finger Millet
24.55,955.79,785.01,48958.60,110.67,387.67,0.13,0.48,85.61,22.33,5.59,295.25,6.62,154.50,Nashik,Igatpuri (Ghat Zone),,Finger Millet
16.33,925.44,550.35,82197.41,42.53,409.12,5.53,1.41,,14.46,7.46,224.00,17.21,306.11,Nashik,Niphad/Yeola,Winter,Pomegranate
30.82,930.53,12.92,51275.92,95.77,385.71,4.32,2.85,82.26,35.07,6.17,209.94,11.40,231.61,Raigad,Alibag/Mangaon,Monsoon,Cashew
17.81,896.32,566.16,92329.95,,446.47,2.76,2.68,57.46,16.06,7.20,197.83,22.67,306.29,Nashik,Niphad/Yeola,Winter,Pomegranate
26.98,918.07,744.05,29587.47,,433.38,0.40,3.49,101.52,24.48,7.33,278.28,14.98,139.67,Nashik,Igatpuri (Ghat Zone),,"Vegetables, Tomato"
14.14,917.33,529.11,61006.32,59.93,460.07,3.14,1.66,,9.82,7.50,242.96,32.29,257.50,Nashik,Baglan/Kalwan,Winter,Bajra
,913.70,561.71,79169.74,44.00,443.84,,2.95,63.99,8.28,7.89,222.68,25.99,324.81,Nashik,Niphad/Yeola,Winter,"Cotton, Grapes"
34.44,931.09,852.35,18569.12,96.39,437.54,1.28,0.16,76.74,35.00,7.16,247.72,,214.70,Nashik,Igatpuri (Ghat Zone),Monsoon,Rice
34.61,889.05,682.42,,116.37,462.61,3.49,1.27,90.55,25.34,5.97,,9.84,218.23,Nashik,Igatpuri (Ghat Zone),Monsoon,"Maize, Vegetables"
,935.29,745.15,88339.43,51.87,414.82,0.33,3.22,42.10,16.70,,276.09,16.20,130.88,Nashik,Igatpuri (Ghat Zone),Winter,Finger Millet
21.28,,50.12,62034.53,57.66,376.61,1.09,3.52,44.15,18.50,5.50,,5.29,233.85,Raigad,Karjat,Winter,"Ragi, Cashew, Mango"
,908.71,556.22,,,,1.78,,,32.33,,,19.69,186.07,Nashik,,Monsoon,Finger Millet
18.61,979.77,9.00,72409.44,66.84,428.62,1.61,2.16,39.39,15.00,5.20,266.57,9.80,233.91,Raigad,Alibag/Mangaon,Winter,"Cashew, Rice"
17.02,951.94,16.38,67193.44,43.67,392.34,1.18,1.80,40.51,16.13,5.35,274.78,15.12,222.50,Raigad,Alibag/Mangaon,Winter,"Arecanut, Mango"
21.75,1007.93,501.79,93012.62,24.81,407.71,2.03,0.16,57.12,22.10,6.59,192.76,51.55,246.74,Nashik,,Summer,"Soybean, Grapes"
29.48,1029.00,4.91,61904.65,96.56,386.51,3.26,2.21,,35.86,5.62,325.04,9.14,162.79,Raigad,Alibag/Mangaon,Monsoon,"Cashew, Banana, Mango"
16.16,1061.46,62.81,76392.91,63.63,450.08,0.47,,30.70,13.16,5.59,288.20,9.19,217.33,Raigad,Karjat,Winter,"Ragi, Cashew"
24.48,942.94,6.94,64463.89,54.22,421.73,3.69,2.35,37.05,21.12,6.43,298.79,12.43,213.98,,Alibag/Mangaon,Winter,"Arecanut, Mango"
36.20,1015.47,631.54,30557.78,114.48,436.62,2.16,1.72,84.53,31.61,6.40,181.79,16.82,,Nashik,Igatpuri (Ghat Zone),Monsoon,"Maize, Rice"
25.30,881.53,523.45,25384.81,88.38,452.63,2.03,0.70,99.41,22.10,7.68,275.90,,241.60,Nashik,Baglan/Kalwan,,Bajra
37.81,920.62,809.01,53591.18,89.57,410.25,0.99,3.81,89.50,34.59,6.88,241.62,9.29,224.23,Nashik,Igatpuri (Ghat Zone),Monsoon,"Maize, Vegetables"
31.18,921.31,534.71,105354.02,36.68,,1.45,,60.50,27.52,8.27,213.23,38.08,257.02,Nashik,Baglan/Kalwan,,"Maize, Bajra, Tomato"
33.74,1077.55,6.81,46048.62,88.87,449.51,0.56,,91.05,35.14,6.32,252.58,9.09,202.87,Raigad,Alibag/Mangaon,Monsoon,Arecanut
18.63,986.28,9.06,75568.90,46.21,451.42,3.72,3.23,50.00,16.41,5.95,325.51,13.54,,Raigad,Alibag/Mangaon,Winter,Banana
,884.24,611.57,22557.35,89.72,389.10,4.95,3.68,96.83,,7.38,266.47,47.79,300.43,Nashik,Baglan/Kalwan,Monsoon,Grapes
22.35,994.04,577.69,81502.00,50.09,401.16,4.81,4.04,50.69,21.87,7.22,175.60,23.81,284.05,Nashik,Niphad/Yeola,Winter,Wheat
41.15,1046.95,628.36,86673.33,40.65,405.46,4.34,3.42,52.13,36.55,7.91,254.48,9.94,,Nashik,Niphad/Yeola,Summer,Grapes
12.45,921.10,797.19,78864.02,,417.45,3.06,1.40,44.79,10.00,6.81,255.81,12.83,150.95,Nashik,Igatpuri (Ghat Zone),Winter,Vegetables
35.98,996.71,469.27,15508.71,85.96,386.63,4.01,3.22,96.19,36.96,7.18,202.38,41.76,223.24,,Baglan/Kalwan,Monsoon,"Groundnut, Maize"
13.42,977.32,547.40,,51.59,412.62,,0.15,43.19,10.27,6.87,260.05,24.61,206.52,Nashik,Niphad/Yeola,Winter,"Vegetables, Pomegranate, Grapes, Wheat"
30.17,,634.13,45537.06,69.44,441.81,3.80,0.90,88.75,35.44,7.45,237.66,,239.68,Nashik,,Monsoon,"Onion, Pomegranate, Wheat"
12.72,1046.37,627.99,64563.65,52.09,450.81,5.23,2.66,47.25,9.61,6.77,193.61,15.79,166.59,Nashik,Igatpuri (Ghat Zone),Winter,"Maize, Rice, Vegetables"
18.79,1012.25,599.13,82355.75,46.75,416.42,4.14,2.45,52.97,17.18,5.89,291.07,16.61,196.34,Nashik,Igatpuri (Ghat Zone),Winter,Finger Millet
17.72,1056.61,10.42,63093.99,57.12,416.29,0.54,1.31,39.68,18.71,5.65,271.19,10.16,213.10,Raigad,Alibag/Mangaon,Winter,"Cashew, Banana, Groundnut"
21.57,1032.16,12.24,56801.03,42.64,354.32,1.39,,50.57,16.32,5.05,243.80,11.52,205.36,Raigad,Alibag/Mangaon,Winter,"Arecanut, Rice, Mango"
18.98,974.46,459.06,66215.75,58.43,488.21,4.56,0.81,39.70,16.97,7.07,178.84,36.94,212.50,Nashik,Baglan/Kalwan,Winter,Soybean
17.60,1000.98,5.52,88764.49,42.16,428.34,3.38,2.12,33.35,13.56,5.74,,11.68,250.95,Raigad,Alibag/Mangaon,Winter,"Cashew, Coconut"
16.75,976.58,605.53,62721.11,57.85,463.93,3.26,1.64,57.98,,7.06,223.55,32.72,197.36,Nashik,Baglan/Kalwan,Winter,Grapes
13.18,957.44,573.54,68472.17,39.63,400.07,5.08,1.43,50.47,13.62,7.57,296.83,42.40,260.40,Nashik,Baglan/Kalwan,Winter,Maize
45.36,960.10,,49361.15,75.60,413.39,4.30,0.73,77.38,37.21,7.76,278.07,20.40,259.80,Nashik,Niphad/Yeola,,"Groundnut, Pomegranate, Grapes, Tomato"
13.32,884.97,722.24,71956.28,71.03,434.16,2.99,2.54,49.26,11.14,6.23,316.26,26.94,213.50,Nashik,Igatpuri (Ghat Zone),Winter,Finger Millet
32.65,892.43,564.51,89142.37,32.03,,1.14,,51.68,26.81,6.78,237.82,45.83,235.36,,Baglan/Kalwan,Summer,"Onion, Grapes"
30.37,1056.66,538.86,106923.82,31.82,405.32,2.30,2.86,48.46,27.17,6.64,212.98,37.46,230.69,Nashik,Baglan/Kalwan,Summer,"Soybean, Bajra"
17.17,1002.71,63.14,58071.04,60.32,664.86,2.49,,39.34,13.72,5.96,306.71,4.78,212.84,Raigad,Karjat,Winter,Vari
39.83,957.80,595.12,93524.83,34.65,404.52,1.15,,60.52,36.38,6.39,300.25,24.57,319.19,Nashik,Niphad/Yeola,,Sugarcane
23.34,993.19,632.23,15468.19,95.91,424.25,3.28,3.88,,21.74,6.48,235.92,12.12,205.63,,Igatpuri (Ghat Zone),Monsoon,Vegetables
,1042.26,10.93,53157.09,86.84,466.10,3.92,1.68,95.90,25.81,5.13,293.19,11.13,228.82,Raigad,Alibag/Mangaon,Monsoon,"Coconut, Arecanut, Mango"
40.29,996.76,54.05,35903.64,104.86,374.48,2.14,,,33.14,5.20,256.16,9.98,201.02,Raigad,Karjat,Monsoon,"Ragi, Coconut"
16.01,990.56,616.21,70777.85,48.60,443.30,3.99,2.78,45.21,12.80,7.50,187.60,46.79,262.59,Nashik,Baglan/Kalwan,Winter,Bajra
18.72,1003.66,9.98,78023.24,48.81,393.96,2.16,0.40,46.21,12.93,5.48,292.70,5.31,276.64,Raigad,Alibag/Mangaon,Winter,"Banana, Arecanut"
23.93,1017.82,612.65,60942.66,46.97,402.68,2.89,1.61,62.34,16.87,7.25,268.74,31.75,326.92,Nashik,Niphad/Yeola,Winter,"Onion, Wheat"
21.37,955.11,8.73,70849.50,40.86,390.19,3.02,2.50,,19.31,5.75,291.38,8.99,232.36,Raigad,Alibag/Mangaon,Winter,"Banana, Mango"
28.93,947.11,501.00,18046.76,82.08,368.98,3.51,2.87,79.63,27.42,7.09,213.98,35.78,224.78,Nashik,,,Bajra
39.48,1033.28,62.23,37227.61,86.15,396.90,,,97.03,31.53,5.46,221.46,8.17,216.20,Raigad,Karjat,Monsoon,Coconut
,,,,,,,,,,,,,,,,,Ragi
41.83,936.51,587.86,21281.68,,,0.34,0.86,77.37,40.38,7.45,191.04,44.43,241.94,,,Monsoon,Maize
38.12,960.99,51.76,,23.62,382.99,0.39,3.50,30.00,34.73,5.96,270.43,6.54,251.23,Raigad,Karjat,Summer,Mango
32.88,1108.81,7.59,15938.95,79.42,430.22,2.02,2.73,,31.40,5.24,240.48,13.52,224.69,Raigad,Alibag/Mangaon,Monsoon,Arecanut
41.54,1011.75,551.41,38720.70,81.64,406.03,3.57,1.33,,35.81,6.80,337.81,21.73,240.41,,Niphad/Yeola,Monsoon,Tomato
13.08,904.68,617.89,74463.62,55.21,451.16,4.29,2.57,51.11,8.17,6.35,319.49,13.89,129.34,,Igatpuri (Ghat Zone),Winter,"Maize, Vegetables"
12.05,924.15,561.31,,50.13,423.32,1.79,2.87,53.08,8.71,7.14,211.02,25.30,280.72,Nashik,,Winter,Onion
17.58,1024.96,51.75,63540.96,67.13,464.48,2.65,0.76,36.26,12.60,5.78,213.04,8.91,229.01,Raigad,Karjat,Winter,"Rice, Mango"
27.72,884.37,529.25,95747.87,32.53,447.17,1.45,1.24,60.14,22.95,7.58,243.09,27.01,218.95,,Niphad/Yeola,Summer,Sugarcane
12.22,838.21,764.99,78272.94,43.03,415.93,2.45,3.67,45.38,9.42,6.04,217.45,15.67,144.30,Nashik,,Winter,"Maize, Wheat"
41.68,986.08,517.49,41085.24,80.38,426.73,,1.21,85.20,39.71,,229.91,22.99,344.76,Nashik,Niphad/Yeola,Monsoon,"Onion, Tomato, Wheat"
34.15,1065.15,10.87,34600.82,95.28,384.84,1.62,3.20,88.33,31.74,,329.59,12.94,184.06,Raigad,Alibag/Mangaon,Monsoon,Coconut
17.43,915.90,528.58,64576.18,58.38,419.45,3.85,,54.93,15.16,7.94,195.03,39.30,238.86,Nashik,Baglan/Kalwan,Winter,"Grapes, Bajra, Mango"
25.91,,552.92,68193.60,43.04,434.10,,2.43,,,7.25,236.26,45.27,221.75,Nashik,Baglan/Kalwan,Winter,"Groundnut, Soybean"
32.39,940.35,185.42,,39.23,452.75,0.17,3.11,23.35,28.09,5.77,237.18,6.53,301.66,,Alibag/Mangaon,Summer,Banana
25.20,1014.29,58.70,39898.74,85.15,382.33,2.29,2.94,93.55,20.51,5.25,250.51,10.31,204.70,Raigad,Karjat,Monsoon,Mango
11.68,,742.81,81457.36,61.27,361.00,2.32,1.90,55.33,7.45,6.43,254.29,10.42,189.05,Nashik,Igatpuri (Ghat Zone),Winter,Maize
26.23,1146.19,69.77,68618.40,37.24,382.24,4.57,0.89,48.34,22.13,6.02,,6.81,218.06,Raigad,Karjat,Winter,"Cashew, Green Gram, Groundnut, Rice"
21.11,1048.51,630.84,64452.50,43.90,425.17,0.99,3.19,51.33,17.97,5.97,170.24,12.44,175.17,Nashik,Igatpuri (Ghat Zone),,"Vegetables, Rice, Finger Millet"
,893.22,498.63,39650.28,92.16,392.21,4.33,1.81,106.02,,7.06,258.52,11.06,146.91,Nashik,Igatpuri (Ghat Zone),Monsoon,"Maize, Rice"
26.48,952.68,5.88,75004.05,57.20,423.58,3.91,2.68,34.20,19.93,5.85,268.70,8.85,243.18,Raigad,Alibag/Mangaon,Winter,"Banana, Rice, Mango"
33.76,1049.51,51.81,27508.78,93.94,,1.98,0.39,86.66,29.15,5.72,270.51,7.82,247.09,Raigad,Karjat,Monsoon,Ragi
-15.19,984.97,862.65,38744.50,88.69,429.80,0.71,,102.71,25.36,,230.89,14.67,,Nashik,Igatpuri (Ghat Zone),Monsoon,"Vegetables, Banana"
12.78,897.15,641.32,84173.64,47.63,392.59,4.36,2.91,50.50,9.69,7.31,236.62,36.46,267.44,Nashik,Niphad/Yeola,Winter,"Sugarcane, Pomegranate, Grapes"
22.92,974.81,13.82,80885.03,50.00,427.71,3.84,0.25,46.94,23.46,6.35,265.12,8.74,324.61,Raigad,Alibag/Mangaon,Winter,"Banana, Rice"
42.41,,536.12,28891.71,81.92,417.76,4.44,3.17,95.30,37.45,6.53,215.81,46.98,281.78,Nashik,Baglan/Kalwan,Monsoon,Soybean
24.44,928.93,,101939.58,55.09,434.37,0.94,0.48,44.64,25.05,5.24,,6.67,256.19,Raigad,Karjat,Winter,Rice
35.11,1096.11,57.69,24900.80,87.14,469.08,2.34,2.45,93.64,27.01,5.05,257.25,11.76,224.57,Raigad,Karjat,Monsoon,"Rice, Vari"
29.26,934.31,549.22,123181.07,35.47,475.79,1.92,2.31,52.14,25.67,6.88,239.35,36.32,274.35,Nashik,Baglan/Kalwan,Summer,"Groundnut, Maize"
39.43,961.73,,19500.63,84.20,371.03,5.51,1.60,81.49,41.72,7.29,172.76,41.27,261.21,Nashik,Baglan/Kalwan,Monsoon,"Groundnut, Grapes"
44.61,860.31,,17407.07,94.41,427.58,1.48,1.68,,39.86,6.60,226.68,38.41,296.18,Nashik,Baglan/Kalwan,Monsoon,"Onion, Soybean"
17.85,892.13,700.38,112367.69,27.71,408.24,4.62,1.90,58.93,19.56,6.75,,10.23,158.73,Nashik,Igatpuri (Ghat Zone),Summer,Maize
30.53,1026.12,56.10,92934.11,23.98,392.96,4.35,0.18,16.25,25.38,5.55,335.67,9.81,193.98,Raigad,Karjat,Summer,Cashew
27.07,955.95,457.02,31859.63,,451.77,1.15,2.56,81.45,26.38,7.17,181.22,53.94,285.43,Nashik,Baglan/Kalwan,Monsoon,"Groundnut, Maize, Soybean"
15.73,1116.76,,81224.06,37.12,470.22,0.93,1.30,35.07,11.54,5.63,268.51,7.95,285.42,Raigad,Karjat,Winter,Vari
12.99,856.11,532.68,83987.73,42.24,461.95,0.99,1.89,71.71,10.61,,211.28,36.80,192.10,Nashik,Baglan/Kalwan,Winter,Soybean
32.29,894.13,749.13,46890.27,94.25,418.65,4.99,3.39,102.24,35.06,7.13,276.83,17.43,187.78,Nashik,Igatpuri (Ghat Zone),Monsoon,Vegetables
34.86,1094.44,7.63,107879.88,39.68,415.99,2.47,2.10,30.66,30.74,6.21,298.33,13.52,263.08,Raigad,Alibag/Mangaon,Summer,"Arecanut, Mango"
28.58,1026.44,13.32,106863.71,23.54,409.80,3.31,1.23,18.06,27.58,5.81,,,264.09,,Alibag/Mangaon,Summer,"Coconut, Rice"
18.98,991.99,62.90,75722.38,40.97,448.61,,2.07,39.71,13.82,5.13,291.76,9.10,220.46,Raigad,Karjat,Winter,"Cashew, Mango"
32.74,962.12,50.28,,20.77,625.10,1.15,0.10,,28.33,6.47,283.58,5.52,236.19,Raigad,Karjat,Summer,"Ragi, Rice, Wheat"
20.36,879.96,533.62,64920.65,66.04,399.50,4.06,2.19,42.23,18.11,7.31,239.98,48.45,255.56,Nashik,Baglan/Kalwan,Winter,"Groundnut, Soybean"
34.57,,67.65,93204.65,35.48,,4.82,1.13,20.51,29.64,5.77,323.22,8.49,176.82,Raigad,,Summer,"Coconut, Rice, Mango"
34.82,1097.89,596.27,113332.79,24.22,409.81,1.94,0.24,,27.60,6.88,273.25,42.90,231.87,Nashik,Baglan/Kalwan,Summer,Mango
19.29,1033.97,10.59,88141.23,,423.86,0.24,,43.50,19.02,6.49,283.68,8.65,285.86,Raigad,Alibag/Mangaon,Winter,"Cashew, Coconut"
36.68,917.51,,106626.82,22.88,,,,63.85,30.90,,204.19,,,,,,"Tomato, Wheat"
22.33,1021.63,561.85,84461.76,57.33,418.54,0.64,0.25,50.52,16.61,7.64,260.47,27.50,314.28,Nashik,Niphad/Yeola,Winter,"Pomegranate, Tomato"
32.60,1148.21,13.10,27831.58,96.37,417.31,,1.65,78.70,29.76,6.88,279.64,11.69,,Raigad,Alibag/Mangaon,Monsoon,"Cashew, Coconut, Banana"
36.39,1111.93,547.12,30859.09,78.38,403.49,3.62,0.50,80.64,33.90,7.67,138.52,54.05,268.21,Nashik,Baglan/Kalwan,Monsoon,Bajra
25.39,1026.02,61.61,75769.98,44.25,450.37,3.60,3.07,49.87,24.33,5.43,298.31,7.48,220.87,Raigad,Karjat,Winter,Cashew
19.29,952.07,6.14,77698.86,45.33,,0.14,1.32,45.71,,5.61,336.95,3.02,225.97,Raigad,,Winter,Banana
21.90,831.81,469.99,78960.91,49.78,406.52,3.33,3.29,40.15,23.83,6.90,188.61,53.22,266.12,Nashik,Baglan/Kalwan,Winter,Grapes
,1075.57,52.12,20076.76,82.68,378.50,0.95,,92.69,34.97,5.62,262.23,5.92,222.00,Raigad,,Monsoon,"Green Gram, Coconut"
27.58,944.92,515.45,30606.71,78.52,475.74,0.48,0.90,94.52,26.72,,187.50,47.53,296.40,Nashik,Baglan/Kalwan,Monsoon,Bajra
,973.24,548.28,31065.76,84.28,436.63,4.75,2.35,84.39,34.92,7.59,213.97,35.83,229.74,Nashik,Baglan/Kalwan,Monsoon,"Maize, Grapes, Bajra"
24.72,,13.42,290462.90,43.02,410.76,3.51,2.75,46.52,23.03,6.63,,6.99,225.22,,Alibag/Mangaon,Winter,"Coconut, Mango"
11.48,802.59,588.57,72173.63,58.01,,0.69,0.75,57.57,8.76,8.13,234.87,30.75,248.17,Nashik,Niphad/Yeola,Winter,Onion
16.67,824.23,502.67,63662.98,60.73,457.44,4.07,0.68,46.23,13.27,7.86,218.68,43.00,238.85,Nashik,Baglan/Kalwan,Winter,Mango
41.24,,554.67,50464.15,80.66,423.99,,0.37,85.65,34.76,7.84,175.92,42.23,261.73,Nashik,Baglan/Kalwan,Monsoon,Mango
19.57,1009.32,785.05,82491.63,22.19,425.54,4.14,3.65,,,6.00,216.50,,157.51,Nashik,Igatpuri (Ghat Zone),Summer,"Vegetables, Rice"
27.67,1013.18,567.96,90765.76,17.62,389.47,1.53,0.82,45.76,27.71,,244.78,33.56,282.12,Nashik,Niphad/Yeola,Summer,"Sugarcane, Pomegranate, Grapes"
17.12,909.98,542.48,79300.83,36.28,417.96,1.28,1.82,64.20,15.08,7.55,261.23,33.17,300.48,Nashik,Niphad/Yeola,,"Onion, Tomato"
32.68,,63.25,82385.49,22.81,403.43,4.03,,13.41,30.16,5.74,305.58,9.03,224.49,Raigad,Karjat,Summer,Mango
17.64,868.82,830.78,79029.43,55.16,360.81,4.21,0.57,49.26,14.51,5.71,264.18,9.99,159.17,Nashik,Igatpuri (Ghat Zone),Winter,"Vegetables, Rice, Maize"
,940.87,831.34,65799.28,56.70,450.16,4.63,3.45,61.39,8.82,6.14,224.31,13.29,202.60,Nashik,Igatpuri (Ghat Zone),Winter,Finger Millet
28.30,949.12,485.15,104887.11,39.01,379.86,0.15,0.70,46.12,28.15,8.26,217.17,36.50,,Nashik,Baglan/Kalwan,Summer,"Groundnut, Sugarcane"
11.76,934.77,546.45,74258.48,46.95,391.72,0.45,1.51,55.69,10.16,6.89,235.97,16.31,250.74,Nashik,Niphad/Yeola,Winter,"Onion, Grapes, Wheat"
37.91,893.25,477.21,119931.41,24.60,390.86,1.08,1.44,60.96,29.48,6.90,200.21,41.01,248.43,Nashik,Baglan/Kalwan,Summer,Soybean
12.17,929.49,767.17,81923.63,48.15,381.04,2.84,1.05,49.39,8.09,7.48,232.05,14.98,137.65,Nashik,Igatpuri (Ghat Zone),Winter,"Vegetables, Rice, Finger Millet"
28.52,1018.32,755.90,50125.75,83.57,393.65,0.87,3.52,83.07,32.45,6.75,228.32,17.39,183.11,Nashik,Igatpuri (Ghat Zone),Monsoon,Maize
32.08,978.74,498.31,21450.33,90.90,353.12,0.52,2.19,81.43,34.91,7.65,249.31,27.62,257.82,Nashik,Baglan/Kalwan,Monsoon,Mango
41.93,982.75,14536.36,30434.94,72.91,402.39,0.60,1.94,99.82,38.40,6.50,233.67,,251.42,Nashik,Niphad/Yeola,Monsoon,"Pomegranate, Wheat"
32.85,846.45,,31542.22,,392.75,2.39,,93.04,33.22,6.42,291.74,59.00,266.92,Nashik,Baglan/Kalwan,Monsoon,Onion
36.95,972.48,510.27,44101.90,82.50,390.00,3.05,1.27,88.78,42.80,6.02,206.84,52.33,263.72,Nashik,Baglan/Kalwan,Monsoon,Maize
48.73,890.37,587.56,50850.64,74.90,400.05,3.30,2.11,91.21,40.85,7.18,185.76,30.79,266.49,,Niphad/Yeola,Monsoon,"Sugarcane, Grapes"
29.12,953.09,766.24,99003.35,37.44,406.11,4.32,3.24,58.73,25.64,7.28,327.04,16.47,200.09,Nashik,Igatpuri (Ghat Zone),Summer,Finger Millet
35.93,1090.72,59.47,102718.09,40.56,414.10,,0.64,24.30,32.67,6.02,241.85,11.30,237.89,Raigad,Karjat,Summer,Cashew
19.53,858.83,622.71,74820.10,46.61,460.39,1.17,2.82,51.57,18.18,6.08,236.10,14.60,186.30,,Igatpuri (Ghat Zone),,Vegetables
25.50,972.23,549.10,92458.16,20.95,402.09,3.04,0.81,63.52,19.07,6.97,261.41,30.34,242.88,Nashik,Niphad/Yeola,Summer,Onion
31.74,995.94,,87050.26,44.73,416.31,2.06,0.73,47.04,33.40,6.81,189.01,16.76,247.27,Nashik,,Summer,Sugarcane
,1013.89,931.30,104871.38,24.61,395.23,4.14,2.08,42.96,31.87,6.23,210.73,12.87,227.17,Nashik,Igatpuri (Ghat Zone),Summer,"Vegetables, Maize, Finger Millet"
34.48,961.12,553.03,42887.07,80.76,460.06,1.65,1.69,80.36,30.03,7.77,171.89,23.39,276.98,Nashik,Niphad/Yeola,Monsoon,Wheat
40.21,,506.22,49825.53,67.47,397.79,1.91,1.58,102.92,33.74,6.75,253.85,43.36,222.12,Nashik,Baglan/Kalwan,Monsoon,Maize
22.55,1026.73,566.29,96863.38,38.74,413.23,3.91,2.74,49.56,23.67,7.29,270.12,26.95,351.85,Nashik,Niphad/Yeola,Summer,"Onion, Tomato"
32.17,1021.19,502.16,87866.43,31.65,469.76,2.09,3.58,50.16,,7.25,207.05,40.66,270.48,Nashik,Baglan/Kalwan,Summer,Mango
27.98,957.66,64.28,20812.41,,417.34,3.27,4.07,84.37,24.31,6.06,333.90,9.78,235.79,Raigad,Karjat,Monsoon,"Rice, Wheat"
17.11,1034.93,50.72,57497.18,42.56,444.86,0.24,4.07,37.45,12.56,6.45,298.45,6.22,194.83,Raigad,Karjat,Winter,"Ragi, Mango"
20.67,1036.33,8.76,79093.47,53.46,422.46,0.64,0.90,32.11,17.85,5.19,236.31,,163.40,Raigad,Alibag/Mangaon,Winter,Banana
19.18,976.95,10.85,92411.96,53.60,401.78,2.39,2.69,49.16,17.88,6.15,311.91,3.51,235.56,Raigad,Alibag/Mangaon,Winter,Coconut
33.72,935.75,661.12,30419.61,99.32,435.72,3.62,1.15,90.33,28.08,6.28,271.99,18.21,211.37,Nashik,Igatpuri (Ghat Zone),Monsoon,Maize
21.71,960.89,64.13,80601.30,48.08,482.37,2.26,,44.91,16.05,,271.17,5.96,,Raigad,Karjat,Winter,"Coconut, Vegetables"
12.84,931.61,411.57,76008.98,42.69,393.67,0.82,3.45,52.79,10.76,6.80,,47.87,222.12,Nashik,Baglan/Kalwan,,"Onion, Mango"
32.17,845.64,677.05,36835.81,,427.10,,0.72,86.99,32.34,6.95,0.00,5.22,144.97,Nashik,Igatpuri (Ghat Zone),Monsoon,"Vegetables, Rice"
29.89,995.86,59.12,25267.34,88.75,418.45,0.98,2.36,91.37,,6.23,226.93,11.25,177.03,Raigad,Karjat,Monsoon,Green Gram
28.36,845.32,516.07,99206.80,35.85,398.22,,3.16,51.42,26.36,6.75,183.82,37.48,306.86,Nashik,Baglan/Kalwan,Summer,"Onion, Groundnut"
21.52,948.59,598.48,99406.95,26.34,382.07,0.40,4.11,62.40,22.78,6.64,270.77,12.08,176.04,Nashik,Igatpuri (Ghat Zone),Summer,"Vegetables, Rice, Finger Millet"
39.18,1076.24,634.88,116822.43,26.76,432.82,4.89,3.98,45.79,39.57,7.48,182.88,24.57,252.88,,Niphad/Yeola,Summer,Sugarcane
39.18,,65.89,30192.18,89.46,382.76,0.17,,96.44,37.78,5.76,235.98,6.26,207.58,Raigad,Karjat,Monsoon,"Green Gram, Mango"
29.19,969.30,777.08,95741.60,,403.29,2.46,3.30,,32.50,6.98,189.45,18.84,170.29,Nashik,Igatpuri (Ghat Zone),Summer,Finger Millet
12.62,877.72,492.65,77040.99,58.37,408.61,3.69,2.53,56.33,8.72,6.69,273.87,28.88,238.99,Nashik,Niphad/Yeola,Winter,"Grapes, Wheat"
36.39,1145.28,66.32,37999.75,95.19,424.57,,,89.85,33.24,6.04,243.08,,207.93,Raigad,Karjat,Monsoon,Mango
,1155.13,516.44,91023.12,44.08,385.29,1.89,0.38,57.15,18.13,8.00,,,,Nashik,,Winter,"Onion, Grapes"
16.18,1002.79,55.56,83180.79,52.51,389.10,5.48,1.20,35.39,13.72,6.11,273.49,5.10,257.08,Raigad,Karjat,Winter,"Ragi, Wheat"
43.02,1050.83,556.60,36204.82,80.77,426.59,1.59,1.45,99.04,36.60,7.52,252.15,56.87,223.29,Nashik,,Monsoon,Soybean
22.25,983.28,666.45,77998.42,61.99,397.12,5.02,0.67,56.67,18.45,7.27,,23.65,312.41,Nashik,Niphad/Yeola,Winter,Grapes
13.35,992.16,873.17,80644.70,58.11,446.28,4.61,0.94,57.32,11.36,6.91,248.59,21.30,195.30,Nashik,Igatpuri (Ghat Zone),Winter,"Vegetables, Rice, Finger Millet"
12.83,,595.79,66733.59,59.63,430.84,,1.72,62.31,9.66,8.05,280.61,19.32,289.19,Nashik,Niphad/Yeola,Winter,"Pomegranate, Grapes, Wheat"
,,,,,,,,,,,,,,,,,Rice
21.42,1037.38,12.07,73049.12,43.72,417.45,4.91,3.26,30.10,20.40,5.02,232.51,,239.45,Raigad,Alibag/Mangaon,Winter,Coconut
17.78,1079.04,489.64,90572.39,41.11,426.71,3.67,1.79,40.42,15.03,7.05,250.08,33.19,240.43,Nashik,Baglan/Kalwan,Winter,Bajra
24.61,959.54,14.48,81313.84,46.13,435.98,4.68,0.83,39.94,19.48,5.85,333.96,14.53,236.21,Raigad,Alibag/Mangaon,Winter,Coconut
34.83,965.55,596.54,31435.92,97.62,406.91,1.16,2.44,90.96,38.40,6.95,256.79,18.66,184.61,Nashik,Igatpuri (Ghat Zone),Monsoon,Maize
22.97,907.82,514.56,113007.75,31.49,381.65,4.74,1.54,58.56,21.36,6.39,261.77,48.72,224.85,Nashik,Baglan/Kalwan,Summer,Groundnut
29.22,938.11,60.40,58642.20,96.63,352.97,0.41,2.51,86.45,25.79,5.56,276.35,7.26,164.66,Raigad,Karjat,Monsoon,"Coconut, Rice, Vari"
35.10,1001.86,60.02,46513.28,92.32,394.01,3.69,0.28,84.65,32.75,5.42,215.61,9.31,213.78,Raigad,Karjat,Monsoon,"Ragi, Rice"
16.04,1016.19,556.40,69727.64,54.79,425.73,4.22,3.40,49.15,13.75,8.04,242.47,27.19,269.52,Nashik,,Winter,Tomato
34.09,885.53,642.60,34916.98,88.00,432.55,1.52,3.42,96.18,37.35,6.62,153.55,16.09,131.53,Nashik,Igatpuri (Ghat Zone),Monsoon,"Maize, Rice"
,,554.95,35920.41,77.13,398.83,4.51,,79.71,,7.77,211.90,24.03,314.04,Nashik,,Monsoon,"Sugarcane, Onion"
27.35,965.72,599.92,54603.71,61.04,442.13,4.71,3.50,43.20,20.62,8.75,,,251.25,Nashik,Niphad/Yeola,Winter,"Sugarcane, Wheat"
,1095.58,13.62,77101.36,42.30,414.16,0.47,0.23,31.89,15.89,6.45,246.01,8.03,176.02,Raigad,Alibag/Mangaon,Winter,Cashew
17.61,971.59,512.06,66060.99,44.49,386.81,2.53,1.26,51.88,13.76,6.90,237.44,50.17,226.71,Nashik,,Winter,Groundnut
33.92,927.86,737.10,33677.87,103.35,431.69,3.84,2.96,85.73,36.72,7.30,320.97,18.55,145.37,Nashik,Igatpuri (Ghat Zone),Monsoon,Finger Millet
20.00,,58.53,57292.67,44.83,429.65,4.39,2.77,48.92,16.50,6.20,329.38,9.26,237.30,Raigad,Karjat,Winter,"Ragi, Vari"
12.86,935.86,513.42,96222.57,52.33,446.28,,0.95,53.57,10.92,7.72,214.14,57.70,295.29,Nashik,Baglan/Kalwan,Winter,Groundnut
37.41,1191.04,6.66,47177.21,101.81,426.92,1.61,0.63,79.17,32.16,6.31,240.33,11.14,230.39,Raigad,Alibag/Mangaon,Monsoon,"Banana, Arecanut, Rice"
18.63,981.10,51.61,105451.12,36.65,,2.51,0.92,51.10,13.08,4.90,-20.75,3.83,,Raigad,,Winter,"Green Gram, Vari, Mango"
20.99,973.81,11.78,58395.72,49.23,407.72,4.27,0.46,56.77,19.82,6.13,293.05,9.65,285.95,Raigad,Alibag/Mangaon,Winter,Coconut
35.36,906.73,489.47,34903.83,75.78,461.96,4.19,3.96,92.14,33.04,7.90,243.15,55.81,268.02,Nashik,Baglan/Kalwan,Monsoon,"Groundnut, Mango"
,1002.36,,46855.79,94.09,385.84,3.41,2.69,100.71,,6.85,200.69,15.29,165.22,Nashik,Igatpuri (Ghat Zone),Monsoon,"Vegetables, Rice"
36.24,947.64,,,91.93,403.87,4.95,0.44,85.36,35.55,5.18,246.21,8.95,247.08,Raigad,Karjat,Monsoon,Cashew
21.95,1135.78,69.64,80998.54,63.23,417.49,1.38,3.80,,16.24,5.91,285.07,6.80,212.08,Raigad,Karjat,Winter,"Cashew, Vari, Mango"
38.43,968.29,53.45,111517.52,40.84,409.77,3.65,1.99,17.46,31.88,6.26,307.99,9.84,4858.76,Raigad,Karjat,Summer,Mango
24.89,909.44,58.27,86039.41,39.97,,1.85,,53.46,22.89,5.85,250.23,7.83,258.85,Raigad,Karjat,Winter,Ragi
23.80,982.59,697.79,38868.99,,380.54,4.54,0.68,101.00,22.58,6.42,239.99,20.27,200.41,Nashik,Igatpuri (Ghat Zone),Monsoon,Finger Millet
26.99,1005.11,431.45,99761.80,27.48,416.70,1.93,2.18,54.13,24.65,7.54,216.08,50.11,219.52,Nashik,Baglan/Kalwan,Summer,"Maize, Bajra"
40.04,970.13,625.42,90601.21,,441.22,3.70,1.74,45.61,39.94,7.52,247.18,29.11,275.03,Nashik,Niphad/Yeola,Summer,Sugarcane
19.22,,9.64,74618.67,68.51,450.55,3.69,3.35,49.96,13.81,5.77,261.90,10.22,195.01,Raigad,Alibag/Mangaon,Winter,Coconut
41.81,906.73,,102491.54,36.12,,0.81,0.86,55.62,34.13,7.78,211.85,42.75,210.92,Nashik,Baglan/Kalwan,Summer,"Grapes, Bajra"
17.16,937.01,492.16,76821.37,60.68,,3.18,1.11,62.15,15.87,6.79,174.18,31.22,193.41,Nashik,Baglan/Kalwan,Winter,Bajra
37.87,850.56,581.17,95055.13,42.29,364.27,,1.28,51.25,29.26,7.89,226.55,19.14,259.13,Nashik,Niphad/Yeola,Summer,Wheat
17.41,,468.56,78256.17,,,,,55.28,18.37,,260.90,,,,Baglan/Kalwan,,Mango
31.02,1108.35,12.74,27599.69,89.92,420.42,0.29,1.26,100.97,28.53,6.27,266.46,11.53,220.00,Raigad,Alibag/Mangaon,,"Coconut, Arecanut, Rice"
40.27,900.86,44.78,17983.53,90.67,421.54,3.80,2.67,78.72,,6.06,253.60,3.37,218.43,Raigad,Karjat,Monsoon,"Cashew, Vari"
37.29,838.13,534.36,46126.84,81.06,397.36,4.48,1.10,89.03,35.63,6.90,,47.10,213.53,Nashik,Baglan/Kalwan,Monsoon,Grapes
37.83,904.58,568.96,20349.46,80.26,393.32,,2.62,91.06,,7.59,272.85,29.83,202.62,Nashik,Niphad/Yeola,Monsoon,"Tomato, Wheat"
34.46,1091.31,7.17,24747.18,92.79,400.44,4.71,1.40,91.15,33.85,5.81,323.00,10.39,185.80,,Alibag/Mangaon,Monsoon,"Cashew, Arecanut"
30.31,941.92,9.85,51178.53,98.08,389.18,0.47,0.36,103.01,27.40,5.01,273.22,6.88,238.27,Raigad,Alibag/Mangaon,Monsoon,"Soybean, Arecanut"
38.91,1025.84,530.54,28941.67,77.65,372.95,4.33,1.29,91.14,37.23,7.45,212.34,39.76,280.38,Nashik,Baglan/Kalwan,Monsoon,"Soybean, Bajra"
22.51,914.55,534.96,94707.08,63.46,322.53,4.11,1.78,65.62,17.99,7.38,220.19,43.11,256.02,Nashik,Baglan/Kalwan,Winter,"Groundnut, Maize"
38.88,937.65,535.89,18340.96,80.68,,0.76,2.14,76.40,45.73,7.60,240.60,20.44,347.74,Nashik,Niphad/Yeola,Monsoon,Pomegranate
,893.74,521.82,28134.12,95.77,419.32,1.43,1.80,83.44,,7.09,233.23,47.45,261.42,Nashik,Baglan/Kalwan,Monsoon,Onion
24.41,993.83,766.53,96922.78,26.12,410.61,2.95,2.75,47.67,26.00,5.30,289.94,12.94,175.29,Nashik,Igatpuri (Ghat Zone),Summer,"Maize, Finger Millet"
11.75,,654.00,72751.14,53.52,458.81,2.24,2.76,65.31,8.19,6.83,238.30,7.63,208.01,Nashik,Igatpuri (Ghat Zone),Winter,Vegetables
29.33,919.32,12.51,47916.27,95.70,396.39,1.43,0.46,85.52,28.82,6.54,326.11,,249.52,Raigad,Alibag/Mangaon,,Arecanut
36.40,1073.82,68.71,43037.08,92.44,424.83,0.79,,87.77,,5.59,247.50,9.11,211.32,Raigad,Karjat,Monsoon,Coconut
20.85,917.24,557.39,107092.23,,443.48,4.30,1.50,50.53,,6.38,207.26,47.12,234.88,Nashik,Baglan/Kalwan,Summer,Soybean
35.03,936.70,608.25,104925.15,20.58,355.44,4.19,1.02,40.58,33.15,7.99,186.03,19.41,291.16,Nashik,Niphad/Yeola,Summer,"Onion, Pomegranate"
44.02,1018.27,489.00,,82.47,417.98,1.74,3.59,83.68,44.92,6.97,271.00,43.40,268.84,Nashik,Baglan/Kalwan,Monsoon,"Onion, Vegetables, Grapes"
33.20,926.78,677.38,14962.81,98.85,403.80,4.38,3.63,94.07,34.49,5.94,151.54,13.04,122.64,Nashik,,Monsoon,"Vegetables, Maize"
42.86,933.45,57.26,46223.01,100.72,382.36,3.35,2.55,93.39,32.81,6.06,242.47,7.31,250.01,Raigad,Karjat,Monsoon,"Cashew, Coconut"
14.58,935.75,606.25,74416.24,,422.84,0.11,3.81,51.72,10.68,7.09,244.33,12.81,155.34,Nashik,Igatpuri (Ghat Zone),Winter,"Vegetables, Rice, Maize"
26.17,913.64,598.92,106343.22,34.47,389.95,1.99,0.22,45.38,23.20,7.22,202.45,25.76,274.33,Nashik,Niphad/Yeola,Summer,Wheat
14.34,929.19,857.75,76973.24,52.32,433.12,2.31,3.24,45.72,11.84,5.90,222.58,3.35,179.34,Nashik,Igatpuri (Ghat Zone),Winter,"Vegetables, Maize, Finger Millet"
16.03,,,61202.21,58.96,420.08,2.10,2.92,57.99,13.55,6.07,259.33,5.03,253.93,Raigad,Karjat,Winter,"Rice, Vari"
28.50,,7.49,47419.78,90.15,407.56,,1.59,88.29,25.77,5.83,364.85,7.25,273.21,Raigad,Alibag/Mangaon,Monsoon,"Cashew, Banana"
19.43,976.46,643.57,86097.16,46.54,417.08,1.93,1.47,70.58,17.73,6.35,232.79,16.40,183.70,Nashik,Igatpuri (Ghat Zone),Winter,"Vegetables, Finger Millet"
41.88,852.55,560.93,19969.67,75.50,418.46,0.63,1.87,89.48,37.73,7.78,270.70,25.40,250.33,Nashik,Niphad/Yeola,Monsoon,"Sugarcane, Soybean"
11.35,931.79,574.09,70878.51,68.27,409.34,2.32,,57.35,10.53,7.69,264.35,30.19,229.50,Nashik,Niphad/Yeola,Winter,"Sugarcane, Grapes, Tomato"
17.68,936.34,451.26,71103.54,70.14,483.44,0.24,1.29,49.81,15.95,7.14,,46.17,304.30,Nashik,Baglan/Kalwan,Winter,"Onion, Soybean"
36.65,1046.16,,28324.59,92.69,398.79,3.39,3.11,,33.06,6.49,265.06,7.45,228.91,Raigad,Alibag/Mangaon,Monsoon,Arecanut
34.75,933.91,644.70,24032.33,72.76,385.15,1.26,0.95,,31.78,6.95,232.96,32.77,282.06,Nashik,Niphad/Yeola,Monsoon,Onion
32.52,849.92,671.95,30791.42,101.91,,0.76,1.88,94.80,28.15,5.83,285.83,18.79,156.43,Nashik,Igatpuri (Ghat Zone),Monsoon,"Maize, Rice, Finger Millet"
13.44,1127.40,554.13,81437.49,63.89,409.82,0.58,2.42,38.62,10.14,7.34,202.68,41.77,225.87,,,Winter,Grapes
,1009.95,634.86,63309.23,64.74,433.50,0.23,0.95,56.28,12.93,6.14,296.01,,308.88,Nashik,Niphad/Yeola,Winter,"Pomegranate, Grapes"
16.33,962.30,54.80,89461.85,60.32,422.29,0.94,1.11,47.56,13.35,5.87,279.27,8.14,224.77,Raigad,Karjat,Winter,Green Gram
13.44,1017.75,545.17,65974.59,40.30,436.99,2.14,2.78,42.16,11.68,7.59,156.02,26.54,359.71,Nashik,Niphad/Yeola,Winter,Grapes
33.98,1006.69,11.50,95149.95,28.14,425.09,3.19,,11.72,27.32,5.79,280.21,9.02,202.00,Raigad,Alibag/Mangaon,Summer,"Cashew, Coconut"
21.70,891.42,628.64,,37.32,370.35,3.60,1.61,56.18,21.06,6.27,223.99,9.79,195.30,Nashik,Igatpuri (Ghat Zone),Summer,"Maize, Vegetables, Finger Millet"
33.83,976.19,595.34,101371.28,39.33,423.89,0.70,1.86,43.69,32.09,7.28,199.73,44.80,260.07,Nashik,Baglan/Kalwan,Summer,"Groundnut, Grapes"
28.43,1153.58,8.85,102069.85,40.44,385.22,2.84,,11.04,23.17,5.82,282.65,11.14,231.87,Raigad,Alibag/Mangaon,Summer,Banana
41.16,,559.51,23132.42,76.12,441.17,0.60,2.21,84.25,40.89,7.03,215.59,34.12,224.86,Nashik,Baglan/Kalwan,,"Onion, Soybean, Mango"
30.86,1028.98,9.75,34077.91,87.94,412.64,3.76,0.92,103.38,26.47,5.71,,7.26,200.82,Raigad,Alibag/Mangaon,Monsoon,"Cashew, Cotton"
13.00,1020.93,512.96,76385.80,,387.17,2.13,0.92,57.30,10.24,7.80,249.40,36.44,281.00,Nashik,Baglan/Kalwan,Winter,"Maize, Soybean"
32.98,1041.26,8.34,85416.82,41.34,376.90,3.50,3.49,22.01,28.05,5.54,273.85,11.41,249.77,Raigad,Alibag/Mangaon,Summer,"Banana, Rice"
14.63,1028.45,570.40,68507.29,47.53,416.11,3.31,2.15,57.90,13.71,6.23,290.36,16.70,188.33,Nashik,Igatpuri (Ghat Zone),Winter,Finger Millet
40.50,,584.31,30730.43,88.83,382.18,2.05,1.57,85.21,38.27,6.83,208.39,35.27,278.89,Nashik,Niphad/Yeola,Monsoon,"Onion, Sugarcane"
40.43,965.40,61.46,98989.96,,390.35,,1.46,31.54,28.42,5.70,304.89,,220.33,Raigad,Karjat,Summer,Coconut
29.29,1020.65,570.86,31329.90,87.07,379.47,2.67,2.59,91.73,25.77,7.69,236.18,52.97,277.22,Nashik,,Monsoon,"Soybean, Bajra"
39.58,1029.28,971.45,40194.57,113.59,399.53,2.46,2.60,97.65,31.79,6.11,258.29,17.34,94.84,Nashik,Igatpuri (Ghat Zone),Monsoon,"Vegetables, Rice, Maize"
41.34,856.10,607.68,26917.79,84.50,382.11,0.64,2.41,105.16,42.46,6.63,217.47,38.12,264.99,Nashik,Niphad/Yeola,Monsoon,Sugarcane
21.32,919.90,,117354.39,34.97,459.54,2.65,3.06,49.42,22.44,5.69,198.93,21.03,157.22,Nashik,Igatpuri (Ghat Zone),Summer,"Maize, Vegetables"
15.80,968.52,554.65,,47.50,404.61,0.68,0.29,50.74,12.91,6.29,209.64,9.72,245.40,Nashik,Igatpuri (Ghat Zone),Winter,"Vegetables, Finger Millet"
33.75,1127.48,47.94,103638.58,47.22,381.10,0.64,2.36,17.43,30.39,5.51,291.32,7.54,236.07,Raigad,Karjat,Summer,Vari
29.53,946.11,55.51,94799.21,37.50,418.49,3.93,2.31,14.80,26.09,5.23,258.70,8.24,264.21,Raigad,Karjat,Summer,Vari
29.18,982.73,10.85,24007.41,90.14,435.62,0.13,0.76,80.38,27.20,5.75,268.79,11.62,282.78,Raigad,Alibag/Mangaon,,"Banana, Mango"
21.70,,827.52,95931.92,35.83,458.96,1.62,1.67,39.50,16.75,7.50,229.93,18.85,197.13,Nashik,Igatpuri (Ghat Zone),Summer,Vegetables
29.44,917.61,574.41,113172.69,40.41,479.07,0.25,3.51,62.08,25.46,7.76,244.91,47.20,256.59,Nashik,Baglan/Kalwan,Summer,"Soybean, Grapes, Mango"
24.60,953.68,10.43,95066.52,51.47,,1.54,2.09,41.35,23.69,5.34,255.25,14.91,276.25,Raigad,Alibag/Mangaon,Winter,Coconut
40.60,1013.38,435.01,88937.28,40.19,431.66,0.25,0.41,53.08,39.36,,201.52,49.34,270.09,Nashik,Baglan/Kalwan,Summer,Maize
36.14,1009.45,9.39,12991.41,86.30,428.13,0.49,4.09,97.23,33.62,6.03,299.30,7.25,255.10,Raigad,Alibag/Mangaon,Monsoon,Mango
14.18,,687.84,74596.08,61.79,431.47,0.64,3.16,65.72,,6.64,223.27,16.14,252.97,Nashik,Igatpuri (Ghat Zone),Winter,"Maize, Rice, Finger Millet"
27.19,980.92,13.59,92895.19,44.11,385.66,0.31,0.16,11.01,,5.80,193.04,9.62,204.21,Raigad,Alibag/Mangaon,Summer,Mango
31.19,902.05,669.63,32973.54,85.49,,3.38,0.50,94.11,23.57,6.13,328.37,23.87,229.51,Nashik,Igatpuri (Ghat Zone),Monsoon,Vegetables
13.88,1013.02,501.61,73426.25,45.27,,3.18,3.25,50.05,9.63,7.08,289.89,69.88,300.90,Nashik,Baglan/Kalwan,Winter,"Groundnut, Vegetables, Grapes"
25.75,939.97,450.61,89632.40,37.67,1247.76,,3.81,54.74,21.41,7.58,197.26,46.55,226.76,,Baglan/Kalwan,Summer,"Onion, Mango"
36.06,1144.60,,99882.84,40.33,426.67,1.63,2.66,12.19,30.94,6.31,,9.31,219.30,Raigad,Alibag/Mangaon,Summer,Rice
34.55,976.72,547.04,109873.85,29.54,410.67,0.72,2.37,66.12,32.89,8.32,240.22,17.74,231.27,Nashik,Niphad/Yeola,,"Pomegranate, Tomato"
31.13,984.60,12.44,16208.81,100.82,466.09,4.65,3.52,96.39,27.03,6.08,303.50,8.34,220.52,Raigad,Alibag/Mangaon,,"Cashew, Mango"
24.91,1022.35,611.15,,80.77,457.35,,1.46,92.99,20.78,5.98,244.18,13.89,154.88,Nashik,Igatpuri (Ghat Zone),Monsoon,Rice
14.65,887.76,625.80,56707.74,46.05,401.53,0.33,2.86,60.44,14.41,5.84,366.07,10.30,190.52,Nashik,Igatpuri (Ghat Zone),Winter,Maize
41.95,943.15,915.32,47956.05,83.03,421.09,3.06,2.65,99.04,31.39,6.51,252.12,13.78,142.71,Nashik,Igatpuri (Ghat Zone),Monsoon,Rice
22.05,974.41,576.49,82970.13,42.65,400.75,3.02,0.20,48.30,21.93,6.83,235.68,32.37,239.64,Nashik,Baglan/Kalwan,Winter,Maize
17.50,930.75,490.96,87738.83,55.15,446.40,3.38,4.07,54.21,16.02,7.05,223.56,62.89,286.75,Nashik,Baglan/Kalwan,Winter,"Groundnut, Soybean"
32.85,937.10,,33496.02,84.38,456.66,1.81,3.10,82.61,30.16,,306.26,,238.25,Raigad,Alibag/Mangaon,Monsoon,Rice
31.45,955.92,507.65,103781.10,39.28,426.54,4.33,4.05,43.18,32.26,7.43,203.86,38.19,290.54,Nashik,Baglan/Kalwan,Summer,"Onion, Bajra"
,978.96,563.80,109004.12,29.80,417.65,4.07,,43.22,16.85,7.48,264.34,47.95,259.10,Nashik,Baglan/Kalwan,Summer,Groundnut
31.10,1010.53,13.16,102220.92,43.06,352.43,4.69,2.53,29.86,27.06,5.67,258.04,7.94,,Raigad,,Summer,"Cashew, Banana"
10.53,971.22,574.55,76033.64,,428.88,2.60,3.25,61.70,8.81,6.68,220.85,21.00,329.47,Nashik,Niphad/Yeola,Winter,"Sugarcane, Tomato"
20.15,1002.50,9.13,83125.16,52.15,405.93,2.19,1.43,28.52,20.23,6.66,274.62,8.91,247.47,Raigad,Alibag/Mangaon,Winter,Coconut
29.19,862.63,9.57,107760.59,28.08,451.76,2.35,2.73,24.42,29.23,5.56,354.27,10.07,200.19,Raigad,Alibag/Mangaon,Summer,"Cashew, Rice"
27.80,937.54,630.85,,82.43,394.08,4.36,3.95,93.66,22.87,6.23,184.35,29.63,292.31,Nashik,Niphad/Yeola,Monsoon,Pomegranate
26.40,895.27,714.32,68854.68,39.40,419.60,2.06,3.32,47.02,20.78,5.61,218.56,14.27,175.10,Nashik,Igatpuri (Ghat Zone),Winter,Finger Millet
13.28,916.30,11862.25,80594.11,54.75,406.80,3.80,2.78,48.26,8.92,7.14,228.20,34.68,261.29,Nashik,Niphad/Yeola,Winter,"Pomegranate, Wheat"
29.49,,543.20,34490.23,84.39,396.38,1.88,1.93,68.65,23.46,8.26,200.01,20.14,288.65,Nashik,Niphad/Yeola,Monsoon,"Grapes, Wheat"
33.88,1090.11,11.91,28955.27,89.64,385.06,4.02,1.08,76.62,32.37,5.76,267.50,8.23,206.62,Raigad,Alibag/Mangaon,Monsoon,Rice
11.88,822.80,584.85,236116.42,54.27,391.30,3.80,0.66,37.82,12.01,6.37,,32.25,348.27,Nashik,Niphad/Yeola,Winter,"Onion, Tomato, Wheat"
37.96,1011.98,627.35,89881.74,42.30,428.73,,3.62,63.08,33.00,7.01,208.34,25.32,300.37,Nashik,Niphad/Yeola,Summer,"Sugarcane, Wheat"
25.69,924.71,445.71,93145.91,,388.94,,2.64,54.49,22.26,7.08,155.57,23.04,263.00,Nashik,Baglan/Kalwan,Summer,Mango
14.44,969.43,530.26,79283.29,52.07,368.46,3.52,2.61,51.18,13.13,7.58,228.49,23.08,236.73,Nashik,Niphad/Yeola,,Sugarcane
34.21,906.17,595.36,41205.14,87.22,391.73,2.86,3.73,91.81,31.05,6.40,168.21,47.39,254.20,Nashik,Baglan/Kalwan,Monsoon,"Onion, Soybean, Groundnut"
29.40,918.54,656.65,35499.82,91.76,340.63,0.61,2.71,83.34,,7.05,204.83,29.91,277.68,Nashik,,Monsoon,"Soybean, Bajra"
38.69,927.37,545.50,44135.37,,,3.44,4.09,100.54,34.27,8.68,189.79,32.05,267.45,Nashik,Niphad/Yeola,Monsoon,Sugarcane
20.01,901.61,527.49,64767.12,,,,,,,7.55,225.23,14.58,,Nashik,,,"Grapes, Wheat"
18.00,,507.24,73303.87,,429.30,,2.14,62.01,,,,,,,,,"Groundnut, Soybean"
12.87,853.44,610.26,,48.09,389.92,3.25,2.91,65.88,12.08,8.20,255.35,24.04,294.73,Nashik,Niphad/Yeola,Winter,"Cotton, Tomato"
34.04,853.42,8.40,43617.14,87.39,461.74,1.40,2.23,78.52,32.02,5.83,261.82,8.56,233.53,Raigad,Alibag/Mangaon,Monsoon,Coconut
35.33,1029.88,566.76,112189.30,40.02,428.98,2.06,4.20,54.45,35.02,6.79,241.29,55.65,290.61,Nashik,Baglan/Kalwan,Summer,Bajra
44.65,927.31,585.72,32271.33,69.60,418.87,0.94,3.27,94.06,40.97,8.55,325.29,23.48,295.75,Nashik,,Monsoon,Tomato
21.33,1081.21,894.41,111704.35,27.77,391.21,0.60,2.94,56.03,17.91,6.88,,20.60,145.05,Nashik,Igatpuri (Ghat Zone),Summer,"Vegetables, Finger Millet"
17.37,1124.98,59.26,65550.81,65.15,401.23,2.08,1.63,47.49,15.25,6.26,310.50,6.77,,Raigad,Karjat,Winter,Rice
14.79,878.60,527.95,71653.03,44.84,468.32,3.00,0.80,59.83,10.42,7.18,183.88,45.15,187.58,Nashik,Baglan/Kalwan,Winter,Onion
33.51,953.93,13.74,31390.93,89.03,,3.53,0.55,79.99,35.55,5.80,188.76,11.05,226.28,Raigad,Alibag/Mangaon,Monsoon,Mango
,,,,,,,,,,,,,,,,,"Ragi, Coconut"
19.88,1043.28,5.42,75910.47,62.25,382.36,1.31,0.66,45.71,14.28,5.57,231.03,5.36,198.03,Raigad,Alibag/Mangaon,Winter,Arecanut
37.58,920.61,,101883.72,27.84,443.49,3.28,3.82,25.27,32.24,6.27,342.82,10.42,207.17,Raigad,Alibag/Mangaon,Summer,"Cashew, Arecanut, Rice"
,920.03,59.36,52023.52,85.92,430.36,1.63,1.28,88.08,39.28,5.45,274.23,8.38,228.08,Raigad,Karjat,Monsoon,"Green Gram, Coconut, Ragi"
35.41,1052.83,67.74,38315.02,100.79,361.79,2.99,2.03,94.61,36.83,6.14,-44.30,7.70,216.69,Raigad,Karjat,Monsoon,Coconut
15.48,1070.79,453.31,53950.11,46.11,458.10,4.23,2.47,52.18,11.02,6.81,164.77,45.82,232.44,,Baglan/Kalwan,Winter,Onion
16.56,1033.17,,66690.03,40.29,441.56,,2.51,42.39,11.66,5.19,281.05,10.87,228.81,Raigad,Karjat,Winter,Ragi
17.89,923.29,547.36,54414.04,44.61,419.99,1.21,2.73,65.29,13.63,6.96,185.53,35.92,255.11,Nashik,Baglan/Kalwan,Winter,Maize
29.76,944.95,,92668.58,32.09,456.30,1.21,3.46,43.30,27.81,6.27,270.08,14.81,207.64,Nashik,Igatpuri (Ghat Zone),Summer,"Vegetables, Banana"
17.55,1004.35,50.84,97568.79,55.33,407.51,3.79,,48.91,13.10,5.94,280.95,5.80,,Raigad,Karjat,Winter,"Rice, Vari"
14.66,1058.13,538.14,72284.11,45.83,430.10,2.88,1.33,44.29,10.87,7.28,,24.62,235.91,Nashik,Baglan/Kalwan,Winter,Maize
17.43,1062.49,558.46,102317.74,45.80,452.92,2.28,0.54,60.34,13.96,7.83,244.23,48.98,215.37,,Baglan/Kalwan,Winter,Maize
16.91,1008.23,502.09,69359.51,48.63,433.71,,0.25,64.95,15.23,7.63,188.81,42.77,262.58,Nashik,Baglan/Kalwan,Winter,Soybean
20.54,1114.16,48.39,92182.85,61.27,383.53,2.43,1.48,,15.30,6.38,265.14,7.16,204.58,Raigad,Karjat,Winter,"Green Gram, Vari"
21.94,937.55,563.55,113402.84,36.27,430.06,1.48,0.48,47.20,18.60,8.09,232.23,27.51,278.53,Nashik,Niphad/Yeola,,"Sugarcane, Onion"
20.79,981.09,7.07,,53.38,419.78,2.35,,50.78,16.65,5.73,252.18,14.06,235.33,Raigad,Alibag/Mangaon,Winter,"Cashew, Banana"
12.27,950.14,646.53,71972.84,48.97,422.13,1.64,1.71,38.25,10.40,5.91,193.36,19.23,116.77,Nashik,Igatpuri (Ghat Zone),Winter,"Vegetables, Finger Millet"
35.48,913.10,539.24,113875.66,27.17,444.86,2.06,0.22,44.40,30.05,7.45,251.27,17.00,247.08,Nashik,Niphad/Yeola,Summer,"Onion, Wheat"
,,,82129.04,50.89,445.28,2.59,,,,,,,,Nashik,Baglan/Kalwan,Winter,Soybean
32.52,1024.32,430.66,,22.24,420.00,0.67,2.27,56.28,29.04,8.06,237.46,54.94,259.15,Nashik,Baglan/Kalwan,Summer,"Onion, Maize, Groundnut"
21.45,1050.75,56.26,64472.82,56.79,396.70,1.42,1.40,33.20,17.93,5.94,258.42,6.85,241.76,Raigad,Karjat,Winter,"Coconut, Cotton"
40.02,1060.45,573.17,24957.83,79.32,422.26,3.07,4.10,100.98,34.71,6.80,252.08,,267.58,Nashik,,Monsoon,"Onion, Pomegranate"
34.79,950.67,9.97,89995.00,23.12,384.21,4.42,1.20,14.97,30.09,5.63,280.75,8.55,194.20,Raigad,Alibag/Mangaon,Summer,"Banana, Rice"
25.05,1107.59,9.63,65148.40,53.50,385.05,5.29,0.16,33.74,23.71,6.55,251.88,10.98,231.81,Raigad,Alibag/Mangaon,Winter,"Cashew, Tomato"
,,,,,,,,,,,,,,,,,"Ragi, Cashew, Vari"
37.52,1051.28,553.19,35531.19,82.11,471.44,0.87,2.15,94.43,39.87,6.85,227.82,46.35,,Nashik,Baglan/Kalwan,Monsoon,"Onion, Maize, Soybean"
40.04,955.27,475.25,23750.65,84.77,350.57,1.62,1.91,96.98,39.75,6.98,272.48,45.17,,Nashik,Baglan/Kalwan,Monsoon,"Onion, Maize"
15.22,1002.97,561.66,72877.26,57.26,447.66,4.56,1.30,66.02,14.40,6.87,213.50,49.66,268.25,Nashik,Baglan/Kalwan,Winter,Mango
27.82,968.36,51.37,49657.80,78.71,432.94,2.22,,88.95,25.10,6.70,281.11,9.12,254.65,Raigad,Karjat,Monsoon,Rice
41.64,995.01,568.22,43189.49,80.63,394.97,4.11,0.33,,42.71,7.19,231.29,33.96,254.19,Nashik,Niphad/Yeola,Monsoon,"Onion, Sugarcane, Tomato"
24.96,1074.64,600.69,77753.81,,378.36,0.64,2.29,56.86,22.81,8.26,216.30,25.89,193.44,Nashik,Niphad/Yeola,Winter,"Onion, Wheat"
,,,,,,,,,,,,,,,,,"Onion, Groundnut, Mango"
32.06,1018.73,52.05,93528.65,25.67,351.21,1.15,0.55,29.08,34.97,5.27,265.74,9.07,198.36,Raigad,Karjat,Summer,Ragi
17.01,923.20,57.93,73789.56,54.27,416.41,2.50,1.87,34.85,15.86,6.01,280.64,6.63,206.17,Raigad,Karjat,Winter,Green Gram
33.93,893.18,466.73,46742.09,74.57,441.35,2.69,1.07,81.79,26.73,6.65,244.01,40.64,246.74,,Baglan/Kalwan,Monsoon,"Soybean, Bajra"
35.38,929.15,617.08,20442.24,93.20,468.45,2.85,1.71,112.35,31.63,7.36,248.23,19.26,194.40,Nashik,Igatpuri (Ghat Zone),Monsoon,Vegetables
16.05,976.49,458.31,76084.99,44.80,452.78,4.05,1.39,42.77,14.72,7.80,227.00,51.86,289.12,Nashik,Baglan/Kalwan,Winter,"Soybean, Mango"
,937.99,815.64,69980.26,40.87,394.82,0.94,1.44,58.93,,6.73,218.81,18.04,200.02,Nashik,Igatpuri (Ghat Zone),Winter,Finger Millet
16.74,918.92,,,41.80,410.44,2.97,3.00,,14.79,6.77,156.38,25.80,245.42,Nashik,Niphad/Yeola,Winter,"Pomegranate, Grapes"
25.62,927.42,,,,427.68,1.63,1.70,62.76,,6.73,172.43,11.64,191.81,Nashik,Igatpuri (Ghat Zone),Summer,"Maize, Finger Millet"
48.15,978.62,591.09,24616.91,73.93,441.35,3.91,2.87,85.57,39.96,6.07,244.15,26.63,287.92,Nashik,Niphad/Yeola,Monsoon,"Pomegranate, Grapes, Tomato"
33.78,1074.00,558.75,97409.39,29.80,424.81,,,61.46,29.69,7.19,206.32,40.50,276.40,Nashik,Baglan/Kalwan,Summer,Onion
20.32,1017.37,9.65,69394.81,38.85,442.79,0.96,0.92,33.69,18.25,5.45,336.18,13.00,205.55,Raigad,Alibag/Mangaon,Winter,"Rice, Mango"
16.60,925.23,555.38,65373.10,46.30,400.97,1.09,0.87,63.40,16.42,7.93,177.62,45.02,238.46,Nashik,Baglan/Kalwan,Winter,"Onion, Bajra, Mango"
,1025.92,10.73,84262.91,37.01,437.60,3.14,3.07,19.21,18.04,6.00,,9.19,247.21,Raigad,Alibag/Mangaon,Summer,Rice
18.86,1019.98,11.97,68782.92,51.31,397.54,,3.78,31.48,15.13,5.26,,17.30,220.71,Raigad,Alibag/Mangaon,Winter,Rice
,1142.79,11.90,,96.16,394.06,0.66,2.05,82.34,30.59,5.63,298.51,11.58,205.99,Raigad,Alibag/Mangaon,Monsoon,"Cashew, Arecanut"
37.12,958.07,726.10,104066.94,20.82,,3.13,0.94,58.50,30.32,6.83,299.64,10.71,162.01,Nashik,Igatpuri (Ghat Zone),Summer,Finger Millet
22.47,1075.56,622.13,101734.50,32.44,417.27,2.85,2.46,,18.60,8.69,238.26,25.79,337.98,Nashik,Niphad/Yeola,Summer,Wheat
18.82,925.44,553.39,86910.69,32.98,381.89,,2.63,68.97,19.27,6.00,256.78,31.05,266.09,,Niphad/Yeola,,"Sugarcane, Pomegranate, Grapes"
,,634.60,,78.25,380.29,,3.01,,24.52,,219.31,24.50,284.92,,,,Grapes
12.14,1004.94,530.96,77103.24,44.43,405.90,0.75,1.24,52.01,8.52,6.50,248.89,38.01,242.28,Nashik,Niphad/Yeola,Winter,"Grapes, Tomato"
35.22,926.18,474.50,52026.40,83.88,426.24,,1.13,88.22,32.85,7.82,238.39,,228.80,,Baglan/Kalwan,Monsoon,Mango
15.11,869.62,547.04,69137.50,51.33,446.96,1.83,3.77,61.12,10.45,8.56,240.54,15.52,313.58,Nashik,Niphad/Yeola,Winter,"Sugarcane, Tomato"
35.13,928.99,10.97,29533.28,87.84,415.83,1.76,1.09,87.23,33.07,6.07,226.33,7.27,197.15,Raigad,Alibag/Mangaon,Monsoon,"Coconut, Arecanut"
23.80,967.17,54.49,62440.39,57.63,457.88,2.63,3.50,43.56,19.20,6.28,288.29,4.08,210.98,Raigad,Karjat,Winter,"Green Gram, Coconut"
35.89,1137.65,54.21,117805.74,32.41,403.83,2.55,0.28,16.70,31.96,6.02,242.55,5.13,293.05,Raigad,Karjat,Summer,"Cashew, Coconut, Rice"
17.40,1051.54,58.77,74567.99,53.36,435.01,1.71,,34.45,14.12,,274.61,9.46,228.74,Raigad,Karjat,Winter,Ragi
27.51,962.87,63.42,22380.38,92.14,452.41,2.94,3.01,93.14,30.48,6.12,309.34,9.80,205.75,,,Monsoon,"Ragi, Vari, Mango"
18.77,956.20,9.08,59284.01,53.15,381.27,2.03,0.94,35.22,15.30,4.93,294.93,11.45,211.96,Raigad,Alibag/Mangaon,Winter,Cashew
31.36,1006.04,560.79,,32.00,417.59,0.11,1.88,67.09,29.20,7.48,,52.19,265.25,Nashik,Baglan/Kalwan,Summer,Bajra
34.51,1033.23,9.14,49624.18,78.70,417.39,1.87,0.71,90.99,,6.29,342.86,8.89,217.71,Raigad,Alibag/Mangaon,Monsoon,Banana
37.15,1027.60,516.24,107194.02,49.74,395.00,3.79,2.09,74.62,33.35,7.77,219.49,14.56,236.22,,Niphad/Yeola,Summer,"Sugarcane, Grapes"
27.57,937.48,57.78,18440.51,98.49,434.47,3.03,2.65,,27.05,,255.28,10.31,215.45,Raigad,,Monsoon,"Coconut, Rice"
,974.16,11.15,106858.74,34.19,,1.47,3.61,25.05,24.64,6.54,281.32,9.09,213.26,Raigad,Alibag/Mangaon,Summer,"Cashew, Rice, Mango"
37.21,1044.65,56.47,40902.65,101.08,405.58,2.69,1.66,97.38,29.50,6.05,209.82,8.33,,Raigad,,Monsoon,"Green Gram, Vari"
43.41,809.29,581.87,47766.44,77.61,1931.70,4.29,1.24,,41.51,7.15,253.74,25.94,,Nashik,Niphad/Yeola,Monsoon,"Vegetables, Grapes"
31.14,,606.58,118765.40,,454.10,3.86,0.93,53.68,27.02,7.42,262.26,26.51,300.76,Nashik,Niphad/Yeola,Summer,"Pomegranate, Tomato"
15.27,1016.57,574.78,73967.93,,423.12,3.65,0.78,51.34,12.33,6.82,220.37,19.56,339.70,Nashik,Niphad/Yeola,Winter,Onion
38.30,853.50,510.84,30081.19,,395.43,2.13,,85.45,38.07,6.78,,42.61,254.36,,Baglan/Kalwan,Monsoon,Mango
32.06,990.76,539.51,105279.26,35.05,455.95,1.23,,62.91,27.05,6.46,,57.96,295.90,Nashik,Baglan/Kalwan,Summer,Soybean
33.68,834.31,,124956.38,27.88,419.42,2.95,0.33,48.73,27.90,5.84,258.43,8.28,198.18,Nashik,Igatpuri (Ghat Zone),Summer,"Rice, Finger Millet"
13.22,912.00,548.43,87237.48,49.10,385.32,4.15,1.52,64.26,11.30,6.81,,42.66,259.01,Nashik,,Winter,Maize
37.34,1004.46,706.51,45727.13,80.32,424.14,4.11,0.65,87.54,37.15,7.38,178.31,14.80,201.38,Nashik,Igatpuri (Ghat Zone),Monsoon,"Rice, Finger Millet"
17.36,1088.06,48.42,64268.13,48.41,429.27,4.23,2.43,,12.15,5.23,268.04,5.48,231.89,Raigad,Karjat,Winter,"Coconut, Mango, Vari"
26.30,930.24,58.86,94249.87,24.58,438.68,1.31,2.62,26.15,26.63,5.58,216.67,6.53,186.99,,Karjat,Summer,Cashew
30.58,828.85,12.72,23506.92,106.83,410.46,3.81,3.57,87.59,30.87,5.74,306.18,2.98,234.11,Raigad,Alibag/Mangaon,Monsoon,"Coconut, Rice, Mango"
16.95,1019.43,525.87,80923.37,42.23,381.57,3.37,4.19,42.43,12.99,7.74,291.72,24.96,283.57,Nashik,Niphad/Yeola,Winter,"Onion, Grapes, Sugarcane"
35.94,830.80,599.14,25883.66,80.11,452.13,2.99,0.14,80.75,32.48,7.27,215.86,33.56,270.86,Nashik,Niphad/Yeola,Monsoon,"Grapes, Wheat"
,958.97,846.85,86189.38,43.29,435.40,3.71,2.60,55.86,14.86,6.81,249.82,12.07,184.89,Nashik,Igatpuri (Ghat Zone),Winter,"Cotton, Finger Millet"
23.34,1060.78,51.06,70820.47,63.76,464.05,2.64,2.69,56.33,20.34,5.58,240.07,10.82,251.13,Raigad,Karjat,Winter,Cashew
36.41,990.42,,26169.73,89.80,428.06,1.74,,81.91,30.20,6.11,246.67,9.38,198.42,Raigad,Karjat,Monsoon,"Ragi, Coconut"
,1077.14,10.66,102336.93,42.34,418.11,2.62,3.35,11.02,26.54,5.98,284.53,13.50,221.16,Raigad,Alibag/Mangaon,Summer,Arecanut
38.55,1078.17,541.50,29250.94,75.96,403.27,4.02,3.57,91.40,38.77,7.13,284.25,23.43,259.11,Nashik,Niphad/Yeola,Monsoon,"Pomegranate, Wheat"
38.78,942.43,583.47,486095.42,82.93,416.83,2.97,2.42,99.80,36.47,7.31,198.44,34.63,276.66,Nashik,Niphad/Yeola,Monsoon,Pomegranate
33.86,,55.33,110729.17,22.44,424.63,0.70,0.23,23.03,,5.76,288.54,7.59,218.97,Raigad,Karjat,Summer,"Ragi, Cashew"
26.25,963.45,56.28,123985.27,32.16,395.72,0.75,3.40,17.46,24.08,5.60,290.04,8.12,227.09,,Karjat,Summer,Rice
,1076.54,11.92,42087.22,,397.02,2.49,3.78,82.97,29.76,,229.85,9.32,185.98,Raigad,Alibag/Mangaon,Monsoon,Mango
43.34,907.96,551.43,46698.72,75.16,385.80,0.77,3.01,79.18,34.72,6.52,251.60,24.16,279.59,Nashik,Niphad/Yeola,Monsoon,"Pomegranate, Grapes, Tomato"
30.47,968.67,6.26,17182.14,97.87,427.71,2.97,1.79,92.19,31.82,6.01,278.90,8.55,261.55,Raigad,Alibag/Mangaon,Monsoon,"Banana, Arecanut, Mango"
22.15,1056.65,,63339.08,43.57,406.36,4.43,2.15,29.71,17.11,5.74,329.43,7.63,238.99,Raigad,Karjat,Winter,"Ragi, Coconut"
12.26,,548.98,,50.72,445.50,2.79,1.48,,8.45,7.80,275.63,26.12,322.64,Nashik,,Winter,Wheat
13.54,997.20,732.90,76895.36,42.88,397.88,0.29,2.63,52.58,12.34,6.53,211.39,5.82,198.04,Nashik,Igatpuri (Ghat Zone),Winter,"Vegetables, Finger Millet"
22.07,1008.82,13.55,68535.13,44.73,341.00,2.79,4.02,55.65,17.05,6.13,247.58,14.27,238.74,Raigad,Alibag/Mangaon,Winter,Banana
33.29,811.42,7.42,46606.43,82.99,415.53,3.32,3.40,79.89,30.81,5.08,339.88,11.85,225.55,Raigad,Alibag/Mangaon,Monsoon,"Cashew, Mango"
17.25,1070.58,59.86,81750.80,67.12,449.38,4.80,0.58,55.74,15.85,5.30,303.99,11.70,274.22,Raigad,Karjat,Winter,"Green Gram, Vari"
17.61,1080.71,,82421.96,,413.03,2.86,1.22,49.38,15.25,5.68,280.38,7.42,233.70,Raigad,Alibag/Mangaon,Winter,Mango
22.33,930.93,455.96,70845.57,40.93,482.20,0.21,2.50,56.18,21.95,8.33,267.25,43.95,311.68,Nashik,Baglan/Kalwan,Winter,Soybean
35.39,956.39,567.46,89216.67,37.19,442.77,1.63,1.64,65.20,30.53,,232.41,21.75,182.97,,Igatpuri (Ghat Zone),Summer,"Vegetables, Rice"
,1075.29,64.48,88828.36,39.65,388.08,2.61,1.25,27.54,21.25,5.35,220.74,9.54,218.82,Raigad,Karjat,Summer,"Banana, Rice"
30.57,996.10,60.06,113683.56,,449.61,0.76,0.62,18.99,,5.77,224.97,8.03,165.69,Raigad,Karjat,Summer,Ragi
35.71,861.59,5.39,31656.54,87.96,432.23,3.28,,80.36,,6.15,248.28,8.75,217.42,Raigad,Alibag/Mangaon,Monsoon,"Banana, Arecanut, Rice"
15.55,994.43,61.36,85036.52,50.47,390.20,0.87,0.56,30.43,12.25,,324.50,6.09,235.52,Raigad,Karjat,Winter,"Ragi, Vegetables, Rice"
21.96,1122.09,5.51,,56.09,453.11,0.89,1.34,51.85,16.72,5.62,285.45,10.60,247.61,Raigad,Alibag/Mangaon,Winter,Arecanut
17.30,,51.93,72454.98,54.32,,,2.90,51.38,14.73,6.13,306.39,7.92,235.15,,Karjat,Winter,Mango
25.45,1010.52,57.41,107969.45,44.69,372.78,4.62,3.63,24.72,23.25,6.04,238.88,7.01,,Raigad,Karjat,Summer,"Cashew, Cotton"
,1065.27,449.02,41992.35,78.40,373.23,3.80,0.83,80.10,31.50,7.49,202.00,54.36,260.15,Nashik,Baglan/Kalwan,Monsoon,Onion
12.86,1018.96,549.85,69271.86,46.05,446.45,,0.39,57.12,10.61,7.20,210.17,52.56,235.78,Nashik,Baglan/Kalwan,Winter,Grapes
35.54,1114.89,13.98,36261.15,96.16,432.94,2.00,1.46,86.93,29.80,5.83,307.46,,247.55,Raigad,Alibag/Mangaon,Monsoon,Coconut
29.27,936.56,10.67,88367.16,34.85,383.35,3.84,,23.03,30.64,6.07,332.09,3.41,276.04,Raigad,Alibag/Mangaon,Summer,"Arecanut, Mango"
16.49,941.93,7.71,,53.66,,2.73,0.92,42.95,16.27,6.28,270.18,14.25,233.25,Raigad,Alibag/Mangaon,,"Cashew, Banana, Coconut"
,910.47,565.74,28487.98,84.05,428.41,4.45,1.27,86.50,33.05,7.98,224.39,25.22,289.67,Nashik,Niphad/Yeola,Monsoon,"Sugarcane, Vegetables, Tomato"
20.52,911.44,62.12,73473.80,53.77,394.89,1.29,0.27,33.67,17.33,5.79,275.35,8.09,240.57,Raigad,Karjat,Winter,"Vari, Mango"
34.19,1156.77,9.97,34598.88,97.24,400.94,0.19,2.73,97.20,31.76,5.97,326.60,7.38,287.38,Raigad,Alibag/Mangaon,Monsoon,"Cashew, Coconut"
18.80,1041.80,8.33,53436.56,,428.73,0.27,3.71,43.50,16.28,5.11,238.29,3.51,,Raigad,Alibag/Mangaon,Winter,"Cashew, Rice"
46.76,,642.82,45578.06,75.49,436.24,0.23,3.05,97.62,40.35,6.27,219.98,39.20,239.07,,Baglan/Kalwan,Monsoon,"Groundnut, Grapes, Mango"
20.67,911.26,515.58,87979.51,50.73,453.60,1.23,3.60,49.63,16.68,7.33,231.29,17.10,280.38,Nashik,Niphad/Yeola,Winter,"Sugarcane, Pomegranate, Tomato"
29.23,938.50,554.22,102600.63,34.62,412.69,3.65,0.41,70.29,24.12,,218.03,29.12,243.24,Nashik,Niphad/Yeola,Summer,Grapes
17.73,941.56,581.25,64081.95,47.56,,0.84,0.58,52.30,15.04,7.34,,29.33,241.48,Nashik,Niphad/Yeola,Winter,Onion
41.74,1033.11,48.10,110519.80,46.27,402.65,0.29,1.99,21.46,33.65,6.54,247.27,8.26,233.35,Raigad,Karjat,Summer,Rice
24.25,965.74,447.43,18294.74,89.45,378.48,2.30,3.85,95.71,25.55,7.39,223.12,30.96,260.99,Nashik,Baglan/Kalwan,Monsoon,"Bajra, Mango"
27.08,984.76,16.69,97992.20,26.79,365.91,3.21,0.89,29.05,25.85,6.22,294.93,9.57,185.34,Raigad,Alibag/Mangaon,Summer,"Cashew, Coconut, Rice"
28.83,921.40,544.20,87220.52,47.21,402.77,3.29,1.99,57.85,22.17,6.65,218.95,30.65,275.58,,Niphad/Yeola,Winter,Wheat
32.25,1061.45,57.44,109661.76,47.85,458.13,3.37,0.19,22.23,29.37,5.39,,7.91,187.55,Raigad,Karjat,Summer,"Cashew, Cotton"
28.37,1059.64,511.72,89197.44,45.29,454.41,4.31,2.71,49.01,24.07,6.57,197.91,24.25,320.90,Nashik,Niphad/Yeola,Summer,Onion
24.82,1144.42,12.17,61684.37,65.38,428.36,,,33.10,,5.38,300.61,8.83,205.35,Raigad,Alibag/Mangaon,Winter,"Banana, Arecanut, Rice"
19.92,887.79,491.38,96438.52,53.82,448.87,4.02,0.53,62.55,19.81,6.10,256.02,34.96,292.00,,Niphad/Yeola,Winter,Tomato
24.82,1005.28,,95511.19,43.58,439.83,1.55,2.72,32.82,21.88,5.42,317.12,11.95,243.39,Raigad,Alibag/Mangaon,Winter,"Coconut, Mango"
40.40,935.46,846.85,32913.26,87.29,390.42,2.58,2.41,79.29,34.49,6.75,304.93,18.38,203.25,Nashik,Igatpuri (Ghat Zone),Monsoon,Finger Millet
,,,,,,,,,,,,,,,,,Onion
34.04,920.59,59.09,97439.53,,396.12,1.49,2.21,19.50,29.61,6.08,240.69,7.58,209.49,Raigad,Karjat,Summer,Cashew
,961.39,11.57,67801.93,64.16,396.03,1.26,2.09,50.76,16.10,5.16,271.96,11.37,230.48,Raigad,,Winter,"Cashew, Rice, Mango"
16.45,890.73,568.44,73372.14,49.55,446.07,3.98,3.42,59.05,15.60,6.42,204.77,24.73,290.39,Nashik,Niphad/Yeola,Winter,"Onion, Soybean"
29.05,948.33,575.46,114208.06,40.29,374.23,0.76,0.96,55.53,25.20,6.68,213.29,,322.15,Nashik,Niphad/Yeola,Summer,"Pomegranate, Grapes, Tomato"
23.96,1009.25,89.84,66160.77,68.09,,2.10,1.23,50.04,20.54,6.03,294.12,,227.96,Raigad,Alibag/Mangaon,Winter,"Banana, Rice, Coconut"
,916.35,565.72,,57.74,,,1.65,43.00,,8.17,237.32,,,,,Winter,Pomegranate
22.56,961.96,482.75,78425.55,66.55,465.93,1.44,2.31,51.17,18.17,7.99,216.98,57.04,223.90,Nashik,Baglan/Kalwan,Winter,Onion
42.68,982.71,639.07,46272.78,74.78,,3.75,0.37,92.34,41.56,8.41,255.06,28.95,241.09,Nashik,Niphad/Yeola,Monsoon,Pomegranate
26.71,994.65,9.44,117173.81,42.28,344.10,0.35,2.01,10.05,23.34,6.18,297.81,14.66,213.46,Raigad,Alibag/Mangaon,Summer,Banana
15.65,1033.24,490.71,69169.24,38.59,394.37,,2.33,59.07,10.58,6.70,250.91,40.47,236.76,Nashik,Baglan/Kalwan,Winter,Grapes
25.17,877.29,559.81,98821.86,30.16,423.63,2.92,0.13,48.08,26.73,7.36,221.66,24.92,236.69,Nashik,Niphad/Yeola,Summer,Wheat
12.21,849.71,727.25,68779.25,49.53,,1.28,1.68,50.38,,6.04,352.33,19.88,176.42,Nashik,Igatpuri (Ghat Zone),Winter,"Groundnut, Maize"
25.27,934.62,852.10,85104.09,36.38,427.37,4.77,0.63,47.77,,7.29,222.05,23.44,141.48,Nashik,Igatpuri (Ghat Zone),Summer,Vegetables
12.39,942.22,594.87,67969.37,43.92,448.26,0.19,2.67,46.11,10.40,7.34,254.36,20.02,245.31,Nashik,,Winter,"Onion, Pomegranate, Tomato"
14.82,921.40,48.94,74901.64,41.45,421.16,3.78,1.83,37.02,,5.92,220.66,9.03,256.80,Raigad,Karjat,Winter,"Cashew, Mango"
14.25,794.03,735.97,76247.90,47.33,411.19,2.95,3.21,55.97,11.58,6.12,281.29,17.03,206.64,Nashik,Igatpuri (Ghat Zone),Winter,Finger Millet
34.82,933.36,712.16,30402.87,102.32,449.26,0.24,3.49,82.94,32.04,7.52,260.24,11.30,134.77,Nashik,Igatpuri (Ghat Zone),Monsoon,"Wheat, Finger Millet"
,,493.62,98605.85,,384.65,2.81,2.87,54.68,21.65,7.05,208.30,45.39,234.25,Nashik,Baglan/Kalwan,Summer,Bajra
32.94,1090.61,64.82,93029.53,32.16,433.68,1.86,0.94,22.73,31.67,5.57,295.47,10.42,176.27,Raigad,Karjat,Summer,Vari
25.32,984.50,589.75,99836.40,38.94,382.80,2.63,1.27,55.64,22.39,8.90,,22.55,,Nashik,Niphad/Yeola,Summer,"Pomegranate, Grapes, Wheat"
12.27,915.04,525.53,70079.52,37.41,414.52,2.77,2.26,37.27,10.14,7.55,217.89,41.83,257.75,Nashik,Baglan/Kalwan,Winter,"Maize, Soybean, Bajra"
36.90,879.50,61.49,43133.31,,403.68,0.53,3.04,94.63,37.12,5.29,277.22,6.46,229.55,Raigad,Karjat,Monsoon,"Coconut, Rice, Vari"
39.08,944.07,53.88,53094.71,92.71,416.95,4.14,0.53,90.73,31.46,6.49,230.13,8.93,226.11,Raigad,Karjat,Monsoon,"Green Gram, Coconut, Mango"
,933.32,9.43,,89.56,402.92,,3.17,77.84,32.98,5.25,290.51,15.57,306.54,Raigad,Alibag/Mangaon,Monsoon,"Banana, Mango"
23.78,828.26,599.79,77996.51,44.88,425.89,2.04,,47.99,21.67,8.26,262.32,33.26,251.67,Nashik,Niphad/Yeola,Winter,"Sugarcane, Vegetables, Grapes"
13.91,1018.56,818.69,84130.19,42.09,356.15,2.48,1.03,57.26,10.99,5.85,352.65,14.27,161.07,Nashik,Igatpuri (Ghat Zone),Winter,"Vegetables, Rice, Finger Millet"
15.74,1053.51,56.78,78878.14,49.43,,4.48,1.18,,14.54,5.30,276.93,10.39,,Raigad,Karjat,Winter,Vari
39.35,1075.27,68.76,,84.61,454.46,2.13,,90.99,34.78,5.52,270.65,10.87,196.66,Raigad,Karjat,Monsoon,"Rice, Vari"
38.61,980.79,54.11,53153.08,91.84,409.31,0.24,0.79,111.24,35.01,6.10,222.97,,243.44,Raigad,Karjat,Monsoon,"Ragi, Mango"
,966.37,8.79,60661.36,43.23,412.12,2.40,3.04,36.82,16.14,5.84,327.28,7.64,242.89,Raigad,Alibag/Mangaon,Winter,"Cashew, Rice"
17.40,827.87,,,53.61,410.03,4.58,1.36,47.45,17.60,7.32,178.77,18.92,306.17,Nashik,Niphad/Yeola,Winter,Tomato
14.17,972.45,561.10,78182.04,59.18,504.19,4.90,1.39,51.96,12.26,6.84,208.56,35.49,262.23,Nashik,,Winter,"Onion, Maize, Grapes"
33.25,967.27,906.07,20617.06,89.59,464.38,2.10,4.54,87.96,30.72,6.69,234.68,21.64,203.12,Nashik,Igatpuri (Ghat Zone),Monsoon,"Rice, Finger Millet"
33.63,990.92,65.38,17897.17,96.40,394.56,2.65,0.44,96.06,,5.37,272.07,8.41,222.18,Raigad,,Monsoon,"Ragi, Green Gram"
,961.55,658.90,82389.38,46.10,443.17,4.18,3.23,47.66,,6.07,244.54,13.88,152.35,Nashik,Igatpuri (Ghat Zone),Winter,Maize
39.05,978.94,495.62,28555.78,90.47,398.85,3.97,1.29,86.70,37.60,6.98,270.71,32.94,274.17,Nashik,Niphad/Yeola,Monsoon,"Onion, Grapes"
39.15,980.75,55.77,14979.30,88.49,,3.48,,87.10,30.74,6.61,249.31,8.07,211.92,Raigad,Karjat,Monsoon,"Cashew, Green Gram"
,986.72,541.27,98540.37,35.12,378.80,3.17,2.37,54.00,22.07,7.58,192.77,65.84,245.47,Nashik,Baglan/Kalwan,Summer,"Onion, Bajra"
35.71,1044.38,63.73,38257.88,,377.86,3.26,0.94,81.00,32.50,5.75,,5.86,231.69,,Karjat,Monsoon,Rice
12.65,,598.42,73456.32,50.71,410.69,2.33,1.75,51.96,9.58,7.81,239.80,25.00,248.04,Nashik,Niphad/Yeola,Winter,Wheat
31.37,857.99,659.20,39019.66,78.82,456.89,0.90,0.57,87.44,26.16,6.82,197.06,71.32,204.54,Nashik,Igatpuri (Ghat Zone),Monsoon,"Groundnut, Maize, Rice, Finger Millet"
16.80,909.86,490.66,61473.70,39.92,417.11,3.73,1.92,60.85,13.54,7.49,217.43,27.88,,Nashik,Niphad/Yeola,Winter,Sugarcane
37.52,1012.14,63.12,48250.55,,460.03,0.99,2.95,106.79,33.12,6.05,286.31,5.92,225.81,Raigad,Karjat,Monsoon,"Green Gram, Mango"
34.55,1053.88,,53530.67,81.26,,4.18,,,29.57,,218.28,68.93,261.99,Nashik,Baglan/Kalwan,Monsoon,"Onion, Soybean, Bajra"
35.80,955.03,838.10,31519.76,102.91,366.91,4.73,1.10,84.25,35.62,5.30,260.70,15.08,,,Igatpuri (Ghat Zone),Monsoon,Finger Millet
48.91,1034.85,533.22,38468.98,74.69,408.08,3.31,0.70,91.31,39.94,6.49,157.91,,257.44,Nashik,,Monsoon,"Onion, Pomegranate, Sugarcane"
35.51,1017.03,54.80,90722.48,24.81,443.76,1.64,3.22,23.54,32.08,7.12,309.68,8.31,271.78,Raigad,Karjat,Summer,Mango
39.53,946.46,578.94,99874.67,29.12,459.79,0.98,0.16,47.29,33.09,7.03,186.40,46.60,229.59,,Baglan/Kalwan,Summer,"Maize, Bajra"
14.20,967.58,780.32,81719.77,46.37,505.59,0.37,0.98,53.54,11.56,7.01,293.04,13.05,206.97,Nashik,Igatpuri (Ghat Zone),Winter,"Maize, Rice, Finger Millet"
27.02,1037.64,,65092.20,53.12,421.04,0.71,3.79,,21.09,6.29,158.89,25.96,333.60,Nashik,Niphad/Yeola,Winter,Sugarcane
33.14,858.42,650.00,,42.70,,1.27,2.78,57.19,29.22,6.08,228.53,22.28,137.32,Nashik,Igatpuri (Ghat Zone),Summer,"Cotton, Rice"
35.90,850.39,825.33,43942.63,73.32,435.17,3.18,0.21,91.78,32.92,7.25,245.05,,223.32,Nashik,Igatpuri (Ghat Zone),Monsoon,Vegetables
32.55,925.52,808.32,85527.63,33.76,436.34,2.57,2.82,56.66,33.62,7.49,285.77,12.30,187.58,Nashik,Igatpuri (Ghat Zone),Summer,"Vegetables, Finger Millet"
39.69,1024.50,68.48,49356.58,85.07,415.57,0.54,3.46,88.24,37.91,5.98,304.65,9.62,219.59,Raigad,Karjat,Monsoon,Green Gram
29.23,1088.01,62.72,42378.50,94.94,405.43,3.54,1.31,83.62,22.58,6.47,305.80,8.09,183.36,Raigad,Karjat,Monsoon,Cashew
19.05,,676.87,76562.19,55.38,376.44,2.34,1.93,59.84,20.31,6.10,260.98,20.53,211.80,Nashik,Igatpuri (Ghat Zone),Winter,Finger Millet
29.90,994.87,49.33,33753.32,90.73,387.42,0.30,1.72,86.77,33.12,5.28,300.45,7.19,228.06,Raigad,Karjat,Monsoon,"Ragi, Green Gram"
27.74,1174.82,12.75,102023.17,45.93,407.17,1.41,2.54,17.17,23.73,5.43,265.63,12.49,214.18,Raigad,Alibag/Mangaon,Summer,Coconut
38.62,1106.16,58.07,55950.91,85.89,426.56,1.30,1.86,78.50,31.83,5.34,259.27,9.02,242.98,Raigad,,Monsoon,"Coconut, Cotton, Rice"
20.23,934.55,15.43,71396.36,49.07,421.38,3.23,2.37,56.04,18.37,5.21,300.81,9.23,,Raigad,Alibag/Mangaon,Winter,Coconut
31.63,962.14,,98512.54,30.78,398.60,3.09,3.09,61.48,31.71,6.59,251.00,18.52,175.64,Nashik,,Summer,Maize
21.30,1076.99,63.14,71952.02,44.29,377.21,2.22,2.51,,15.91,5.91,349.25,9.75,174.81,Raigad,Karjat,Winter,"Cashew, Green Gram, Mango"
37.45,,610.74,58391.34,91.82,427.22,2.82,3.62,75.93,31.48,7.45,208.62,8.63,227.97,Nashik,Igatpuri (Ghat Zone),Monsoon,Maize
31.54,,785.69,44790.52,91.37,405.09,1.03,0.27,82.58,29.44,6.44,228.96,15.75,165.02,Nashik,Igatpuri (Ghat Zone),Monsoon,Rice
18.56,1005.57,,,58.99,394.01,1.48,0.59,,19.52,6.70,211.03,19.48,239.51,Nashik,Igatpuri (Ghat Zone),,"Vegetables, Rice"
24.09,939.90,635.41,116796.63,21.91,410.75,,2.76,37.38,21.47,7.43,244.80,34.49,,,Baglan/Kalwan,Summer,Maize
21.49,913.09,937.70,80207.89,59.55,439.16,,1.40,57.76,14.17,6.73,,15.22,164.18,Nashik,Igatpuri (Ghat Zone),Winter,"Vegetables, Rice"
17.68,889.07,797.95,77066.01,54.25,452.54,3.51,0.69,51.80,12.92,,262.75,18.80,207.64,,Igatpuri (Ghat Zone),Winter,"Sugarcane, Maize, Vegetables"
51.19,1063.81,574.34,119629.55,45.05,440.92,1.50,1.40,50.21,37.02,8.26,214.74,40.47,198.76,Nashik,Baglan/Kalwan,Summer,"Soybean, Grapes"
14.39,1011.79,951.61,67769.77,48.11,398.66,3.65,1.88,61.02,14.31,6.95,239.50,14.58,,Nashik,Igatpuri (Ghat Zone),Winter,Vegetables
24.69,1101.67,51.39,91750.99,27.75,385.88,2.22,1.62,17.95,26.94,5.43,244.36,12.14,203.06,Raigad,Karjat,Summer,Vari
,1058.14,457.82,112702.55,39.18,372.91,0.74,0.23,51.55,19.69,,247.22,31.44,,Nashik,Baglan/Kalwan,Summer,Mango
13.14,910.59,648.52,68488.66,47.93,427.15,1.99,2.92,36.98,9.20,7.18,343.36,20.49,214.24,Nashik,Igatpuri (Ghat Zone),,"Vegetables, Rice, Finger Millet"
11.27,997.71,585.70,62689.33,55.93,405.59,1.79,1.12,,8.46,7.89,,20.50,274.62,Nashik,Niphad/Yeola,Winter,"Onion, Grapes"
33.20,1008.91,557.56,,22.51,406.52,4.07,1.67,59.08,31.82,,177.17,53.70,208.63,Nashik,Baglan/Kalwan,Summer,Bajra
41.49,1096.35,63.08,55336.67,78.42,387.43,2.07,,84.18,32.82,5.56,263.18,11.20,206.80,Raigad,,Monsoon,"Green Gram, Vari"
,886.40,555.80,125339.08,40.05,464.35,1.06,0.79,66.67,38.88,7.97,227.23,32.79,235.54,Nashik,Niphad/Yeola,Summer,"Sugarcane, Grapes, Onion"
35.97,959.83,8.95,55018.05,91.08,391.87,2.39,1.23,105.57,32.10,5.95,348.08,9.73,,Raigad,Alibag/Mangaon,Monsoon,"Banana, Mango"
38.16,970.15,616.26,94672.08,41.59,352.46,1.59,0.85,45.50,38.34,7.33,214.14,26.75,288.05,Nashik,Niphad/Yeola,Summer,"Sugarcane, Wheat"
13.90,865.30,786.81,86243.09,61.39,,3.85,0.48,46.14,9.99,6.30,,16.33,220.16,Nashik,Igatpuri (Ghat Zone),Winter,"Groundnut, Rice"
33.44,954.19,449.36,104914.51,22.50,503.80,4.18,1.27,46.35,31.67,,284.29,28.74,,Nashik,Baglan/Kalwan,Summer,"Groundnut, Grapes"
26.75,941.75,562.01,40297.60,74.25,406.57,4.48,2.13,,23.26,6.20,224.41,46.26,250.22,Nashik,Baglan/Kalwan,Monsoon,"Groundnut, Bajra"
26.82,959.08,59.94,25780.47,84.84,437.53,0.38,3.47,97.85,23.59,5.77,321.32,7.12,248.51,Raigad,Karjat,Monsoon,"Green Gram, Soybean"
36.82,932.04,70.89,38439.50,101.53,442.63,2.88,0.24,87.14,31.13,5.81,305.47,5.01,198.99,Raigad,Karjat,Monsoon,Coconut
39.54,993.80,634.66,20211.75,88.92,429.99,0.86,1.69,76.06,37.09,5.98,317.29,15.76,183.20,Nashik,Igatpuri (Ghat Zone),Monsoon,"Maize, Finger Millet"
11.42,958.81,757.44,64692.16,63.86,411.70,2.85,3.42,55.73,11.62,6.25,201.17,7.10,153.05,Nashik,Igatpuri (Ghat Zone),Winter,"Rice, Finger Millet"
19.38,991.21,13.29,66071.31,62.02,427.54,0.86,1.83,47.73,15.04,5.14,234.10,10.54,,Raigad,Alibag/Mangaon,Winter,"Coconut, Rice"
15.05,943.22,478.32,476584.54,62.05,404.52,0.18,3.52,39.14,12.36,6.79,237.59,40.02,257.34,Nashik,Baglan/Kalwan,Winter,Bajra
44.33,939.71,523.50,,72.52,327.14,,4.04,84.12,37.05,7.02,216.52,35.38,303.93,Nashik,Niphad/Yeola,Monsoon,Sugarcane
,,588.44,26141.64,97.75,417.26,4.29,1.75,76.21,34.14,7.18,253.15,11.68,163.84,Nashik,,Monsoon,"Maize, Rice, Vegetables"
37.63,1111.50,,16196.92,104.50,444.49,1.45,2.19,78.50,,6.37,236.67,9.26,213.64,Raigad,Alibag/Mangaon,Monsoon,"Vegetables, Mango"
32.73,971.67,14.28,41354.59,79.65,403.33,0.37,4.67,105.34,26.77,6.10,236.70,7.88,216.47,Raigad,Alibag/Mangaon,Monsoon,"Cashew, Banana"
42.74,893.25,567.74,31638.74,71.32,410.64,0.81,,92.14,48.96,7.75,174.98,22.69,231.52,Nashik,Niphad/Yeola,Monsoon,Onion
12.68,1084.70,623.23,78483.87,57.67,428.71,2.74,1.90,51.01,9.82,6.72,226.09,20.21,279.53,Nashik,Niphad/Yeola,Winter,"Pomegranate, Grapes, Wheat"
15.08,991.59,,,,358.97,5.12,2.63,57.91,12.73,6.50,224.61,44.77,,Nashik,Baglan/Kalwan,,Maize
33.96,936.44,780.62,114778.22,27.63,385.29,1.33,3.79,58.45,21.54,7.17,251.16,21.86,226.59,Nashik,Igatpuri (Ghat Zone),,Finger Millet
20.17,906.26,10.13,83580.99,63.29,423.60,4.83,0.75,42.55,14.57,6.65,253.68,16.59,177.06,Raigad,Alibag/Mangaon,Winter,"Coconut, Arecanut"
31.50,864.24,593.36,32696.76,72.12,,,2.35,84.91,,7.05,223.11,49.83,256.11,Nashik,Baglan/Kalwan,Monsoon,Onion
33.03,915.81,51.67,53078.74,96.15,422.23,1.75,0.43,80.11,28.83,5.51,269.10,5.35,239.15,Raigad,Karjat,Monsoon,Ragi
19.04,939.01,,82695.69,56.62,402.56,4.20,,36.70,,5.77,309.92,19.29,259.40,Raigad,Alibag/Mangaon,Winter,"Coconut, Rice"
14.59,1006.90,561.05,78911.52,63.22,459.65,4.66,1.96,50.52,15.73,6.78,216.58,20.75,237.93,Nashik,Niphad/Yeola,Winter,"Pomegranate, Wheat"
44.40,,506.03,15509.84,70.69,410.84,1.26,2.24,73.00,37.99,8.06,238.09,50.19,239.92,Nashik,Baglan/Kalwan,Monsoon,"Groundnut, Bajra"
38.88,854.93,424.42,84527.81,37.73,375.94,2.43,0.50,49.83,33.87,7.26,179.21,41.13,273.44,Nashik,Baglan/Kalwan,Summer,"Maize, Grapes"
12.26,871.60,613.11,78911.86,42.78,409.81,4.35,1.26,55.94,8.71,7.48,269.40,29.07,296.19,,Niphad/Yeola,Winter,"Tomato, Wheat"
19.05,830.19,559.97,81463.25,57.83,450.12,2.34,1.83,61.53,19.05,7.71,247.39,50.57,228.88,Nashik,Baglan/Kalwan,Winter,"Onion, Banana"
13.11,928.22,597.44,88457.57,55.10,441.45,0.30,1.95,47.35,,6.39,321.82,22.75,96.42,Nashik,,Winter,Maize
14.45,745.34,817.89,54147.23,37.93,393.38,3.00,3.70,63.17,10.83,5.50,255.85,12.74,153.06,Nashik,Igatpuri (Ghat Zone),Winter,"Maize, Finger Millet"
33.95,916.79,62.68,41566.45,83.85,386.44,1.81,2.42,91.45,32.45,6.54,251.91,,,Raigad,,Monsoon,Rice
38.46,981.22,637.43,94825.85,38.40,371.79,0.37,0.53,54.03,,6.25,232.81,20.90,233.96,Nashik,Niphad/Yeola,Summer,Wheat
37.39,964.01,604.12,102395.86,32.69,395.75,2.75,1.85,63.97,38.54,6.76,244.21,21.77,305.51,Nashik,Niphad/Yeola,Summer,"Pomegranate, Wheat"
26.21,956.13,7.05,473418.46,25.08,421.80,3.48,1.05,26.32,24.30,5.49,207.11,11.17,263.78,,Alibag/Mangaon,Summer,Cashew
20.70,,62.99,78453.41,52.84,398.01,3.17,0.94,50.87,20.42,5.84,302.84,5.54,216.19,Raigad,Karjat,Winter,"Coconut, Mango"
11.57,878.20,,77975.46,49.59,430.38,2.31,3.42,49.73,8.43,7.27,251.78,21.26,238.15,Nashik,Niphad/Yeola,Winter,Onion
14.21,974.48,62.93,61911.91,52.95,,0.28,0.67,47.48,13.47,6.05,312.33,8.34,194.86,Raigad,Karjat,Winter,"Mango, Vari"
38.05,1011.69,567.41,39644.42,68.04,406.80,1.13,0.23,86.26,39.87,8.12,229.00,22.49,266.40,Nashik,Niphad/Yeola,,"Sugarcane, Wheat"
20.28,992.28,50.17,,39.51,397.37,5.30,3.20,47.60,17.31,5.71,313.63,9.60,263.52,Raigad,,Winter,"Cashew, Coconut"
36.98,884.78,8.13,17821.93,92.72,405.86,,0.95,81.49,28.28,5.86,249.93,10.03,192.88,Raigad,Alibag/Mangaon,Monsoon,"Banana, Coconut"
15.52,915.26,676.59,92275.12,67.04,389.51,2.44,3.60,59.26,12.22,5.83,273.13,5.48,212.21,Nashik,Igatpuri (Ghat Zone),Winter,"Vegetables, Maize"
35.22,858.74,548.32,48065.62,82.73,451.30,4.32,3.67,105.40,26.65,7.79,195.59,21.74,268.53,Nashik,Niphad/Yeola,,Pomegranate
17.57,1132.78,,66779.00,38.37,345.04,5.21,1.32,35.39,14.25,5.38,195.40,10.68,250.66,Raigad,Alibag/Mangaon,Winter,"Cashew, Coconut"
17.19,835.68,571.46,81480.86,40.76,406.38,0.60,2.19,59.53,13.97,7.07,193.11,19.62,323.03,Nashik,Niphad/Yeola,Winter,"Sugarcane, Pomegranate, Onion"
24.89,1076.40,,104237.16,39.28,421.95,4.83,2.48,42.84,19.71,5.50,218.06,18.64,246.24,Nashik,Igatpuri (Ghat Zone),Summer,"Maize, Rice, Vegetables"
32.00,968.50,10.91,29112.71,90.81,447.61,1.35,0.49,92.79,32.53,5.79,282.33,7.39,236.58,Raigad,Alibag/Mangaon,Monsoon,"Coconut, Arecanut"
42.13,1081.66,577.76,36857.32,84.17,425.52,1.81,1.18,75.68,36.68,6.92,,53.29,,Nashik,Baglan/Kalwan,Monsoon,"Groundnut, Bajra"
,989.22,880.48,21216.12,94.59,410.92,1.13,3.05,87.57,31.74,6.37,280.13,14.91,129.55,Nashik,Igatpuri (Ghat Zone),Monsoon,"Vegetables, Rice, Finger Millet"
18.58,1015.87,63.71,69521.08,38.25,427.34,4.26,3.73,,15.86,5.36,253.43,6.58,210.58,Raigad,Karjat,,Cashew
16.79,976.68,,74355.78,60.09,440.51,0.95,1.60,56.91,14.24,5.46,287.75,17.28,195.74,Nashik,Igatpuri (Ghat Zone),Winter,Rice
28.49,944.12,496.49,93881.72,42.17,445.26,,3.57,34.27,29.90,6.88,165.88,56.13,245.75,Nashik,Baglan/Kalwan,Summer,Mango
16.96,908.45,53.91,84643.72,69.15,431.52,1.46,3.24,46.78,13.56,5.53,281.99,9.61,222.13,Raigad,Karjat,Winter,"Cashew, Mango"
38.25,920.78,502.61,,76.30,397.21,0.49,,87.95,36.87,,239.41,22.21,289.32,,Niphad/Yeola,Monsoon,"Onion, Grapes"
27.41,1139.12,5.17,102703.65,38.31,393.83,4.83,3.66,23.09,26.60,6.01,,12.34,208.69,Raigad,Alibag/Mangaon,Summer,"Arecanut, Mango"
33.34,962.07,694.26,38812.16,,404.50,0.76,1.83,84.92,28.94,5.92,,16.80,168.39,Nashik,Igatpuri (Ghat Zone),Monsoon,"Vegetables, Finger Millet"
21.95,925.22,8.66,59168.77,67.25,388.12,3.09,0.46,36.05,16.28,6.92,218.65,11.63,220.37,Raigad,Alibag/Mangaon,Winter,Mango
15.36,962.97,530.93,78133.31,45.37,,3.33,2.21,40.09,13.31,7.36,256.28,24.96,238.01,Nashik,Niphad/Yeola,Winter,"Onion, Pomegranate, Grapes"
35.66,947.91,54.39,53540.30,87.48,421.00,1.24,1.11,83.67,32.12,6.07,238.25,2.98,166.61,Raigad,Karjat,Monsoon,"Ragi, Coconut, Vari"
21.71,929.98,798.76,93961.29,25.97,461.58,5.04,0.34,48.84,20.97,7.00,251.88,23.92,257.82,Nashik,Igatpuri (Ghat Zone),Summer,"Vegetables, Rice, Maize"
35.49,940.05,648.61,,85.77,,1.32,2.54,85.54,33.14,6.28,236.45,13.00,207.56,Nashik,Igatpuri (Ghat Zone),Monsoon,Vegetables
43.86,1127.29,593.37,16192.68,74.53,379.13,2.06,2.36,96.19,37.17,7.60,208.68,44.42,224.13,Nashik,Baglan/Kalwan,Monsoon,Grapes
14.15,976.59,524.94,86214.63,40.76,435.63,1.47,1.34,65.90,9.69,,225.56,62.53,265.17,Nashik,Baglan/Kalwan,Winter,Onion
27.92,1109.84,998.94,103872.84,41.72,401.26,2.54,0.55,58.53,27.78,6.47,238.44,15.32,,Nashik,Igatpuri (Ghat Zone),Summer,"Maize, Rice"
26.70,839.64,571.13,20234.66,70.66,381.38,3.36,2.40,97.04,22.91,7.19,194.69,,332.50,Nashik,Niphad/Yeola,Monsoon,"Onion, Grapes"
18.78,1046.15,52.90,71623.40,47.09,413.44,0.33,2.66,57.24,13.21,5.60,270.82,4.98,242.18,,Karjat,Winter,Coconut
,,,,,,,,,,,,,,,,,"Sugarcane, Banana"
24.12,866.81,624.65,123457.47,41.43,415.90,,2.75,50.75,18.98,7.14,247.55,18.70,,Nashik,Niphad/Yeola,Summer,Grapes
34.27,943.96,456.66,32378.22,76.83,427.66,4.85,3.55,94.44,25.75,7.75,192.00,40.18,255.73,,Baglan/Kalwan,Monsoon,"Soybean, Bajra, Mango"
17.21,991.84,64.30,86851.30,50.33,414.51,2.04,2.80,40.89,15.38,5.43,288.58,,194.03,Raigad,Karjat,Winter,Vari
33.20,1038.34,544.76,45031.21,76.42,,1.75,3.51,100.53,34.06,7.12,276.60,18.83,258.58,Nashik,Niphad/Yeola,Monsoon,"Pomegranate, Tomato, Wheat"
,915.61,557.80,81498.53,,402.66,3.91,1.72,54.11,9.56,6.36,221.30,,236.03,Nashik,,Winter,Maize
33.73,1048.45,625.54,39387.44,83.91,,0.34,2.35,,32.91,7.69,220.52,29.34,229.77,Nashik,Niphad/Yeola,Monsoon,Pomegranate
25.82,1015.86,5.35,87470.44,30.29,384.39,0.54,3.68,15.02,25.39,5.78,220.09,6.96,232.58,Raigad,Alibag/Mangaon,Summer,Mango
36.54,1051.57,59.13,95560.28,18.53,397.18,1.52,3.82,14.32,29.04,5.42,274.23,131.00,265.89,Raigad,Karjat,Summer,"Ragi, Coconut"
17.29,1039.66,4.41,61354.58,64.54,416.84,2.23,1.82,49.26,13.70,5.61,261.64,11.29,,Raigad,Alibag/Mangaon,Winter,Cashew
,,,,,,,,,,,,,,,,,Rice
,1031.87,506.18,,51.00,422.15,1.45,2.10,,8.61,6.48,245.48,32.28,291.90,Nashik,Niphad/Yeola,Winter,Wheat
36.45,878.67,,19118.91,89.31,407.54,,3.82,103.84,37.98,,291.25,4.52,203.94,Raigad,Karjat,Monsoon,Coconut
25.48,861.69,,72371.07,58.23,393.34,3.22,1.17,47.60,27.55,6.95,270.06,30.99,276.12,Nashik,Niphad/Yeola,,Tomato
19.02,1105.95,61.79,66650.99,57.04,415.77,3.50,,34.91,18.47,5.34,251.01,4.82,219.46,Raigad,Karjat,Winter,"Coconut, Rice"
18.52,995.21,57.50,59961.77,51.24,429.00,2.74,0.82,28.99,15.33,5.73,232.18,5.04,244.27,Raigad,Karjat,Winter,Green Gram
18.76,1011.57,51.66,88313.82,63.32,419.77,3.24,3.64,44.75,14.86,6.21,276.40,4.58,218.68,Raigad,Karjat,Winter,"Coconut, Rice"
33.09,897.98,,20091.26,93.21,461.74,3.46,0.85,,39.58,7.01,244.93,47.08,234.24,Nashik,Baglan/Kalwan,Monsoon,"Onion, Grapes"
30.35,950.21,811.93,91277.94,26.08,368.73,3.05,1.20,53.58,26.94,6.48,263.52,21.22,218.97,Nashik,Igatpuri (Ghat Zone),Summer,"Vegetables, Maize"
30.61,960.25,6.90,105207.44,29.62,426.34,,2.42,23.26,25.84,6.20,330.16,,199.85,Raigad,Alibag/Mangaon,Summer,Banana
39.29,1017.70,51.53,20301.20,,388.26,2.34,0.76,90.95,31.20,4.96,311.05,5.27,205.15,Raigad,Karjat,Monsoon,"Coconut, Mango"
15.41,1032.15,54.20,82035.18,57.74,380.20,1.36,0.50,51.06,14.12,5.68,232.48,10.12,213.10,Raigad,Karjat,Winter,"Cashew, Green Gram, Vari"
12.81,1017.41,852.78,69330.20,44.58,546.73,2.48,1.41,55.64,11.19,5.71,276.50,,174.29,Nashik,Igatpuri (Ghat Zone),Winter,"Vegetables, Finger Millet"
16.83,844.11,659.66,75506.87,66.03,378.84,0.15,1.21,63.93,13.95,6.95,223.49,17.69,178.04,Nashik,Igatpuri (Ghat Zone),,Rice
20.30,971.38,541.90,77919.01,56.47,390.95,0.83,0.17,58.72,19.28,7.33,212.09,21.69,280.22,Nashik,Niphad/Yeola,Winter,"Sugarcane, Grapes"
19.30,898.68,,74826.65,47.94,,4.82,1.95,30.58,18.75,5.88,275.09,9.55,,Raigad,Alibag/Mangaon,Winter,Coconut
29.71,1030.53,584.74,43470.65,70.01,,1.59,3.47,87.93,25.86,8.24,221.53,23.08,307.92,Nashik,Niphad/Yeola,Monsoon,"Onion, Pomegranate"
42.92,1001.34,469.91,50392.39,64.37,436.77,4.85,2.69,,36.89,7.00,187.07,37.94,238.69,Nashik,Baglan/Kalwan,Monsoon,Maize
27.40,942.46,51.68,64911.02,55.85,415.75,4.02,,59.59,23.35,5.93,300.71,7.50,223.33,Raigad,,Winter,"Ragi, Vegetables, Mango"
38.96,902.57,559.84,105671.25,20.93,1599.54,0.81,3.20,56.53,30.86,7.99,206.44,,269.54,Nashik,,Summer,Grapes
23.50,951.51,46.88,81891.21,38.38,436.70,0.70,0.92,40.29,18.88,6.61,249.36,8.01,189.69,Raigad,,Winter,"Cashew, Green Gram, Mango"
,1148.44,5.72,77010.78,46.50,444.93,3.69,2.61,49.93,,6.26,286.96,6.43,215.82,Raigad,Alibag/Mangaon,Winter,"Cashew, Rice"
32.97,1012.05,73.62,99762.21,30.46,425.84,2.74,1.19,13.33,34.14,5.15,286.80,11.00,228.71,Raigad,Karjat,Summer,Coconut
35.64,1003.39,14.28,37922.57,94.91,,1.46,1.98,67.24,26.78,6.01,276.20,,209.34,Raigad,Alibag/Mangaon,Monsoon,Arecanut
31.04,846.94,554.69,48830.11,83.32,471.88,3.55,1.09,96.65,32.91,7.66,221.86,23.36,295.51,Nashik,Niphad/Yeola,Monsoon,Grapes
26.97,989.60,68.91,114632.48,41.71,438.75,0.85,2.67,23.56,25.49,5.68,235.40,9.75,200.95,Raigad,,Summer,"Green Gram, Rice"
42.70,914.17,569.83,31216.80,80.56,384.37,3.87,0.48,100.18,45.43,7.05,269.66,17.27,292.90,Nashik,Niphad/Yeola,Monsoon,"Pomegranate, Wheat"
21.68,1049.45,417.17,104949.05,,395.40,3.90,2.77,45.27,18.40,7.15,262.32,33.08,211.50,Nashik,Baglan/Kalwan,Summer,"Onion, Banana"
25.63,1129.71,,101185.09,31.66,499.81,1.70,2.30,21.16,16.64,,228.44,99.69,243.53,Raigad,,Summer,"Green Gram, Coconut"
44.29,901.90,552.86,47219.51,77.73,413.17,1.26,2.01,82.68,38.94,7.20,239.82,23.24,342.36,Nashik,,Monsoon,"Sugarcane, Tomato"
15.75,924.26,498.79,88329.51,57.15,389.70,1.96,0.95,67.72,13.19,7.32,254.22,23.78,231.69,Nashik,Niphad/Yeola,Winter,Pomegranate
27.84,952.85,566.95,,36.76,396.79,0.71,,52.62,24.39,7.13,227.40,23.47,267.66,Nashik,Niphad/Yeola,Summer,Grapes
41.94,979.45,540.56,42437.67,87.91,438.08,4.62,1.44,90.69,41.09,7.25,157.13,45.06,234.56,Nashik,Baglan/Kalwan,Monsoon,"Grapes, Tomato"
13.30,898.87,627.29,68145.91,,,,2.44,44.51,11.34,6.95,184.07,42.98,275.08,Nashik,Baglan/Kalwan,Winter,"Groundnut, Grapes"
15.16,873.03,578.66,83887.52,52.53,401.31,,1.63,56.09,11.65,7.48,154.71,48.01,256.93,Nashik,,,"Groundnut, Maize, Onion"
17.39,989.57,11.52,90743.04,43.03,401.95,1.60,2.41,31.27,16.61,5.40,251.46,11.95,210.03,Raigad,Alibag/Mangaon,Winter,Banana
27.74,1119.96,63.25,110523.13,32.10,464.72,3.20,4.30,17.40,21.47,5.46,262.48,3.67,166.00,Raigad,Karjat,Summer,"Cashew, Rice, Mango"
23.01,916.00,582.80,,51.98,389.32,4.04,3.59,59.73,,7.32,216.52,41.02,224.47,Nashik,Baglan/Kalwan,Winter,Soybean
32.93,960.38,584.52,117441.64,36.33,346.24,0.54,3.26,57.54,23.86,7.16,252.85,34.65,275.14,Nashik,Baglan/Kalwan,Summer,"Grapes, Bajra, Mango"
13.67,1001.38,638.18,73744.98,39.97,395.48,0.55,2.70,59.41,9.21,6.22,285.58,15.16,175.57,Nashik,Igatpuri (Ghat Zone),Winter,Finger Millet
33.98,858.71,576.07,21730.18,85.17,411.59,5.07,1.57,100.24,,7.10,239.29,42.80,216.81,Nashik,Baglan/Kalwan,Monsoon,"Onion, Grapes"
14.97,1022.82,604.93,82325.94,53.82,,1.72,2.51,55.86,12.67,6.75,246.50,49.02,241.76,Nashik,Baglan/Kalwan,Winter,"Onion, Tomato"
10.83,1027.12,499.61,76804.03,63.49,417.09,,1.93,48.44,8.03,7.58,257.28,24.16,323.29,Nashik,Niphad/Yeola,Winter,"Tomato, Wheat"
21.29,913.79,599.51,69402.94,48.88,361.33,3.27,0.83,61.36,19.53,7.36,265.24,16.24,206.75,Nashik,Igatpuri (Ghat Zone),Winter,Finger Millet
30.29,1012.56,615.00,34417.93,82.09,458.60,2.32,3.97,77.94,25.17,7.96,230.04,26.28,6317.02,Nashik,Niphad/Yeola,Monsoon,"Grapes, Tomato, Wheat"
31.17,1098.19,10.37,44402.86,102.90,408.97,2.08,1.39,103.10,25.61,6.01,257.64,13.17,257.51,Raigad,Alibag/Mangaon,Monsoon,Arecanut
25.87,908.09,530.83,103440.47,21.67,402.73,0.49,1.52,,21.82,7.30,219.97,40.34,219.93,Nashik,Baglan/Kalwan,Summer,Groundnut
14.56,988.68,875.91,80618.17,53.03,400.88,3.76,2.54,46.71,12.47,,226.56,15.87,217.94,Nashik,Igatpuri (Ghat Zone),Winter,"Banana, Rice"
27.43,1079.22,10.28,27823.04,97.67,352.98,0.47,2.10,90.98,23.30,5.26,308.79,6.44,182.90,Raigad,Alibag/Mangaon,,"Banana, Mango"
21.18,1048.50,6.91,86819.37,64.05,425.00,4.05,0.97,58.67,18.30,5.83,270.30,11.04,240.14,Raigad,Alibag/Mangaon,Winter,Mango
37.37,871.80,565.28,92106.10,26.07,415.20,0.26,3.97,44.96,,7.46,236.84,27.72,246.74,Nashik,Niphad/Yeola,Summer,Pomegranate
13.99,910.38,578.37,75545.29,53.09,419.37,0.24,3.23,66.66,11.44,7.57,193.28,14.95,192.93,Nashik,Niphad/Yeola,Winter,Tomato
23.86,1037.25,6.08,65473.08,35.88,381.36,3.27,0.27,38.78,25.91,5.33,282.97,4.78,,,Alibag/Mangaon,Winter,"Cashew, Banana, Mango"
22.10,1005.28,12.70,65989.48,61.98,394.58,0.20,2.30,53.31,16.11,5.45,291.81,12.89,261.61,Raigad,Alibag/Mangaon,Winter,Mango
22.07,949.51,496.64,61012.62,39.06,406.37,2.07,0.34,43.91,19.22,7.55,251.08,38.58,236.58,Nashik,Baglan/Kalwan,Winter,"Onion, Grapes"
34.06,920.73,414.14,14618.32,73.80,409.55,1.92,1.89,95.50,31.69,7.55,170.02,39.70,238.75,Nashik,Baglan/Kalwan,Monsoon,Bajra
33.04,982.31,,32811.73,86.78,445.71,0.94,0.36,91.88,33.16,6.55,239.48,6.32,211.27,Raigad,Karjat,Monsoon,"Green Gram, Coconut, Rice"
34.16,994.81,57.70,46680.97,81.01,402.07,3.79,1.56,92.00,31.15,5.55,251.21,6.72,,Raigad,Karjat,Monsoon,"Rice, Mango"
18.14,864.32,655.00,626351.20,63.63,400.02,,3.94,66.71,18.95,6.49,298.73,,200.52,Nashik,Igatpuri (Ghat Zone),Winter,"Vegetables, Rice, Finger Millet"
42.70,970.81,449.93,,75.78,348.34,,1.41,81.86,38.43,6.85,229.99,59.46,283.54,,Baglan/Kalwan,Monsoon,"Onion, Maize, Bajra"
36.25,968.64,,57402.92,74.66,420.26,2.36,0.38,74.74,33.33,6.57,273.20,29.73,289.97,Nashik,Baglan/Kalwan,Monsoon,"Groundnut, Mango"
27.77,1073.79,649.25,53168.60,95.55,425.38,2.47,0.93,89.45,30.30,6.53,219.60,14.78,193.85,Nashik,Igatpuri (Ghat Zone),Monsoon,Maize
,883.36,543.15,71784.93,44.45,382.39,0.80,2.54,46.44,17.02,,262.12,48.16,255.32,Nashik,Baglan/Kalwan,Winter,Onion
20.61,,,78166.89,52.33,439.58,0.98,0.61,39.60,13.43,5.44,271.26,13.15,,Raigad,Alibag/Mangaon,Winter,Arecanut
15.89,1007.21,574.96,88716.04,53.39,404.56,3.48,1.95,63.13,13.85,6.80,273.36,22.07,258.56,Nashik,Niphad/Yeola,Winter,"Pomegranate, Tomato"
34.12,979.02,654.09,36206.48,83.05,424.57,1.14,0.85,93.32,34.73,5.98,207.00,,200.56,Nashik,Igatpuri (Ghat Zone),Monsoon,"Vegetables, Rice"
29.10,1120.63,8.86,31259.61,103.27,424.55,2.67,2.24,98.19,28.21,5.21,270.99,7.93,244.96,,Alibag/Mangaon,Monsoon,Coconut
19.44,1103.59,523.74,95904.59,62.89,409.94,0.49,2.92,64.90,13.00,5.97,193.80,50.21,260.96,Nashik,Baglan/Kalwan,Winter,"Bajra, Mango"
,,,,31.04,372.95,0.29,,25.90,23.52,,,,204.49,Raigad,Alibag/Mangaon,,"Rice, Mango"
29.64,954.47,10.62,46738.05,97.88,433.61,1.39,2.72,81.14,31.05,,249.19,8.27,,Raigad,,Monsoon,Coconut
20.50,836.57,491.94,78109.41,47.41,464.10,2.42,0.46,46.54,16.68,7.17,224.24,17.17,252.03,Nashik,Niphad/Yeola,Winter,"Sugarcane, Banana"
,986.95,729.97,94545.85,18.28,452.39,0.42,0.15,54.04,18.54,6.33,289.02,13.13,238.81,Nashik,Igatpuri (Ghat Zone),Summer,Vegetables
,971.72,492.01,69950.45,48.96,370.57,,0.10,45.34,12.70,6.18,268.15,54.48,278.82,Nashik,Baglan/Kalwan,Winter,"Groundnut, Mango"
29.59,944.02,7.17,48106.73,93.98,405.05,0.36,3.06,88.38,28.26,6.12,244.05,6.87,216.25,Raigad,Alibag/Mangaon,Monsoon,"Cashew, Rice"
25.43,1051.67,57.68,77435.90,60.45,413.00,4.86,2.24,49.63,23.36,5.86,266.66,13.07,247.19,Raigad,Karjat,,Mango
,1022.56,602.25,40045.44,86.16,384.29,2.18,1.68,92.27,25.83,6.32,,14.93,179.20,Nashik,Igatpuri (Ghat Zone),Monsoon,"Maize, Finger Millet"
21.07,773.47,845.91,115886.96,25.82,417.27,2.85,2.68,51.36,23.02,7.08,275.27,16.87,119.88,Nashik,Igatpuri (Ghat Zone),Summer,Finger Millet
37.77,1173.17,60.80,15640.55,91.33,397.62,2.27,1.32,86.66,35.99,5.95,234.93,11.53,201.80,Raigad,Karjat,Monsoon,"Cashew, Coconut, Green Gram"
35.03,884.03,542.15,26531.09,64.04,381.75,3.28,1.01,,27.07,,181.15,23.16,337.09,Nashik,Niphad/Yeola,Monsoon,Sugarcane
18.78,993.70,567.64,,48.49,460.32,2.53,3.96,43.76,17.51,7.56,202.86,46.85,219.58,Nashik,Baglan/Kalwan,Winter,"Maize, Soybean"
43.06,914.58,557.29,29998.26,71.41,443.74,2.50,1.16,94.05,43.56,8.18,245.29,18.80,295.50,Nashik,Niphad/Yeola,Monsoon,"Pomegranate, Wheat"
21.45,,470.36,100617.79,20.58,377.75,1.06,1.10,,,7.11,182.04,54.83,249.91,Nashik,Baglan/Kalwan,Summer,Maize
18.99,969.93,501.32,79367.41,49.00,417.14,3.92,1.75,61.06,17.35,7.06,262.41,57.84,259.29,Nashik,Baglan/Kalwan,Winter,Soybean
37.86,871.34,770.58,15111.31,97.79,408.13,2.50,2.39,88.83,27.62,6.29,273.43,13.45,164.73,Nashik,Igatpuri (Ghat Zone),Monsoon,"Maize, Vegetables"
14.50,942.91,775.68,101438.14,66.54,439.21,2.80,1.12,55.21,15.35,6.75,226.64,4.58,181.86,Nashik,Igatpuri (Ghat Zone),Winter,Finger Millet
32.31,1152.13,12.12,90606.57,42.79,426.72,4.64,,18.20,28.81,,325.64,8.11,200.59,Raigad,,Summer,Cashew
12.40,1009.17,610.94,61806.45,49.56,384.31,1.28,3.54,61.77,6.76,7.60,253.50,17.35,222.72,Nashik,,Winter,"Onion, Pomegranate"
27.80,1048.01,11.03,18802.57,107.13,669.07,3.92,1.22,95.86,22.68,,,7.83,,Raigad,Alibag/Mangaon,Monsoon,"Cashew, Sugarcane"
21.07,974.51,550.30,91028.02,59.64,470.61,4.03,1.22,43.98,17.90,7.69,236.86,31.12,227.39,Nashik,Niphad/Yeola,Winter,Sugarcane
20.46,918.16,798.01,68264.06,56.40,448.68,1.45,1.38,64.87,17.35,6.66,304.17,10.35,166.58,Nashik,Igatpuri (Ghat Zone),Winter,"Vegetables, Maize, Finger Millet"
,1076.02,494.00,82547.99,39.45,430.71,1.96,0.52,,9.21,6.96,197.61,,260.22,Nashik,Baglan/Kalwan,,Mango
17.36,968.02,61.36,64761.63,66.56,396.15,,,38.60,15.15,5.25,276.02,5.83,192.37,Raigad,Karjat,Winter,Mango
,945.14,7.44,71209.96,58.05,430.29,,2.39,29.75,16.65,5.29,311.88,8.69,206.56,Raigad,Alibag/Mangaon,Winter,"Banana, Rice"
30.95,1115.18,6.27,114591.26,24.40,447.33,1.29,3.03,23.55,35.89,6.16,287.34,12.41,216.75,Raigad,Alibag/Mangaon,Summer,"Coconut, Arecanut"
20.76,999.39,,120217.20,30.01,425.94,,1.68,60.32,22.34,6.84,243.66,29.40,281.49,Nashik,Niphad/Yeola,Summer,Grapes
34.88,1012.97,529.34,101899.27,38.64,,3.81,3.43,60.04,32.84,7.79,213.55,18.71,266.16,Nashik,Niphad/Yeola,Summer,Tomato
34.49,1031.60,53.93,33017.34,,399.97,2.85,2.45,81.58,,6.03,280.77,4.87,223.51,Raigad,Karjat,Monsoon,Green Gram
18.40,990.86,523.83,95193.53,59.76,436.32,1.62,2.02,64.66,14.06,7.29,184.35,47.86,323.66,Nashik,Baglan/Kalwan,Winter,Mango
28.04,,800.69,103482.22,34.75,422.89,1.27,1.68,,30.14,6.90,285.03,10.26,136.15,Nashik,Igatpuri (Ghat Zone),Summer,"Vegetables, Rice"
13.59,808.68,868.75,58342.23,37.52,435.42,4.38,2.67,48.45,10.64,6.20,298.70,10.35,258.22,Nashik,Igatpuri (Ghat Zone),Winter,"Maize, Vegetables"
41.54,982.57,57.08,,94.74,416.81,3.25,1.31,,34.79,5.49,266.65,9.80,217.69,Raigad,Karjat,Monsoon,Mango
23.87,954.90,544.32,69694.18,,,4.15,1.91,58.83,21.72,7.72,263.89,14.57,243.13,Nashik,Niphad/Yeola,Winter,Grapes
30.55,973.14,,88967.15,42.21,388.10,1.78,1.99,26.15,34.41,5.67,272.13,5.80,175.51,Raigad,Karjat,Summer,"Ragi, Cashew"
28.44,971.56,503.56,99658.04,19.55,426.71,3.32,1.60,45.85,,6.23,217.23,31.71,281.59,Nashik,Baglan/Kalwan,Summer,Soybean
19.71,946.11,564.96,66101.54,,420.00,3.83,1.69,52.56,,7.72,221.69,23.59,270.26,Nashik,Niphad/Yeola,Winter,"Groundnut, Tomato, Wheat"
34.28,1030.58,14.72,48946.64,90.23,,2.12,,87.73,33.93,6.51,276.41,8.40,242.76,Raigad,Alibag/Mangaon,Monsoon,"Coconut, Rice, Mango"
26.49,898.11,8.70,102123.60,41.86,478.02,2.25,1.80,22.07,24.11,5.69,304.67,8.74,204.59,Raigad,Alibag/Mangaon,Summer,"Cashew, Banana"
35.86,1050.28,63.05,37740.20,90.61,415.26,4.61,0.96,93.92,36.78,5.13,280.05,7.50,202.71,Raigad,Karjat,Monsoon,"Rice, Mango"
23.02,948.30,,66041.69,69.06,408.61,2.96,,41.81,15.99,7.65,216.23,27.16,239.67,Nashik,Niphad/Yeola,Winter,Pomegranate
26.27,950.13,14.21,103539.60,32.25,407.58,0.74,0.71,25.69,22.74,5.26,300.28,9.06,264.96,Raigad,Alibag/Mangaon,Summer,"Cashew, Tomato"
35.86,1025.43,61.23,45261.02,82.49,363.89,0.13,1.74,94.51,35.01,5.66,,5.45,190.62,Raigad,Karjat,,"Coconut, Mango"
20.12,995.08,5.79,77953.64,53.12,452.97,5.25,,46.38,16.91,,284.66,10.94,191.45,Raigad,Alibag/Mangaon,Winter,"Coconut, Arecanut"
13.45,1016.87,652.61,60137.23,62.17,414.33,3.36,1.20,46.58,10.49,,261.50,14.61,118.29,Nashik,Igatpuri (Ghat Zone),Winter,"Maize, Finger Millet"
23.11,,746.92,79596.77,59.46,983.39,1.27,1.78,,,6.57,318.22,15.59,199.88,,Igatpuri (Ghat Zone),,Maize
29.39,1008.90,580.28,59601.79,,421.23,2.25,0.50,100.55,23.62,7.52,283.48,27.34,240.20,Nashik,Niphad/Yeola,Monsoon,Onion
28.09,1010.91,5.80,18114.27,89.18,441.54,1.82,2.60,83.78,26.38,6.33,278.80,10.84,222.36,Raigad,Alibag/Mangaon,Monsoon,"Cashew, Coconut, Cotton, Rice"
25.04,995.74,768.05,67728.50,49.10,425.33,3.19,2.80,58.96,20.38,5.93,204.29,16.16,169.01,Nashik,Igatpuri (Ghat Zone),Winter,Vegetables
40.92,988.23,71.70,41958.01,98.36,463.25,4.21,3.61,91.29,38.19,6.05,291.20,11.88,211.30,Raigad,Karjat,Monsoon,"Ragi, Groundnut"
42.59,,613.92,39606.19,,446.16,0.30,1.13,92.16,47.40,7.29,242.94,29.55,267.36,Nashik,Niphad/Yeola,Monsoon,"Pomegranate, Tomato"
17.64,1034.74,74.02,76770.56,40.21,390.19,2.68,4.13,40.42,16.64,5.40,186.20,10.55,,Raigad,Alibag/Mangaon,Winter,"Cashew, Mango"
23.70,1159.46,49.27,64353.10,48.21,381.63,3.68,2.89,39.21,17.50,5.82,251.05,7.47,235.94,Raigad,Karjat,Winter,Coconut
37.67,903.88,612.70,43652.98,81.06,392.43,3.33,3.04,83.64,35.09,,188.24,25.28,280.45,,Niphad/Yeola,Monsoon,"Onion, Tomato"
,1045.90,759.41,,26.06,442.22,0.92,3.97,45.49,28.99,6.91,309.42,13.28,238.22,Nashik,Igatpuri (Ghat Zone),Summer,"Sugarcane, Maize, Rice"
20.55,1011.33,552.60,70097.85,49.32,465.13,2.46,3.71,,17.09,6.09,175.24,56.06,220.25,Nashik,,Winter,"Grapes, Bajra"
34.59,993.10,755.26,91976.25,29.57,409.36,2.24,2.84,72.92,30.15,6.22,214.63,23.51,283.70,Nashik,Igatpuri (Ghat Zone),Summer,"Sugarcane, Maize, Rice"
,819.46,613.21,48673.48,86.18,430.41,2.51,1.25,89.69,22.38,5.91,212.74,19.38,255.99,Nashik,,Monsoon,"Vegetables, Finger Millet"
,1113.84,53.33,37712.45,93.44,423.93,0.25,4.00,91.58,34.70,4.91,226.87,10.06,206.25,Raigad,Karjat,Monsoon,"Ragi, Coconut"
26.72,988.38,608.87,31570.67,64.57,381.46,0.47,2.94,79.60,26.17,6.16,201.87,7.89,389.09,Nashik,Niphad/Yeola,Monsoon,"Grapes, Wheat"
23.84,908.36,,83138.43,41.42,433.80,0.53,0.62,32.98,21.41,5.50,330.95,11.49,253.37,,Alibag/Mangaon,Winter,"Cashew, Rice"
31.57,1015.12,58.55,118609.37,47.67,348.03,2.97,2.84,22.30,23.82,6.06,275.89,10.22,,Raigad,Karjat,Summer,"Green Gram, Coconut, Ragi"
17.07,807.04,603.90,80608.00,56.54,429.07,0.80,1.24,42.53,14.75,7.57,,37.24,259.48,Nashik,Baglan/Kalwan,Winter,"Maize, Mango"
14.01,864.11,473.55,65229.62,47.74,417.33,0.91,2.91,39.19,12.67,,186.75,,,Nashik,Baglan/Kalwan,Winter,Groundnut
17.37,,56.40,65111.64,60.86,475.61,4.77,2.76,45.24,13.36,5.10,260.85,9.19,228.99,Raigad,Karjat,Winter,"Ragi, Rice"
41.36,936.62,517.77,27000.24,84.42,399.88,0.12,3.25,,36.24,6.78,224.61,54.78,239.53,Nashik,Baglan/Kalwan,Monsoon,"Onion, Groundnut, Wheat"
25.58,984.87,50.63,98208.95,25.87,393.71,2.02,2.33,22.19,25.70,5.52,281.23,11.16,223.46,Raigad,Karjat,Summer,"Cashew, Green Gram, Vari"
23.76,983.66,62.07,87705.80,52.74,454.85,1.32,2.92,53.70,18.92,6.33,280.26,10.25,208.05,Raigad,Karjat,Winter,"Ragi, Green Gram"
42.41,946.89,619.63,,76.15,437.42,4.82,1.07,84.18,34.84,6.55,261.70,18.02,234.17,,Niphad/Yeola,Monsoon,"Sugarcane, Wheat"
,1006.93,620.15,,81.69,394.27,0.17,0.97,83.48,34.79,7.03,247.82,58.41,264.79,Nashik,Baglan/Kalwan,Monsoon,"Onion, Bajra"
14.88,973.27,573.14,91413.21,43.75,367.32,,,48.90,10.73,7.40,239.80,32.02,283.63,Nashik,Baglan/Kalwan,Winter,Onion
13.45,937.56,895.22,68545.98,39.85,365.51,4.10,0.27,60.58,9.54,6.42,229.84,,180.91,Nashik,Igatpuri (Ghat Zone),Winter,"Maize, Rice"
13.95,888.92,776.55,65094.84,49.70,411.31,5.11,1.75,,10.03,7.36,217.96,12.61,211.74,Nashik,Igatpuri (Ghat Zone),Winter,"Rice, Finger Millet"
,963.88,651.19,78753.61,56.65,366.63,4.28,2.51,42.10,13.62,7.12,225.93,15.93,215.78,Nashik,Igatpuri (Ghat Zone),Winter,"Maize, Vegetables"
16.78,,535.27,60512.44,67.57,385.98,2.76,0.53,60.94,13.29,7.77,221.55,37.07,,Nashik,Niphad/Yeola,Winter,"Pomegranate, Grapes"
41.33,966.30,435.37,34263.55,,446.67,,,,40.56,,,,245.53,,,,Grapes
32.07,1082.01,64.62,48121.47,83.16,393.05,0.55,1.80,88.03,29.37,6.29,333.55,6.90,214.97,,Karjat,Monsoon,"Ragi, Cashew"
26.01,1049.93,7.36,86714.44,32.87,445.27,4.59,1.25,14.44,21.04,5.53,240.46,9.50,179.55,Raigad,Alibag/Mangaon,Summer,"Banana, Arecanut, Mango"
34.03,1040.09,9.61,44921.96,87.36,396.84,1.79,0.74,90.35,27.66,,353.93,8.82,208.63,,Alibag/Mangaon,,Banana
9.75,997.89,561.24,70823.01,50.01,420.77,1.07,2.66,49.53,7.95,7.51,212.40,,367.49,Nashik,Niphad/Yeola,Winter,Tomato
21.54,945.06,784.14,104373.40,,433.21,4.00,1.00,61.18,17.50,6.62,250.03,7.19,198.48,Nashik,Igatpuri (Ghat Zone),Summer,Rice
14.77,1078.43,67.02,90713.94,51.50,372.10,2.77,2.57,,16.82,5.34,267.27,6.75,172.91,Raigad,Karjat,Winter,"Cashew, Green Gram"
27.45,932.21,498.17,79388.85,59.91,365.84,5.27,1.24,46.66,23.33,7.94,219.49,54.83,206.09,Nashik,Baglan/Kalwan,Winter,"Onion, Mango"
29.94,997.60,533.23,,40.87,415.46,0.49,4.16,,29.81,7.79,271.94,34.90,258.06,Nashik,Niphad/Yeola,,Wheat
31.37,927.86,585.15,111555.31,45.41,394.37,5.21,3.26,43.99,29.45,7.63,,32.52,302.54,Nashik,,Summer,"Sugarcane, Tomato"
25.75,1006.55,8.37,100544.81,34.44,434.36,0.30,2.35,25.25,25.14,,293.66,11.67,216.52,Raigad,Alibag/Mangaon,Summer,"Coconut, Banana"
29.15,931.33,736.99,92222.79,26.68,407.56,1.21,3.21,42.04,,6.86,199.88,12.71,228.97,Nashik,Igatpuri (Ghat Zone),Summer,Finger Millet
31.51,963.89,65.67,95167.60,,416.40,1.76,1.23,13.49,23.68,5.40,233.46,,250.26,Raigad,,Summer,"Cashew, Coconut"
,873.96,,59975.43,43.57,438.06,0.87,2.89,49.94,23.19,5.46,308.87,9.36,262.99,Raigad,Karjat,Winter,"Coconut, Mango"
13.11,1001.76,779.61,,49.71,457.90,2.77,2.08,41.87,12.48,6.63,235.14,17.59,223.32,Nashik,Igatpuri (Ghat Zone),Winter,"Maize, Rice, Vegetables"
17.96,931.55,544.26,65991.88,38.92,441.58,3.91,0.18,62.63,14.59,7.65,251.97,18.92,267.32,Nashik,Niphad/Yeola,Winter,Onion
34.89,891.07,696.56,50574.07,104.15,,1.53,0.88,85.81,23.17,7.05,299.62,13.35,151.29,Nashik,Igatpuri (Ghat Zone),Monsoon,"Maize, Finger Millet"
15.68,1030.94,12.69,77746.12,,351.27,2.63,3.65,50.78,15.08,5.82,,6.09,227.94,Raigad,Alibag/Mangaon,Winter,"Banana, Rice, Coconut"
15.42,921.45,534.55,79608.90,43.28,438.40,3.40,0.72,59.24,11.94,7.98,175.12,19.37,317.62,Nashik,Niphad/Yeola,Winter,Grapes
39.40,953.17,6.44,67101.92,95.06,433.12,1.81,1.35,94.68,30.35,5.47,248.13,12.35,287.49,Raigad,Alibag/Mangaon,Monsoon,"Vegetables, Mango"
15.82,885.46,586.19,82451.73,61.53,394.88,3.70,1.76,57.92,13.95,7.19,267.40,30.24,244.12,Nashik,Niphad/Yeola,Winter,"Pomegranate, Wheat"
24.22,,678.54,88934.97,37.79,475.78,2.37,1.71,46.62,18.56,6.35,245.86,15.86,243.19,Nashik,Igatpuri (Ghat Zone),Summer,"Maize, Finger Millet"
27.11,939.42,524.39,100257.80,22.34,412.41,2.59,1.95,59.48,25.58,7.68,214.68,44.25,248.89,Nashik,Baglan/Kalwan,Summer,Onion
38.50,857.25,536.45,119315.74,,469.03,0.75,1.17,40.70,31.03,,204.08,31.58,274.66,,Niphad/Yeola,Summer,Onion
34.74,952.23,435.18,86225.57,25.97,326.15,1.31,,56.63,37.29,7.48,239.18,36.91,229.30,Nashik,Baglan/Kalwan,Summer,"Groundnut, Bajra"
17.09,991.90,15.20,92425.82,,406.08,2.06,1.89,59.37,14.59,5.57,301.56,11.43,198.51,Raigad,Alibag/Mangaon,Winter,"Banana, Arecanut"
37.84,1008.16,528.74,,79.85,423.88,3.88,2.09,94.81,34.86,,216.76,44.03,286.23,Nashik,Baglan/Kalwan,Monsoon,"Sugarcane, Grapes"
35.50,919.94,564.74,49690.48,70.24,402.59,2.47,3.51,,29.19,7.63,221.89,32.48,285.67,Nashik,Niphad/Yeola,Monsoon,"Grapes, Tomato"
19.28,1156.12,9.76,76367.62,41.80,399.20,3.46,2.74,34.43,15.56,,239.37,12.60,207.59,Raigad,Alibag/Mangaon,Winter,"Cashew, Rice"
22.09,921.22,564.22,93847.14,42.82,393.73,1.97,2.59,,18.74,7.22,280.02,33.49,239.14,,Niphad/Yeola,Summer,Tomato
38.00,1012.20,,109357.94,35.41,1073.58,1.16,1.17,17.27,32.23,5.68,287.44,4.84,179.20,Raigad,Alibag/Mangaon,Summer,Banana
18.33,981.19,59.86,64271.00,42.15,475.38,0.10,0.95,45.52,13.14,5.45,290.53,,212.52,Raigad,Karjat,Winter,"Cashew, Green Gram"
22.09,912.91,60.86,70621.82,,442.83,3.11,3.26,47.27,18.98,5.94,274.90,5.34,228.28,Raigad,Karjat,Winter,"Cashew, Groundnut, Mango"
,930.42,,,57.58,409.41,0.12,2.94,29.67,,5.45,238.38,9.01,200.36,Raigad,Karjat,Winter,"Cashew, Coconut, Vari"
15.02,926.63,539.29,81075.01,,457.98,1.21,2.24,63.25,,7.13,234.32,40.68,275.69,Nashik,Baglan/Kalwan,Winter,Groundnut
31.53,1012.25,10.29,50474.71,94.58,424.38,0.58,0.91,79.99,32.78,5.26,299.86,7.70,184.09,Raigad,Alibag/Mangaon,Monsoon,Mango
19.70,1025.79,11.97,61299.53,58.02,406.28,4.38,2.12,40.05,,5.78,244.89,4.63,,Raigad,Alibag/Mangaon,Winter,Banana
,983.79,462.29,91958.26,41.95,467.42,4.73,3.15,57.52,21.44,7.41,224.22,27.50,291.45,Nashik,Niphad/Yeola,Summer,Sugarcane
27.11,877.84,705.66,49055.07,100.94,389.41,0.69,2.56,,22.42,6.19,295.05,,138.29,Nashik,Igatpuri (Ghat Zone),Monsoon,"Rice, Finger Millet"
,862.49,611.80,,83.16,364.12,0.49,1.35,82.66,24.06,7.45,185.87,11.29,301.07,Nashik,Niphad/Yeola,Monsoon,Grapes
20.09,1127.02,10.46,80685.35,41.39,411.99,1.07,1.46,59.33,,5.88,253.33,8.61,164.09,Raigad,,Winter,"Banana, Coconut"
22.64,876.73,993.19,90129.86,36.48,397.13,3.32,1.23,48.84,18.75,7.02,227.90,17.58,148.27,Nashik,Igatpuri (Ghat Zone),Summer,Vegetables
29.19,950.24,,114359.85,44.15,,2.02,2.99,19.36,27.52,5.58,280.46,6.39,220.99,Raigad,Alibag/Mangaon,Summer,Cashew
12.64,963.12,646.94,83677.58,57.98,409.66,2.01,3.21,49.86,9.89,6.68,275.11,19.07,172.78,Nashik,Igatpuri (Ghat Zone),Winter,Finger Millet
43.37,,,58828.01,87.20,382.78,3.67,0.19,72.56,39.77,7.74,188.61,41.71,196.19,Nashik,Baglan/Kalwan,Monsoon,"Onion, Maize"
34.99,833.64,524.63,108302.86,22.58,491.81,1.77,3.33,45.21,29.36,6.96,,35.32,284.36,Nashik,,Summer,Onion
44.58,1006.82,578.25,36548.74,83.28,439.58,0.72,2.65,85.97,39.19,8.09,275.62,24.37,286.55,Nashik,Niphad/Yeola,Monsoon,Onion
17.46,979.74,51.29,80457.01,47.22,,1.03,2.20,36.05,14.58,5.76,271.61,7.09,205.15,Raigad,Karjat,Winter,Ragi
36.64,923.50,829.31,30602.91,106.77,359.40,2.97,1.20,86.79,36.78,7.35,243.15,8.01,156.43,Nashik,Igatpuri (Ghat Zone),Monsoon,Vegetables
32.06,934.37,485.26,45426.68,89.38,441.13,4.84,2.35,83.99,30.08,6.56,220.80,56.84,186.96,Nashik,Baglan/Kalwan,Monsoon,Onion
18.11,902.09,55.18,70086.16,56.96,331.05,4.78,2.56,33.34,13.90,5.78,,11.17,199.33,Raigad,Karjat,Winter,"Tomato, Rice, Vari"
18.31,964.11,554.51,62521.78,55.86,433.59,2.05,2.11,51.23,20.61,8.50,317.29,16.89,266.98,Nashik,Niphad/Yeola,Winter,Tomato
28.38,949.66,739.52,101520.03,,399.03,4.67,2.72,47.72,22.46,7.18,260.06,9.55,171.98,Nashik,Igatpuri (Ghat Zone),Summer,Vegetables
44.65,851.66,515.46,41458.94,78.43,364.33,1.37,3.13,93.90,37.29,7.02,224.11,49.66,289.63,Nashik,Baglan/Kalwan,Monsoon,Mango
25.64,987.47,45.68,34002.23,96.79,410.60,2.60,2.76,96.57,24.40,6.52,249.56,,190.00,Raigad,Karjat,Monsoon,"Vari, Mango"
,1090.22,6.65,21777.21,96.81,346.21,2.77,2.60,98.31,22.45,5.75,259.36,12.52,,Raigad,Alibag/Mangaon,Monsoon,Mango
42.92,962.12,603.90,40303.77,87.01,387.34,1.66,1.27,87.52,40.90,7.11,201.21,21.25,247.09,Nashik,Niphad/Yeola,Monsoon,"Sugarcane, Wheat"
12.51,984.08,718.43,,39.68,324.51,3.99,3.72,57.69,12.15,6.91,270.58,8.14,194.62,Nashik,Igatpuri (Ghat Zone),Winter,Finger Millet
,942.52,650.71,117857.25,38.90,419.02,3.83,2.69,64.23,21.12,7.31,217.16,40.24,202.61,Nashik,Baglan/Kalwan,Summer,"Onion, Maize, Mango"
31.70,981.75,492.92,92701.82,22.34,417.72,5.05,,59.57,34.08,7.58,283.87,34.31,245.81,Nashik,Niphad/Yeola,Summer,"Onion, Tomato, Wheat"
16.84,958.49,543.59,66073.22,64.00,431.57,5.18,2.30,49.25,15.46,7.86,267.22,32.24,282.29,Nashik,Niphad/Yeola,Winter,"Groundnut, Grapes, Wheat"
41.83,848.85,531.47,30480.89,93.76,441.97,2.99,0.93,87.24,39.88,8.30,257.14,55.34,256.45,Nashik,Baglan/Kalwan,Monsoon,"Onion, Soybean"
14.58,1009.03,499.16,68119.09,63.66,444.57,4.25,0.82,,11.09,6.37,233.97,55.13,205.04,Nashik,Baglan/Kalwan,Winter,"Groundnut, Grapes"
23.68,847.25,658.91,99034.59,29.09,396.25,3.31,1.85,57.15,21.81,6.42,,12.88,156.99,Nashik,Igatpuri (Ghat Zone),Summer,Vegetables
34.54,1049.03,49.24,94531.47,21.43,366.35,2.91,2.11,13.01,30.05,5.93,311.37,5.81,209.21,Raigad,Karjat,Summer,"Ragi, Soybean, Cashew, Rice"
20.76,1031.40,8.32,62753.98,65.09,475.16,4.07,2.31,51.72,,6.52,243.12,8.00,286.97,Raigad,Alibag/Mangaon,Winter,Cashew
25.37,1153.47,60.33,92435.81,55.41,402.19,0.22,0.98,39.59,19.78,5.55,304.61,6.89,195.05,Raigad,Karjat,Winter,"Ragi, Rice"
28.60,970.58,6.10,99877.10,,412.80,3.10,,13.83,31.10,5.97,272.88,6.18,222.57,Raigad,Alibag/Mangaon,Summer,"Coconut, Cotton"
21.05,953.63,665.24,68745.38,63.67,421.09,3.02,2.98,55.97,19.10,6.28,364.16,13.00,216.13,Nashik,Igatpuri (Ghat Zone),Winter,Rice
16.81,1032.12,559.60,93481.49,61.33,401.56,,2.79,,12.20,6.33,240.22,,227.91,Nashik,Niphad/Yeola,Winter,"Onion, Sugarcane"
29.35,885.52,798.79,34997.29,101.78,366.02,0.65,2.00,90.23,25.90,6.00,232.22,18.34,182.74,Nashik,Igatpuri (Ghat Zone),Monsoon,"Vegetables, Rice"
36.57,1104.19,,25855.48,95.34,376.33,1.72,3.24,90.44,32.74,5.56,253.64,8.71,,,Alibag/Mangaon,Monsoon,"Cashew, Coconut, Banana, Tomato"
18.64,1070.42,7.30,57153.22,55.09,,4.60,2.11,52.15,14.94,6.47,271.87,8.39,196.01,Raigad,Alibag/Mangaon,Winter,Arecanut
16.28,932.94,559.92,77586.29,67.44,388.49,0.43,1.17,43.68,14.23,,197.94,41.81,243.18,Nashik,Baglan/Kalwan,Winter,Mango
34.63,991.61,52.61,112461.20,20.77,435.43,2.75,0.71,29.65,35.84,6.56,263.42,9.34,205.98,Raigad,Karjat,Summer,"Green Gram, Mango"
23.01,1097.53,12.55,75054.51,47.19,390.10,3.45,,53.95,19.75,5.05,,10.89,261.58,Raigad,Alibag/Mangaon,Winter,"Coconut, Rice"
26.95,863.81,725.79,44467.41,94.35,378.51,3.61,0.19,96.14,,6.54,241.51,17.61,248.53,Nashik,Igatpuri (Ghat Zone),Monsoon,"Vegetables, Rice, Maize"
26.68,904.99,,26503.09,,360.93,,0.32,88.51,30.15,5.18,279.51,11.07,239.39,Raigad,Alibag/Mangaon,Monsoon,"Cashew, Banana, Rice"
32.08,,664.95,26035.08,81.83,443.50,1.02,1.54,86.93,23.61,6.24,246.67,8.78,181.46,Nashik,Igatpuri (Ghat Zone),Monsoon,"Vegetables, Rice"
14.51,,541.26,78833.61,45.82,442.01,1.91,1.50,62.54,11.49,7.67,233.04,42.26,253.53,Nashik,Baglan/Kalwan,Winter,"Maize, Soybean, Mango"
18.54,1111.19,55.35,,61.24,437.76,2.73,0.78,41.22,,5.57,264.11,8.25,228.26,Raigad,,Winter,"Coconut, Mango"
36.76,963.91,632.22,21338.73,84.86,,4.03,2.35,86.72,29.35,7.25,215.01,12.17,214.52,Nashik,Igatpuri (Ghat Zone),Monsoon,Maize
16.11,1031.25,49.72,49946.03,40.61,417.57,1.27,0.14,37.85,12.69,5.97,305.27,6.14,218.32,Raigad,Karjat,Winter,"Cashew, Ragi, Mango"
45.22,942.38,608.66,27617.96,80.55,413.72,2.36,3.22,89.51,39.24,7.11,231.86,,223.38,Nashik,Baglan/Kalwan,Monsoon,Bajra
,977.92,536.05,62791.24,,423.15,0.22,1.71,66.28,8.78,5.81,320.89,12.82,174.06,Nashik,Igatpuri (Ghat Zone),Winter,Rice
21.89,955.97,629.17,109959.08,33.88,412.80,0.52,3.17,45.68,17.31,7.98,208.06,38.32,246.87,Nashik,Baglan/Kalwan,Summer,"Grapes, Bajra"
19.10,937.50,9.07,73239.83,60.90,418.16,0.85,3.54,43.19,19.24,5.75,242.36,14.58,210.71,Raigad,,Winter,Arecanut
23.94,858.19,666.91,90604.04,41.78,385.56,3.09,,60.69,,5.88,290.83,14.68,200.70,Nashik,Igatpuri (Ghat Zone),Winter,"Vegetables, Finger Millet"
18.62,1002.84,5.92,88299.23,42.44,433.56,0.98,1.55,39.61,14.27,6.52,266.26,11.49,219.87,Raigad,Alibag/Mangaon,Winter,Banana
23.39,973.16,58.58,90127.48,51.38,440.84,2.80,3.62,50.40,19.79,5.95,237.89,8.08,261.41,Raigad,Karjat,Winter,"Cashew, Rice"
13.11,854.12,594.65,88437.87,,408.52,3.69,1.74,,11.21,6.38,279.83,18.27,157.92,,Igatpuri (Ghat Zone),Winter,Vegetables
19.35,979.92,5.88,55194.76,46.55,405.21,3.90,1.72,51.16,16.57,5.57,382.05,10.41,,Raigad,Alibag/Mangaon,Winter,Arecanut
41.25,951.65,495.48,43103.23,79.77,373.81,3.52,3.72,93.79,37.96,6.86,,42.77,302.22,Nashik,Baglan/Kalwan,Monsoon,Onion
35.49,973.80,11.76,,97.56,,4.10,3.34,80.22,33.49,6.30,300.85,9.43,205.12,Raigad,Alibag/Mangaon,Monsoon,Banana
29.42,987.08,673.39,89850.38,29.23,,2.65,0.95,63.69,31.48,7.05,257.47,18.18,179.12,Nashik,Igatpuri (Ghat Zone),Summer,Maize
35.38,935.90,729.03,33230.96,,364.00,1.32,2.07,95.67,33.46,6.92,383.60,9.66,186.67,,Igatpuri (Ghat Zone),Monsoon,"Maize, Tomato"
28.12,830.89,,93256.50,41.37,428.92,2.24,3.17,53.23,32.03,7.56,275.92,48.62,308.22,Nashik,Baglan/Kalwan,Summer,"Vegetables, Grapes, Mango"
34.36,1006.86,5.33,31276.34,93.05,393.25,2.43,0.67,101.95,35.70,,296.20,11.80,220.53,Raigad,Alibag/Mangaon,,"Cashew, Banana"
35.12,1017.74,520.04,111069.47,31.86,362.97,1.66,2.44,40.15,32.93,6.90,227.51,40.04,265.61,Nashik,Baglan/Kalwan,Summer,Bajra
38.83,982.79,729.08,12518.56,82.48,428.54,,0.41,91.99,35.04,6.40,266.50,22.92,191.65,Nashik,Igatpuri (Ghat Zone),Monsoon,"Vegetables, Maize"
18.43,886.48,12.08,77261.57,60.46,408.87,4.97,,43.36,16.11,6.47,233.53,9.39,,Raigad,Alibag/Mangaon,Winter,Rice
34.16,1060.50,10.83,62955.03,95.64,403.65,2.84,0.55,91.60,28.47,6.11,271.57,13.97,244.42,Raigad,Alibag/Mangaon,Monsoon,Banana
22.10,,7.13,63258.63,44.47,403.14,2.00,0.64,30.82,19.56,6.51,295.39,11.20,225.53,Raigad,Alibag/Mangaon,Winter,Coconut
44.59,926.04,754.80,44087.88,91.83,337.74,0.38,,97.25,32.25,6.63,215.81,17.23,218.23,Nashik,Igatpuri (Ghat Zone),Monsoon,"Maize, Vegetables"
14.34,967.90,772.78,91342.29,49.99,410.85,5.08,0.92,41.02,8.53,5.39,285.93,15.37,155.78,Nashik,Igatpuri (Ghat Zone),Winter,"Vegetables, Rice, Finger Millet"
21.11,1007.59,49.69,82931.36,57.49,366.30,4.49,0.15,43.46,16.32,5.77,312.70,9.22,277.62,Raigad,Karjat,,Green Gram
26.02,956.34,6.24,20339.80,99.13,356.89,3.75,0.66,93.46,31.28,6.01,273.27,7.91,235.50,Raigad,,Monsoon,Cashew
17.17,1010.66,519.11,75198.54,51.20,455.37,2.06,2.45,38.61,14.94,6.57,185.07,42.58,202.66,Nashik,Baglan/Kalwan,Winter,Onion
35.26,1021.13,605.71,99472.40,34.88,372.26,3.46,3.66,55.96,30.54,7.22,231.94,24.81,,Nashik,Niphad/Yeola,Summer,"Pomegranate, Grapes"
13.57,992.33,729.01,78340.79,,424.36,0.36,1.48,59.09,10.04,6.64,236.30,19.55,206.66,Nashik,Igatpuri (Ghat Zone),Winter,"Vegetables, Cotton"
13.44,1023.11,547.45,95030.94,40.00,387.44,1.72,3.26,58.57,10.88,7.13,286.03,19.83,,Nashik,Igatpuri (Ghat Zone),Winter,Maize
16.02,950.82,821.15,91530.13,55.46,459.16,3.41,3.10,53.49,13.00,6.46,193.60,20.16,215.96,Nashik,Igatpuri (Ghat Zone),Winter,"Maize, Finger Millet"
36.85,858.13,494.39,32958.93,84.15,435.25,4.09,,92.40,33.19,7.90,236.90,30.78,262.84,Nashik,Baglan/Kalwan,Monsoon,"Onion, Maize"
37.04,959.02,,94206.34,48.09,392.45,3.98,0.98,62.05,33.19,6.58,259.02,18.35,153.63,Nashik,Igatpuri (Ghat Zone),Summer,Finger Millet
21.10,1087.30,73.66,84974.83,40.95,,4.65,4.27,47.23,18.47,5.58,253.90,6.27,238.41,Raigad,Karjat,Winter,"Cashew, Green Gram"
20.63,980.70,6.05,94941.60,61.22,440.54,2.37,0.29,35.99,17.49,5.76,266.36,4.62,201.77,,Alibag/Mangaon,Winter,"Sugarcane, Coconut, Rice"
18.25,913.86,13.53,68515.96,68.04,426.31,0.65,2.47,45.84,14.35,5.68,250.50,,224.83,Raigad,Alibag/Mangaon,Winter,Rice
17.95,973.18,10.48,79577.92,47.40,,1.12,,52.43,19.38,5.76,294.72,7.85,245.26,Raigad,Alibag/Mangaon,Winter,Arecanut
42.73,985.05,461.87,41930.90,80.77,449.48,0.48,3.73,96.54,39.89,7.79,211.33,,251.66,Nashik,Baglan/Kalwan,Monsoon,"Soybean, Grapes"
20.54,825.30,573.61,66792.76,39.71,357.61,5.09,2.17,52.55,16.45,7.11,247.93,52.99,209.02,Nashik,Baglan/Kalwan,Winter,Maize
,919.66,790.56,68922.11,49.50,439.63,3.45,3.83,48.87,8.52,5.70,251.10,10.14,126.42,Nashik,Igatpuri (Ghat Zone),Winter,Rice
26.68,893.24,51.93,90573.86,46.92,438.94,4.12,1.47,50.60,22.15,5.42,236.80,11.70,240.00,Raigad,Karjat,Winter,Vari
19.96,936.73,,81388.55,36.45,453.39,2.53,1.09,54.06,16.12,6.39,226.28,15.38,166.19,Nashik,Igatpuri (Ghat Zone),Winter,"Maize, Finger Millet"
34.10,981.04,521.64,108521.31,21.42,390.67,2.22,1.99,53.72,28.54,7.28,228.19,31.33,345.03,Nashik,Niphad/Yeola,Summer,Tomato
40.09,1043.38,11.60,46392.26,87.87,452.82,0.57,1.43,82.22,32.03,,329.71,11.83,223.81,Raigad,Alibag/Mangaon,Monsoon,"Cashew, Banana, Mango"
27.19,950.83,616.45,108673.58,18.85,410.93,4.83,2.98,58.13,26.04,7.98,222.37,19.91,227.23,Nashik,Niphad/Yeola,Summer,"Sugarcane, Grapes, Tomato"
14.27,970.95,847.68,75741.79,42.57,408.73,2.79,3.37,62.06,12.02,5.25,208.76,18.07,,Nashik,Igatpuri (Ghat Zone),Winter,"Maize, Finger Millet"
,952.41,67.99,37829.84,94.84,406.10,2.10,1.91,101.07,26.22,6.08,244.71,5.91,207.32,Raigad,Karjat,Monsoon,"Cashew, Vari"
31.21,903.28,577.94,95055.92,25.65,411.62,0.64,1.49,39.08,27.21,5.70,217.95,16.46,210.62,Nashik,Igatpuri (Ghat Zone),,Vegetables
23.01,935.29,639.95,62726.94,61.12,437.25,5.10,3.10,61.60,18.28,7.25,196.20,,216.82,Nashik,Baglan/Kalwan,Winter,Grapes
35.51,1091.00,12.40,47436.54,97.98,431.36,4.85,2.12,85.73,33.63,5.67,330.69,12.82,270.78,Raigad,Alibag/Mangaon,Monsoon,Mango
20.91,890.35,660.49,73756.84,52.28,419.51,2.65,0.69,46.29,17.56,6.26,184.13,46.92,227.21,Nashik,Baglan/Kalwan,Winter,Groundnut
34.00,1063.66,54.74,45915.08,100.75,425.13,0.31,2.67,93.03,26.05,5.51,259.75,8.38,241.03,Raigad,Karjat,Monsoon,"Rice, Vari"
37.99,922.62,51.30,41073.97,88.84,353.53,2.77,3.33,92.69,35.99,4.99,251.66,5.66,229.21,Raigad,Karjat,Monsoon,"Ragi, Coconut"
35.21,953.56,,22165.77,89.34,400.67,4.69,,95.43,,5.23,229.96,6.24,227.47,Raigad,Alibag/Mangaon,Monsoon,"Sugarcane, Mango"
21.74,994.52,743.57,63798.23,57.96,437.33,3.44,2.28,65.98,19.23,5.76,236.30,12.59,170.37,Nashik,Igatpuri (Ghat Zone),Winter,"Maize, Rice, Finger Millet"
34.34,918.18,8.02,97386.17,24.03,427.67,3.39,3.61,,32.07,5.70,,11.13,226.21,Raigad,Alibag/Mangaon,Summer,"Arecanut, Rice, Mango"
26.30,921.86,59.32,,,355.50,4.41,1.26,42.94,20.98,5.40,287.65,6.37,234.13,Raigad,Karjat,Winter,Ragi
34.14,1089.44,487.77,25143.99,74.02,472.30,3.91,2.44,95.35,41.29,6.88,161.44,40.44,260.82,Nashik,Baglan/Kalwan,Monsoon,Bajra
22.84,961.75,5.12,76513.38,53.95,390.79,4.39,1.19,46.35,18.63,5.85,301.88,7.56,176.25,Raigad,Alibag/Mangaon,Winter,Arecanut
19.06,986.77,5.41,75586.55,54.80,416.56,1.96,1.71,37.84,16.63,6.72,236.63,,247.02,Raigad,Alibag/Mangaon,Winter,Coconut
,,,242214.02,44.81,,,,,26.83,7.06,210.24,,,Nashik,Baglan/Kalwan,Summer,"Maize, Soybean"
31.95,927.74,526.55,98672.52,26.46,402.48,1.04,1.95,39.41,28.11,7.03,194.73,20.95,,Nashik,Niphad/Yeola,Summer,Onion
30.71,1046.46,5.70,107371.03,26.38,396.84,4.31,0.36,22.65,29.29,5.99,367.04,11.30,230.32,Raigad,Alibag/Mangaon,Summer,Cashew
23.77,990.38,576.79,98428.59,37.17,432.89,3.49,3.26,52.01,20.16,7.42,303.41,23.49,263.17,Nashik,Niphad/Yeola,Summer,"Grapes, Wheat"
18.36,1069.25,57.16,,44.48,403.90,3.75,0.54,53.92,13.47,6.08,290.48,9.65,220.01,Raigad,Karjat,Winter,"Coconut, Mango"
,975.40,688.43,67187.62,65.53,433.54,2.54,3.67,42.51,10.43,6.71,255.59,17.27,161.36,Nashik,Igatpuri (Ghat Zone),Winter,Rice
44.22,1064.95,497.24,,69.18,428.90,3.49,0.86,88.51,43.45,6.80,258.63,44.17,246.15,Nashik,Baglan/Kalwan,Monsoon,Mango
34.69,978.95,602.11,47001.58,92.35,395.12,,1.92,97.94,28.97,7.13,,,329.61,Nashik,Niphad/Yeola,Monsoon,"Sugarcane, Pomegranate, Tomato"
24.65,976.73,10.57,48112.94,99.67,466.68,2.74,0.77,81.50,26.76,5.78,263.80,6.74,274.31,Raigad,Alibag/Mangaon,Monsoon,Arecanut
,1008.38,10.12,92033.16,41.90,427.24,0.13,1.88,,20.39,5.27,297.07,13.51,229.13,Raigad,Alibag/Mangaon,Winter,"Coconut, Rice"
,730.07,720.79,26594.63,82.98,846.00,2.34,2.84,94.31,34.88,6.76,299.61,15.42,181.96,Nashik,Igatpuri (Ghat Zone),,"Vegetables, Maize"
41.24,1029.26,662.59,29563.43,88.47,460.19,3.05,0.30,91.74,33.48,6.33,224.34,20.66,175.89,,Igatpuri (Ghat Zone),Monsoon,"Vegetables, Maize"
30.30,1072.31,4.67,53258.13,100.57,436.42,0.11,0.48,104.54,27.54,6.07,293.25,8.72,250.48,Raigad,Alibag/Mangaon,Monsoon,"Cashew, Rice"
35.48,967.09,566.47,,89.11,1360.24,1.89,1.32,,38.03,7.44,194.42,34.03,257.46,Nashik,Baglan/Kalwan,Monsoon,"Onion, Soybean"
35.34,939.87,8.86,32928.03,86.65,404.12,0.91,2.16,92.54,37.53,,308.03,10.30,212.96,,Alibag/Mangaon,Monsoon,"Cashew, Rice"
42.36,991.37,554.84,31395.95,84.52,440.71,0.25,,91.82,40.72,7.92,,15.34,,Nashik,Niphad/Yeola,,Tomato
31.35,960.34,511.54,,36.97,467.14,3.73,3.18,65.81,25.90,7.40,244.77,20.60,283.80,Nashik,Niphad/Yeola,Summer,Tomato
38.78,903.71,549.63,105698.67,34.86,431.07,3.70,,57.84,35.80,7.11,253.87,22.21,237.85,Nashik,Niphad/Yeola,Summer,Pomegranate
19.12,955.37,583.62,70670.14,39.15,422.81,2.41,0.20,55.15,16.80,7.41,194.58,41.58,247.28,Nashik,Baglan/Kalwan,Winter,Bajra
28.29,873.99,,97219.63,37.98,426.22,3.38,3.55,58.47,23.51,,184.48,21.03,165.76,Nashik,Niphad/Yeola,Summer,Sugarcane
30.03,988.73,481.04,112971.35,44.47,347.18,0.96,2.04,58.46,27.11,7.14,233.56,42.64,278.93,Nashik,Baglan/Kalwan,Summer,"Soybean, Grapes"
,1011.21,496.84,24245.29,71.17,376.09,3.93,0.99,114.00,42.33,6.17,229.37,,243.09,Nashik,Niphad/Yeola,Monsoon,"Sugarcane, Pomegranate"
30.21,934.92,573.66,87120.64,49.83,405.56,4.70,3.91,58.46,25.82,7.96,164.17,47.05,287.37,Nashik,Baglan/Kalwan,Summer,"Maize, Mango"
,929.40,702.40,75636.61,58.56,460.28,3.11,,48.05,,7.33,,4.74,170.33,Nashik,Igatpuri (Ghat Zone),Winter,"Rice, Tomato, Finger Millet"
22.01,1037.47,11.81,67080.15,55.69,395.53,1.91,1.05,53.58,19.82,,307.65,14.34,205.44,Raigad,Alibag/Mangaon,Winter,Mango
27.05,892.19,436.02,107726.25,22.79,406.37,3.86,3.26,46.95,28.01,6.78,216.42,44.75,273.47,Nashik,Baglan/Kalwan,Summer,Maize
35.51,,4.78,31512.33,,468.03,4.25,,,,6.50,,,179.50,,Alibag/Mangaon,,"Coconut, Rice, Mango"
20.88,981.46,456.94,120459.95,25.05,418.64,2.86,0.78,,18.99,6.91,198.58,31.52,292.82,Nashik,Baglan/Kalwan,Summer,"Groundnut, Soybean, Mango"
38.42,,777.12,25418.96,98.27,404.08,2.14,0.98,74.68,31.39,7.51,209.34,16.86,220.72,Nashik,Igatpuri (Ghat Zone),,"Vegetables, Finger Millet"
23.32,871.13,509.10,82417.81,47.75,428.68,3.95,1.43,53.75,22.13,6.69,251.68,26.01,269.11,Nashik,Niphad/Yeola,Winter,"Cotton, Grapes, Tomato"
16.42,1006.35,74.17,71203.04,43.66,425.47,2.82,0.85,44.05,,5.63,281.52,10.77,156.76,Raigad,Karjat,Winter,"Ragi, Green Gram, Rice"
33.14,1036.86,587.02,47607.55,68.47,436.38,4.20,3.14,93.57,32.90,7.16,171.22,19.68,280.11,Nashik,Niphad/Yeola,,"Grapes, Wheat"
44.45,987.39,586.21,20355.84,80.71,424.15,0.43,2.53,90.24,36.38,7.13,244.24,54.86,237.38,Nashik,Baglan/Kalwan,,"Groundnut, Bajra"
22.41,,595.69,60322.20,56.22,,2.04,0.20,63.96,17.80,6.86,199.91,23.34,298.47,Nashik,Niphad/Yeola,,Tomato
43.24,876.27,618.22,18581.89,82.59,380.44,3.50,,83.30,46.22,6.85,,18.01,296.76,Nashik,Niphad/Yeola,Monsoon,Grapes
18.61,898.70,507.01,113940.28,23.24,,1.31,0.26,68.95,17.47,7.21,208.95,58.15,205.63,Nashik,Baglan/Kalwan,Summer,"Soybean, Bajra"
29.12,895.15,,107951.77,31.97,432.87,1.96,0.56,45.55,23.28,6.85,291.96,9.91,187.18,Nashik,Igatpuri (Ghat Zone),Summer,Finger Millet
3.00,897.60,617.18,27550.77,79.62,408.94,4.32,1.76,86.13,45.19,6.72,256.96,28.01,271.82,Nashik,Niphad/Yeola,Monsoon,Pomegranate
17.02,985.84,608.16,74638.09,54.15,404.09,3.88,3.79,52.59,12.39,,148.90,45.22,200.06,Nashik,Baglan/Kalwan,Winter,Grapes
38.02,1052.31,803.10,80554.95,43.86,450.94,0.83,1.69,56.95,28.29,6.71,,14.49,199.27,Nashik,Igatpuri (Ghat Zone),Summer,"Vegetables, Maize"
25.74,1148.47,8.66,108264.92,29.64,430.60,4.21,0.76,23.89,24.25,5.94,319.26,6.90,,Raigad,Alibag/Mangaon,,Banana
51.01,943.76,567.48,39376.70,84.99,453.89,2.11,4.09,79.61,,8.21,234.50,22.96,278.03,Nashik,Niphad/Yeola,Monsoon,Wheat
20.16,945.76,57.79,69516.11,62.55,394.78,2.54,1.78,44.19,16.51,5.84,230.18,8.90,181.78,Raigad,Karjat,Winter,"Ragi, Green Gram, Vari"
44.35,942.80,533.23,39913.65,88.37,429.62,4.95,3.04,99.00,41.03,7.35,271.83,22.23,1898.76,Nashik,Niphad/Yeola,Monsoon,Wheat
17.18,1000.46,495.67,49970.83,56.16,396.58,0.52,2.29,50.19,14.86,7.16,217.11,22.18,287.13,Nashik,Niphad/Yeola,Winter,Wheat
,1035.94,583.10,112903.21,29.77,421.89,3.68,3.17,39.77,38.93,6.55,184.30,35.64,288.13,,Baglan/Kalwan,Summer,"Grapes, Bajra"
25.36,954.49,865.28,17645.78,91.32,418.71,0.33,3.39,95.09,23.85,5.98,245.27,12.74,208.52,Nashik,Igatpuri (Ghat Zone),Monsoon,Vegetables
,,,,,,,,,,,,,,,,,Maize
22.65,965.44,55.61,88554.16,34.27,387.51,3.18,1.74,15.08,22.20,6.10,303.99,8.44,185.47,Raigad,Karjat,Summer,Coconut
18.99,1018.95,14.83,73161.82,58.42,512.77,0.16,3.69,45.05,15.02,5.38,294.42,14.22,234.93,Raigad,Alibag/Mangaon,Winter,Arecanut
29.96,1042.37,50.24,97476.24,25.40,424.89,3.53,0.76,24.51,32.77,6.14,344.93,5.78,225.21,Raigad,Karjat,,"Ragi, Rice, Mango, Wheat"
33.80,1011.24,59.24,39891.42,96.20,441.82,1.31,4.00,,29.83,5.38,250.79,7.93,,Raigad,Karjat,Monsoon,Cashew
17.02,1150.36,,60616.68,53.28,439.14,4.09,0.70,44.58,16.26,5.94,213.68,8.48,246.13,,,Winter,Green Gram
31.32,980.82,586.75,19675.38,90.93,391.39,,0.92,79.77,23.61,6.33,204.40,49.80,229.51,Nashik,Baglan/Kalwan,Monsoon,Groundnut
20.34,1069.52,55.80,70557.98,57.50,406.25,,2.81,47.72,19.14,5.54,272.85,8.46,165.37,,Karjat,Winter,"Cashew, Vari"
20.10,993.31,5.68,64544.32,,422.80,4.12,2.88,49.69,,,279.19,12.59,193.84,Raigad,,,Banana
43.25,927.91,465.69,19340.08,83.15,448.09,1.60,1.59,81.01,39.20,7.46,229.24,35.16,212.69,Nashik,Baglan/Kalwan,,"Groundnut, Maize"
37.75,981.05,610.43,43564.01,67.42,410.34,1.58,3.77,77.01,35.26,,169.77,28.12,282.56,Nashik,Niphad/Yeola,Monsoon,Wheat
24.62,1078.51,8.75,117743.39,20.47,783.78,3.09,3.46,13.50,21.85,5.76,294.05,8.65,204.51,,Alibag/Mangaon,Summer,"Cashew, Coconut"
18.01,1125.49,60.71,77082.68,58.19,417.84,1.76,3.25,29.92,13.54,5.68,291.86,7.67,219.30,Raigad,Karjat,Winter,"Green Gram, Vari"
30.40,,529.69,59038.93,87.99,387.58,1.56,4.02,86.64,32.88,6.72,257.87,43.17,287.49,Nashik,Baglan/Kalwan,Monsoon,"Groundnut, Bajra, Mango"
,909.00,681.41,,98.47,,1.66,,,29.83,,,19.44,160.64,Nashik,,,"Maize, Finger Millet"
27.39,770.31,774.66,110592.13,41.10,421.09,3.87,2.88,49.13,23.40,6.81,,9.90,201.26,Nashik,Igatpuri (Ghat Zone),Summer,"Vegetables, Maize, Finger Millet"
15.26,905.35,831.84,62515.41,61.29,454.13,1.80,3.35,55.57,11.14,6.32,199.00,,138.23,Nashik,Igatpuri (Ghat Zone),Winter,Maize
33.48,1002.31,625.50,38890.93,77.08,416.03,1.09,1.50,82.97,30.01,7.74,215.43,16.43,274.90,Nashik,Niphad/Yeola,Monsoon,"Onion, Tomato"
33.50,874.32,63.65,25780.43,82.91,410.39,3.79,1.91,91.75,29.79,6.17,205.73,5.76,235.71,Raigad,Karjat,Monsoon,Vari
41.49,985.03,,29629.11,68.25,,1.60,0.43,88.01,43.78,7.36,,24.24,277.31,Nashik,Niphad/Yeola,,"Soybean, Pomegranate"
28.34,971.18,55.27,29674.70,87.52,420.91,3.71,0.12,99.40,,5.98,231.51,10.62,198.45,Raigad,Karjat,Monsoon,Green Gram
28.44,1005.63,13.20,36497.42,93.44,392.30,1.05,1.09,87.68,30.96,5.25,271.99,9.31,270.47,Raigad,Alibag/Mangaon,,"Vegetables, Arecanut"
11.80,865.06,670.01,74244.50,39.89,413.61,,1.74,59.42,9.06,5.54,234.96,18.78,215.87,Nashik,Igatpuri (Ghat Zone),Winter,Vegetables
43.05,918.36,547.86,20644.71,89.99,401.96,1.68,1.31,90.59,40.24,7.34,233.68,40.08,180.83,Nashik,Baglan/Kalwan,Monsoon,"Onion, Grapes"
16.79,899.41,610.46,62055.79,59.48,385.64,3.83,1.60,,,7.58,280.78,21.60,226.75,Nashik,Niphad/Yeola,Winter,Onion
24.91,986.58,64.11,63637.30,60.15,377.26,1.37,3.56,31.28,22.22,4.90,224.67,9.06,218.11,Raigad,Karjat,Winter,Vari
33.83,995.59,10.90,26312.90,94.03,365.27,0.78,1.38,79.07,30.75,5.79,206.93,3.77,208.67,Raigad,Alibag/Mangaon,Monsoon,Cashew
36.86,981.33,,58182.61,72.44,422.20,5.27,1.20,75.84,,7.99,173.45,37.97,228.14,Nashik,Baglan/Kalwan,Monsoon,"Groundnut, Maize"
43.44,,558.94,18957.46,79.73,411.56,0.73,2.51,89.09,37.27,7.52,214.32,50.47,231.34,Nashik,Baglan/Kalwan,Monsoon,"Maize, Bajra"
35.63,962.55,51.67,15297.83,89.03,380.90,1.80,1.70,84.78,33.78,5.37,250.40,,221.53,Raigad,,Monsoon,"Ragi, Coconut"
17.53,936.78,782.40,73188.37,61.89,431.23,4.55,2.27,63.76,12.86,6.71,304.57,16.42,193.35,,Igatpuri (Ghat Zone),Winter,"Maize, Finger Millet"
32.10,860.39,628.46,,25.01,387.19,4.24,1.78,65.19,32.99,7.26,248.78,4.95,210.41,Nashik,Igatpuri (Ghat Zone),Summer,"Vegetables, Rice"
26.57,967.10,56.74,111306.96,33.91,465.01,1.77,2.28,23.21,25.51,5.50,232.67,4.75,237.02,Raigad,Karjat,Summer,Ragi
19.90,975.98,,72975.42,48.91,383.80,3.22,0.71,64.11,15.56,,231.06,41.00,323.40,Nashik,Niphad/Yeola,Winter,"Vegetables, Wheat"
31.34,829.06,707.98,49270.68,96.80,360.82,,0.50,91.98,31.69,6.28,230.44,15.80,215.27,Nashik,Igatpuri (Ghat Zone),Monsoon,Maize
29.07,1064.62,793.72,29428.19,104.44,441.47,3.87,0.69,91.09,23.93,,190.58,15.14,224.21,Nashik,,Monsoon,Finger Millet
11.43,999.28,567.70,62353.16,50.38,412.75,,4.22,57.34,8.04,8.38,257.63,25.89,259.53,Nashik,Niphad/Yeola,Winter,Onion
24.70,918.73,51.69,68407.01,45.63,435.20,5.24,1.67,47.67,25.86,6.20,279.21,5.36,217.75,Raigad,Karjat,Winter,"Ragi, Rice"
,873.45,52.47,112238.40,21.35,451.07,,,10.05,34.23,5.82,294.82,11.39,201.51,Raigad,Karjat,Summer,Vari
,1009.63,,34750.29,84.74,447.25,3.19,0.63,,30.19,5.95,313.56,12.09,229.32,Raigad,Alibag/Mangaon,Monsoon,"Banana, Rice"
19.93,961.34,11.00,75908.66,,401.62,2.19,3.03,47.13,17.77,5.56,251.97,6.27,215.97,Raigad,Alibag/Mangaon,Winter,"Coconut, Rice"
32.12,879.53,558.89,107387.81,40.87,423.63,3.40,3.39,46.82,32.67,5.79,222.48,41.35,256.66,Nashik,Baglan/Kalwan,Summer,"Grapes, Bajra"
31.68,1032.38,573.59,33363.72,77.38,431.77,5.11,2.37,82.94,27.82,,171.19,19.01,281.32,Nashik,Niphad/Yeola,Monsoon,Pomegranate
13.81,952.41,485.92,79368.32,45.10,402.80,5.66,2.60,53.76,,7.71,227.61,47.39,229.94,Nashik,Baglan/Kalwan,Winter,Groundnut
45.38,950.25,54.42,15137.99,89.67,435.46,2.59,0.45,,38.26,5.61,288.16,6.83,204.30,Raigad,Karjat,Monsoon,Rice
17.48,916.26,,86338.36,64.98,399.53,5.42,0.53,40.88,13.78,5.84,305.95,253.00,228.85,Raigad,,Winter,"Vegetables, Arecanut, Rice, Mango"
34.47,916.95,14.69,91307.80,45.23,410.03,2.50,2.50,17.14,28.02,5.88,310.83,9.49,176.96,Raigad,Alibag/Mangaon,Summer,Mango
21.83,1001.16,,93206.47,,416.93,4.99,0.63,27.14,20.23,5.97,294.37,,212.83,Raigad,Karjat,Summer,"Green Gram, Coconut"
32.19,1025.85,16.46,32299.21,79.07,437.54,3.18,3.13,89.68,28.09,5.19,302.35,13.09,206.04,Raigad,Alibag/Mangaon,Monsoon,Mango
17.24,972.35,9.12,89849.45,42.52,371.66,1.44,0.11,,15.35,6.17,258.95,9.57,181.58,Raigad,Alibag/Mangaon,Winter,"Coconut, Mango"
26.09,998.19,54.43,28132.64,97.11,382.48,0.42,2.26,89.42,23.88,5.39,246.79,6.39,,Raigad,Karjat,Monsoon,Coconut
30.70,913.25,9.48,43198.69,95.88,385.36,1.43,1.67,93.97,28.57,5.74,289.39,8.17,203.71,Raigad,Alibag/Mangaon,Monsoon,Mango
38.57,862.69,658.92,42205.72,83.32,,3.70,1.19,,42.10,7.07,231.57,17.92,,Nashik,Niphad/Yeola,Monsoon,"Onion, Grapes"
27.69,897.50,732.95,27358.21,99.99,370.66,3.50,0.33,97.05,24.43,5.77,207.31,11.15,196.89,Nashik,Igatpuri (Ghat Zone),Monsoon,Rice
33.46,,571.51,36810.72,72.78,421.30,4.90,1.08,88.16,33.31,7.95,279.41,33.88,247.61,Nashik,Niphad/Yeola,Monsoon,"Onion, Pomegranate, Sugarcane, Wheat"
17.64,1029.16,66.20,80623.70,52.77,409.07,1.06,3.67,43.10,15.84,5.77,262.64,6.64,229.44,Raigad,Karjat,Winter,"Ragi, Rice"
20.40,1127.85,12.66,56322.95,68.62,405.29,2.65,3.02,52.39,17.55,5.80,348.14,,285.96,Raigad,Alibag/Mangaon,Winter,Mango
13.22,856.39,552.25,75236.96,44.23,399.53,1.80,1.86,44.47,9.92,6.62,209.54,30.52,251.90,Nashik,Niphad/Yeola,Winter,"Onion, Pomegranate"
18.25,858.29,858.47,78518.44,33.10,395.30,3.26,4.13,54.70,16.89,6.26,,16.69,169.34,Nashik,Igatpuri (Ghat Zone),Summer,"Vegetables, Rice"
18.91,918.17,54.18,60248.49,52.11,379.38,1.06,3.23,56.70,12.82,6.03,317.48,6.46,247.00,Raigad,Karjat,Winter,"Cashew, Coconut"
13.59,923.38,516.79,54250.97,57.30,379.23,4.73,,59.46,10.42,7.46,236.62,40.74,218.64,Nashik,Baglan/Kalwan,Winter,"Maize, Bajra, Mango"
33.71,1043.53,52.66,103335.54,37.69,423.43,3.45,0.89,15.53,34.87,4.79,318.70,10.40,210.41,,Karjat,Summer,Ragi
21.56,883.45,599.95,90392.53,53.56,448.25,1.96,,48.32,15.13,6.56,175.26,46.86,210.96,Nashik,Baglan/Kalwan,Winter,"Soybean, Mango"
14.49,1055.95,620.60,71121.08,49.86,470.88,,3.39,53.58,11.19,7.11,206.16,18.45,269.05,Nashik,Niphad/Yeola,Winter,Grapes
35.54,947.13,56.55,18582.28,81.38,442.26,0.13,3.40,86.39,38.15,5.97,281.97,4.87,222.37,Raigad,Karjat,Monsoon,"Ragi, Coconut"
17.52,927.99,832.63,74311.00,53.54,414.11,2.18,1.81,60.34,15.12,6.29,252.35,12.80,177.17,,Igatpuri (Ghat Zone),Winter,Finger Millet
30.78,977.77,,115315.88,30.00,,1.18,0.93,56.90,30.90,7.60,,61.95,279.95,Nashik,Baglan/Kalwan,Summer,Bajra
13.29,929.90,840.30,74656.26,41.57,461.69,0.58,1.88,45.15,10.93,7.11,225.04,15.72,220.96,Nashik,Igatpuri (Ghat Zone),Winter,Maize
31.11,907.36,567.85,90703.21,40.59,408.38,1.63,3.66,46.75,24.48,6.75,208.16,34.53,245.58,Nashik,Baglan/Kalwan,Summer,Onion
40.78,998.66,627.62,27725.85,78.62,411.48,4.65,0.47,81.22,43.01,6.22,220.70,40.26,169.69,Nashik,Baglan/Kalwan,Monsoon,Soybean
28.52,1069.49,17.34,95785.36,45.91,453.17,3.55,3.09,17.03,29.79,6.24,277.90,12.99,224.51,Raigad,Alibag/Mangaon,Summer,"Cashew, Rice, Mango, Tomato"
12.87,891.52,577.07,56388.55,49.21,459.13,3.91,,52.22,10.67,6.55,236.45,16.66,237.38,Nashik,Igatpuri (Ghat Zone),Winter,Vegetables
24.63,974.07,,,47.57,412.45,1.58,2.09,46.01,22.23,5.52,349.67,6.83,258.75,Raigad,Alibag/Mangaon,Winter,Coconut
35.10,1008.19,828.59,44466.94,95.58,416.78,2.90,3.57,83.91,34.50,6.68,313.62,20.84,197.84,Nashik,Igatpuri (Ghat Zone),Monsoon,Maize
35.58,896.00,547.76,99201.73,29.28,411.31,2.01,1.16,42.14,33.39,7.05,228.55,48.28,212.98,Nashik,Baglan/Kalwan,Summer,"Groundnut, Mango"
22.86,977.98,731.28,109837.98,23.90,421.58,1.50,,57.87,17.66,6.41,245.73,11.79,182.94,Nashik,Igatpuri (Ghat Zone),Summer,"Maize, Rice"
32.60,1057.85,11.07,59808.94,89.71,,4.32,3.28,80.03,29.58,5.56,257.34,8.48,194.02,Raigad,Alibag/Mangaon,Monsoon,"Cashew, Banana, Arecanut"
-8.12,1023.45,492.17,86221.69,47.96,440.01,2.83,3.44,59.85,12.31,6.65,259.77,44.64,231.86,Nashik,Baglan/Kalwan,Winter,Groundnut
17.33,910.26,9.72,62441.64,67.74,395.84,3.25,0.38,41.60,15.62,5.80,286.48,11.08,226.95,Raigad,Alibag/Mangaon,,"Cashew, Coconut, Arecanut"
14.40,995.61,,67743.34,45.30,434.34,4.27,2.59,43.71,11.82,7.29,217.27,30.00,272.08,Nashik,Niphad/Yeola,Winter,"Sugarcane, Tomato, Wheat"
26.58,1080.48,6.96,22998.10,84.00,427.62,1.13,3.58,84.54,22.20,,283.99,6.60,265.80,Raigad,Alibag/Mangaon,Monsoon,"Banana, Mango"
23.49,942.11,734.58,118674.11,43.26,439.32,0.64,1.04,55.15,18.05,5.98,308.46,10.78,200.75,Nashik,Igatpuri (Ghat Zone),Summer,"Maize, Finger Millet"
14.80,897.24,533.73,61815.31,45.91,387.09,2.25,1.40,48.39,11.90,7.33,,36.96,259.70,Nashik,Baglan/Kalwan,Winter,"Onion, Bajra, Wheat"
13.99,986.82,,,44.66,408.16,0.37,2.49,62.46,8.68,6.96,225.25,9.18,119.14,Nashik,Igatpuri (Ghat Zone),Winter,"Banana, Rice"
24.64,968.53,14.09,114429.06,31.70,443.50,2.04,2.64,14.40,26.31,5.86,288.48,11.78,280.12,Raigad,Alibag/Mangaon,Summer,Rice
21.45,1061.56,,76310.58,64.86,406.10,2.96,3.27,41.17,20.84,6.11,311.52,6.19,225.41,Raigad,Alibag/Mangaon,Winter,Mango
16.46,982.55,5.99,74912.82,65.89,397.00,2.78,3.59,53.77,20.21,6.11,304.59,13.38,212.37,Raigad,Alibag/Mangaon,,"Cashew, Rice, Mango"
30.03,936.28,524.31,38133.81,92.25,378.02,2.78,2.43,90.67,25.02,7.00,119.58,32.18,,Nashik,Baglan/Kalwan,,"Groundnut, Soybean, Mango"
12.80,1013.72,481.79,77872.84,45.14,431.49,2.06,2.32,66.09,10.49,7.45,248.69,23.67,287.55,Nashik,Niphad/Yeola,Winter,"Onion, Pomegranate, Wheat"
31.92,1012.07,52.17,94424.81,20.76,390.48,3.41,2.29,27.93,29.54,5.88,316.38,7.22,251.06,Raigad,Karjat,Summer,"Coconut, Mango"
30.85,920.61,63.51,52643.81,93.28,390.78,3.77,0.97,94.60,30.05,5.39,278.97,2.69,201.61,Raigad,Karjat,Monsoon,"Green Gram, Coconut"
38.81,1052.54,51.65,22562.53,84.94,385.93,3.92,2.87,78.85,32.19,5.10,281.19,8.67,226.31,Raigad,Karjat,Monsoon,"Cashew, Coconut"
39.60,999.84,484.00,39850.61,79.38,,,1.52,94.14,42.25,,253.58,37.88,237.14,Nashik,Baglan/Kalwan,Monsoon,Groundnut
,,,76406.14,41.97,438.17,4.79,3.29,32.38,15.10,5.88,343.56,6.31,220.87,Raigad,Karjat,Winter,Vari
14.77,993.15,587.41,87878.16,39.25,,2.33,3.87,49.05,9.54,6.16,292.95,15.12,206.80,Nashik,Igatpuri (Ghat Zone),Winter,Rice
15.49,971.79,566.46,70012.98,53.68,427.66,2.61,0.93,40.55,11.76,8.19,270.75,21.27,276.51,Nashik,Niphad/Yeola,Winter,Onion
16.67,886.73,828.38,73951.08,53.78,395.26,0.83,1.70,50.10,12.22,5.63,261.66,24.40,167.97,Nashik,Igatpuri (Ghat Zone),Winter,Rice
28.06,971.63,13.10,52768.04,101.80,464.89,3.64,3.84,102.08,23.31,5.19,313.99,16.28,219.80,,Alibag/Mangaon,,"Cashew, Coconut, Mango"
13.30,996.92,765.36,61038.50,60.03,411.01,0.71,0.26,52.30,10.20,5.68,297.52,16.37,138.15,Nashik,Igatpuri (Ghat Zone),Winter,Finger Millet
13.64,979.44,674.12,57848.51,39.68,414.86,1.58,1.59,56.67,12.36,6.43,215.06,15.82,214.60,Nashik,Igatpuri (Ghat Zone),Winter,"Cotton, Finger Millet"
19.73,965.83,52.51,94070.39,47.00,412.95,1.58,0.52,53.40,14.98,5.63,262.57,5.68,241.85,Raigad,Karjat,Winter,"Cashew, Vari, Mango"
,1118.77,650.31,90943.82,43.37,414.90,3.88,0.87,52.57,18.12,,224.28,28.42,,Nashik,Baglan/Kalwan,Winter,"Groundnut, Maize, Mango"
31.03,897.54,496.57,21445.35,91.19,403.34,5.07,1.43,77.95,30.99,6.65,242.60,66.03,190.03,Nashik,Baglan/Kalwan,Monsoon,Bajra
25.16,,6.44,64162.37,59.92,430.92,2.19,0.88,34.41,26.55,6.18,304.45,12.62,259.56,Raigad,Alibag/Mangaon,,"Cashew, Mango"
39.69,1020.40,477.52,52215.09,83.32,409.55,0.83,3.71,90.70,40.07,8.10,219.12,26.82,280.75,Nashik,Niphad/Yeola,,"Pomegranate, Tomato, Wheat"
15.22,1089.74,620.14,58506.43,58.88,417.89,4.06,0.33,56.51,16.21,6.91,-57.98,37.83,306.59,Nashik,Baglan/Kalwan,Winter,"Soybean, Grapes"
25.00,943.66,742.51,64957.19,45.67,380.15,1.30,0.29,46.16,20.94,5.59,259.21,7.65,156.62,Nashik,Igatpuri (Ghat Zone),Winter,"Vegetables, Finger Millet"
38.11,886.90,679.04,106461.36,29.06,411.05,,3.26,65.36,29.36,6.71,194.19,11.09,174.47,Nashik,Igatpuri (Ghat Zone),Summer,Maize
34.15,900.63,593.88,44507.07,77.56,438.21,3.11,4.00,86.13,33.01,6.83,219.85,44.66,180.85,Nashik,Baglan/Kalwan,Monsoon,Grapes
17.09,1073.26,56.88,,45.26,418.85,2.89,3.35,37.87,14.54,,282.27,,215.28,Raigad,Karjat,Winter,Vari
11.01,971.57,709.02,73863.20,49.53,424.18,3.57,,,8.76,6.71,216.21,11.52,200.74,Nashik,Igatpuri (Ghat Zone),Winter,"Vegetables, Rice, Finger Millet"
32.23,966.98,543.75,,23.73,386.13,4.78,1.85,52.16,29.99,7.97,148.61,30.93,259.08,Nashik,Niphad/Yeola,Summer,"Onion, Pomegranate"
,,,,,,,,,,,,,,,,,Green Gram
21.84,984.36,591.51,64465.48,44.13,410.53,3.81,,53.49,23.35,7.04,259.44,27.24,293.84,Nashik,Niphad/Yeola,Winter,"Tomato, Wheat"
20.64,911.97,706.09,76749.50,62.13,436.34,3.75,0.62,59.83,16.90,6.81,259.75,17.83,222.89,Nashik,Igatpuri (Ghat Zone),Winter,"Maize, Rice, Finger Millet"
,874.55,,44499.51,81.02,424.88,4.38,0.53,84.14,43.89,8.02,248.69,49.17,254.55,Nashik,Baglan/Kalwan,Monsoon,"Groundnut, Maize, Bajra"
22.67,993.24,573.34,82334.03,44.27,,4.03,2.23,53.16,16.47,7.59,218.08,26.64,285.53,Nashik,Niphad/Yeola,Winter,Onion
0.25,983.86,5.66,96214.31,37.93,393.93,4.53,2.70,23.01,25.31,6.57,257.61,,227.50,Raigad,Alibag/Mangaon,Summer,"Arecanut, Rice"
26.28,847.87,701.21,93182.40,32.31,,0.56,1.20,54.12,31.21,6.39,254.17,9.71,177.34,Nashik,Igatpuri (Ghat Zone),Summer,"Sugarcane, Rice"
26.05,1121.56,450.38,120928.43,36.90,403.74,2.14,3.79,56.53,25.34,8.22,,58.04,277.93,Nashik,Baglan/Kalwan,Summer,Grapes
17.37,870.79,835.64,70798.87,52.06,403.22,0.57,,39.63,15.12,,229.61,18.76,,Nashik,Igatpuri (Ghat Zone),Winter,"Maize, Rice, Finger Millet"
17.20,944.86,,92520.51,45.90,429.69,1.24,1.46,52.53,15.86,5.14,,10.43,178.55,Raigad,,Winter,"Green Gram, Vari, Coconut"
41.66,959.43,542.83,36490.25,85.65,410.70,3.18,1.95,81.92,35.55,7.83,185.16,47.09,223.53,Nashik,Baglan/Kalwan,Monsoon,Groundnut
32.43,1135.98,41.05,89964.48,42.21,350.17,3.63,0.22,26.99,28.04,5.68,,5.71,176.89,Raigad,Karjat,Summer,"Green Gram, Coconut, Cashew"
18.03,1149.94,49.92,,51.37,423.45,3.42,3.35,47.63,15.68,6.01,270.20,11.92,148.77,Raigad,Karjat,Winter,Green Gram
14.23,938.73,524.22,86026.91,65.80,410.98,1.04,1.76,49.43,13.16,7.67,190.40,,302.86,Nashik,Baglan/Kalwan,Winter,Bajra
15.50,899.64,874.24,209384.70,56.93,464.04,1.85,0.17,63.55,12.56,5.79,260.51,14.75,217.06,Nashik,Igatpuri (Ghat Zone),Winter,"Maize, Vegetables"
32.29,955.70,484.31,,69.09,392.57,1.58,0.91,89.38,27.66,8.12,221.64,36.70,271.16,Nashik,Niphad/Yeola,Monsoon,"Onion, Wheat"
22.08,1120.85,10.39,78556.28,46.14,462.44,0.71,0.87,40.89,14.77,5.33,360.03,8.86,247.81,Raigad,Alibag/Mangaon,Winter,Banana
42.98,914.84,507.85,47308.86,80.13,830.21,2.91,1.32,90.18,36.70,7.16,172.06,42.52,272.50,Nashik,Baglan/Kalwan,Monsoon,"Groundnut, Mango"
33.01,946.31,5.65,46264.24,87.25,412.60,4.03,0.66,91.63,34.92,,312.15,16.69,230.34,Raigad,Alibag/Mangaon,,"Cotton, Arecanut"
24.49,1042.60,14.96,94591.73,22.89,417.40,0.16,3.90,18.21,20.53,5.52,262.15,8.55,210.04,,Alibag/Mangaon,Summer,Arecanut
31.54,1072.53,65.14,22594.63,87.89,418.34,4.88,4.02,98.52,,5.60,-19.78,11.74,172.75,Raigad,Karjat,Monsoon,"Cashew, Coconut, Cotton, Rice"
28.55,928.41,489.78,16695.29,88.86,473.70,4.58,0.58,77.04,26.45,6.83,,53.69,282.32,Nashik,Baglan/Kalwan,Monsoon,"Soybean, Grapes"
26.60,979.68,,87788.60,39.07,415.79,4.48,3.21,11.45,21.30,5.05,269.93,4.98,285.31,Raigad,Alibag/Mangaon,Summer,Mango
,,,,,,,,,,,,,,,,,"Vegetables, Finger Millet"
26.53,954.42,788.13,101681.69,22.20,398.62,1.44,0.24,53.09,22.32,6.78,222.23,15.50,233.41,Nashik,Igatpuri (Ghat Zone),Summer,"Maize, Rice, Finger Millet"
,950.03,443.90,30010.01,81.50,401.35,0.20,3.52,91.90,33.65,7.40,270.15,29.06,206.90,Nashik,Niphad/Yeola,Monsoon,"Pomegranate, Tomato"
25.38,893.40,56.41,,44.21,443.32,4.09,3.91,39.13,20.01,5.51,261.37,8.03,216.59,Raigad,Karjat,Winter,Coconut
44.16,962.46,521.30,34682.59,83.98,422.27,3.66,0.44,92.94,,6.36,140.84,39.88,285.99,Nashik,Baglan/Kalwan,Monsoon,"Sugarcane, Bajra"
35.13,1105.29,6.79,52493.86,,407.35,1.31,,89.51,31.85,6.63,343.23,9.37,279.89,Raigad,Alibag/Mangaon,Monsoon,Arecanut
14.86,882.69,782.96,96883.38,40.50,403.23,3.97,2.84,58.05,12.76,7.03,294.24,10.09,171.73,Nashik,Igatpuri (Ghat Zone),Winter,Rice
27.44,952.95,624.08,93502.19,20.55,391.36,,0.74,62.40,26.95,8.04,233.41,20.33,249.03,Nashik,Niphad/Yeola,Summer,Pomegranate
34.96,853.52,670.62,42265.03,95.89,424.20,2.00,3.77,79.29,31.76,6.56,237.03,21.33,134.10,Nashik,Igatpuri (Ghat Zone),Monsoon,"Vegetables, Finger Millet"
31.19,1011.51,60.51,91388.16,21.30,382.97,0.46,2.26,19.36,32.20,5.75,272.37,8.24,237.35,Raigad,Karjat,Summer,Ragi
25.21,967.35,633.35,117167.82,39.60,409.69,4.07,3.34,54.82,21.49,6.61,243.34,24.62,224.12,Nashik,Niphad/Yeola,Summer,"Grapes, Tomato, Wheat"
32.45,1015.77,54.32,110082.62,27.58,364.53,0.56,2.22,13.06,31.02,5.55,259.22,9.53,,Raigad,Karjat,Summer,"Cashew, Ragi"
12.32,939.72,589.08,82166.96,67.72,419.10,1.60,1.14,57.02,,8.37,215.78,28.09,268.14,Nashik,Niphad/Yeola,Winter,"Pomegranate, Grapes, Wheat"
33.95,965.23,468.58,26235.06,81.03,403.80,1.15,1.37,93.13,31.18,,206.04,56.45,238.45,,Baglan/Kalwan,Monsoon,Onion
33.60,924.41,654.08,111369.55,35.22,398.49,3.38,3.38,63.52,28.85,8.13,303.75,26.14,263.14,Nashik,Niphad/Yeola,Summer,"Tomato, Wheat"
27.04,952.19,11.20,98868.52,37.66,387.34,2.76,0.95,18.05,26.85,6.11,,8.05,212.09,Raigad,Alibag/Mangaon,Summer,Cashew
31.19,,577.89,268265.75,32.75,387.14,4.22,3.89,61.43,31.63,6.64,238.00,9.37,151.25,,Igatpuri (Ghat Zone),Summer,"Vegetables, Maize"
36.61,978.90,,52647.41,86.20,,,,,35.87,5.55,,,,,Karjat,Monsoon,"Cashew, Banana"
25.31,968.49,638.90,124739.58,32.48,436.19,2.43,1.51,48.29,23.66,7.19,257.92,22.09,289.41,Nashik,Niphad/Yeola,Summer,"Onion, Pomegranate, Grapes"
32.74,923.29,875.78,103982.89,21.32,345.32,0.97,1.56,51.33,27.48,,218.06,13.00,,Nashik,,Summer,Rice
-16.25,930.65,459.74,76178.19,44.26,367.61,3.17,2.11,62.87,11.41,6.86,160.09,55.71,228.51,Nashik,Baglan/Kalwan,Winter,"Onion, Groundnut"
10.99,912.79,484.62,,68.23,409.45,4.36,0.55,,8.60,8.14,244.68,,339.30,Nashik,,Winter,"Pomegranate, Wheat"
14.66,986.28,54.69,88398.01,59.02,415.11,1.05,0.60,56.09,14.90,5.32,254.14,6.66,239.52,Raigad,Karjat,Winter,"Coconut, Vari"
34.35,963.72,546.72,112743.62,42.54,417.05,2.94,1.76,65.16,30.38,5.59,214.57,55.41,,Nashik,Baglan/Kalwan,Summer,"Grapes, Mango"
36.39,920.82,49.74,17092.30,90.01,403.70,0.97,3.17,100.44,34.09,6.46,256.01,9.18,209.03,,Karjat,Monsoon,"Cashew, Mango"
15.20,954.07,742.19,75095.91,44.64,407.64,0.65,3.71,64.59,14.73,,234.28,13.11,196.28,Nashik,Igatpuri (Ghat Zone),,Finger Millet
29.07,1002.67,11.07,31250.05,90.98,413.09,4.70,2.03,99.56,26.35,5.15,330.75,12.57,260.83,Raigad,Alibag/Mangaon,Monsoon,"Banana, Mango"
33.35,957.25,47.76,92256.28,45.38,,,3.86,15.21,29.71,6.24,283.59,7.86,179.99,Raigad,Karjat,Summer,"Cashew, Coconut, Vari"
36.42,937.11,508.26,33393.83,79.54,462.38,4.84,3.24,87.57,40.70,7.70,240.83,44.95,,Nashik,Baglan/Kalwan,Monsoon,Soybean
18.52,1052.39,8.79,66588.92,50.10,429.17,5.09,3.32,34.14,11.73,6.45,,8.68,284.15,Raigad,Alibag/Mangaon,Winter,"Cashew, Banana, Arecanut"
39.90,972.46,560.67,94713.28,22.88,403.95,1.31,1.33,60.65,32.22,7.28,255.26,32.29,209.25,Nashik,Niphad/Yeola,Summer,"Pomegranate, Grapes, Tomato"
43.53,1043.39,,50722.74,79.79,399.35,3.56,0.62,88.65,,7.50,230.88,,304.87,Nashik,Niphad/Yeola,Monsoon,"Pomegranate, Grapes, Tomato"
25.33,1145.75,10.53,94000.30,32.04,477.38,4.05,2.16,15.33,23.72,6.16,277.19,4.22,245.00,Raigad,,Summer,Arecanut
13.92,1023.17,541.85,70283.85,65.46,424.54,0.14,3.23,47.73,12.47,6.37,265.46,51.30,245.14,Nashik,Baglan/Kalwan,Winter,"Onion, Maize"
31.18,1040.19,522.12,17883.48,80.63,370.71,3.77,2.02,99.05,26.86,7.41,189.18,41.04,242.09,Nashik,Baglan/Kalwan,Monsoon,"Groundnut, Soybean, Mango"
39.32,,456.97,99371.80,29.23,380.93,3.91,0.26,42.37,32.96,,,36.81,261.42,Nashik,Baglan/Kalwan,Summer,"Maize, Grapes, Mango"
16.75,1065.90,506.55,91271.15,44.01,392.25,0.71,2.88,52.30,16.49,7.71,256.55,17.23,264.14,Nashik,Niphad/Yeola,,"Sugarcane, Pomegranate, Onion"
17.97,884.77,13.81,66878.35,51.93,396.14,2.51,2.78,,15.57,5.52,212.22,10.84,,Raigad,Alibag/Mangaon,Winter,"Cashew, Coconut"
12.86,1067.86,775.32,69370.00,62.71,514.74,0.18,0.91,56.28,7.79,5.21,,12.95,167.31,Nashik,Igatpuri (Ghat Zone),Winter,Finger Millet
39.07,,,58084.17,90.77,406.24,3.92,2.70,81.62,36.00,6.77,331.70,9.98,250.14,Raigad,Alibag/Mangaon,Monsoon,Banana
,924.69,822.79,96146.99,31.39,410.06,0.38,0.36,51.48,18.54,7.00,224.04,10.64,198.40,Nashik,Igatpuri (Ghat Zone),Summer,Vegetables
19.11,1034.44,10.46,81285.74,67.06,419.38,3.37,1.07,55.61,17.57,5.99,234.26,7.39,237.84,Raigad,Alibag/Mangaon,,Cashew
33.83,1018.92,11.47,20653.29,101.14,433.09,3.76,2.68,,32.81,6.39,283.36,7.59,239.90,Raigad,Alibag/Mangaon,Monsoon,Rice
24.17,988.56,647.47,30478.52,97.92,394.94,2.48,1.21,92.08,,6.26,255.30,20.28,173.84,Nashik,,Monsoon,Rice
35.69,1069.70,10.13,57198.30,87.99,409.28,1.23,3.15,97.95,36.47,5.51,322.04,11.91,243.40,Raigad,Alibag/Mangaon,Monsoon,Coconut
,,,,,,,,,,,,,,,,,Mango
41.84,989.03,586.99,33812.10,84.97,378.85,3.28,0.97,97.63,36.51,,191.76,51.98,235.86,Nashik,Baglan/Kalwan,Monsoon,Grapes
25.44,874.98,534.67,92960.72,25.76,426.75,2.69,1.59,54.60,21.05,6.93,227.40,29.45,293.35,Nashik,Niphad/Yeola,Summer,Onion
,888.41,61.31,110992.22,31.61,426.69,1.23,0.90,22.45,21.98,6.30,285.25,10.80,212.23,Raigad,Karjat,Summer,Ragi
18.93,949.40,53.52,101296.32,62.40,388.80,0.72,4.07,52.89,15.55,5.90,255.29,5.31,221.67,Raigad,Karjat,Winter,"Cashew, Green Gram, Vari"
16.66,899.26,927.88,75195.22,57.32,408.62,2.38,3.46,52.34,,6.31,224.05,11.30,163.59,Nashik,Igatpuri (Ghat Zone),Winter,"Maize, Finger Millet"
29.78,1062.39,6.09,123251.08,42.43,462.36,0.98,1.80,26.76,23.47,5.69,288.98,9.32,221.82,Raigad,Alibag/Mangaon,Summer,"Banana, Rice"
16.37,979.11,649.30,70196.58,,407.91,0.87,3.89,47.50,14.60,6.97,237.66,33.35,296.44,Nashik,Niphad/Yeola,Winter,Wheat
24.21,962.34,,108786.84,,,,,,,6.72,245.16,,243.67,,Baglan/Kalwan,Summer,"Groundnut, Mango"
13.25,1013.45,548.54,,61.82,404.53,1.59,0.23,63.40,10.23,6.18,192.66,44.85,276.41,Nashik,Baglan/Kalwan,Winter,"Maize, Soybean, Bajra"
28.98,935.77,431.20,520099.29,90.23,368.43,0.69,2.34,95.83,28.87,7.38,197.88,43.68,269.13,Nashik,Baglan/Kalwan,Monsoon,"Maize, Grapes"
29.36,1039.90,15.04,97607.38,33.28,423.29,3.54,1.51,21.57,26.77,5.61,300.84,8.05,217.53,Raigad,Alibag/Mangaon,,"Rice, Mango"
34.69,946.47,62.75,104846.63,27.83,376.03,4.87,3.41,12.42,,5.16,251.81,6.96,,Raigad,Karjat,Summer,Mango
17.85,1108.05,10.53,74338.83,58.65,410.79,5.16,1.16,53.14,13.11,5.18,255.70,9.28,205.16,,Alibag/Mangaon,Winter,"Coconut, Banana"
26.99,,,,,,3.35,,,,5.14,249.21,,196.28,,Karjat,Summer,"Cashew, Green Gram, Mango"
38.35,1008.11,642.69,44321.10,82.41,446.13,0.92,2.59,88.65,36.21,7.64,265.22,18.57,321.91,Nashik,Niphad/Yeola,Monsoon,"Onion, Sugarcane"
16.08,891.63,390.11,,63.28,385.33,1.74,,,13.75,7.86,270.92,31.81,247.84,Nashik,Baglan/Kalwan,Winter,Mango
40.55,865.65,513.70,22988.34,80.93,388.87,4.00,1.06,84.19,36.24,7.57,215.06,40.65,246.50,Nashik,Baglan/Kalwan,Monsoon,"Grapes, Mango"
18.32,976.04,920.88,70458.39,61.90,396.40,0.51,0.47,,14.14,6.66,226.98,8.59,180.94,Nashik,Igatpuri (Ghat Zone),Winter,Rice
16.57,841.96,722.07,71681.64,48.21,470.23,1.44,1.48,46.54,14.54,6.40,242.30,9.80,192.71,Nashik,Igatpuri (Ghat Zone),Winter,Vegetables
31.76,1016.88,51.59,113115.67,33.65,412.55,2.35,1.22,23.89,26.32,5.41,,9.92,223.62,Raigad,Karjat,Summer,"Cashew, Green Gram"
12.89,952.44,444.99,60526.82,72.96,430.34,3.35,3.52,56.13,10.67,6.92,251.03,47.45,275.24,Nashik,Baglan/Kalwan,Winter,Mango
29.11,916.16,594.74,28038.20,81.72,,1.20,,81.21,25.44,,,,220.30,Nashik,Baglan/Kalwan,Monsoon,Groundnut
29.57,914.03,61.65,100584.34,43.80,410.30,1.59,1.37,27.86,22.83,5.64,288.64,7.14,220.27,Raigad,Karjat,Summer,"Cotton, Vari, Mango"
43.83,935.24,570.66,103843.48,34.87,399.52,0.25,2.95,51.74,39.38,7.68,232.83,18.20,269.06,Nashik,Niphad/Yeola,Summer,Sugarcane
32.68,1053.20,,46480.84,99.69,428.06,1.94,0.71,92.24,30.33,5.86,323.48,8.17,225.56,Raigad,Alibag/Mangaon,Monsoon,"Cashew, Arecanut"
17.94,1026.82,68.89,76589.73,55.49,,1.11,2.02,31.29,14.24,6.29,282.44,4.46,165.53,Raigad,Karjat,,Cashew
33.69,1035.91,9.95,37260.19,96.98,411.33,0.90,2.82,69.18,28.10,6.09,260.71,12.65,201.05,Raigad,Alibag/Mangaon,Monsoon,"Banana, Vegetables"
27.25,1178.30,62.84,25339.12,100.89,345.46,0.23,3.23,,26.91,6.15,308.03,3.68,,Raigad,Karjat,Monsoon,"Ragi, Rice"
,1024.58,752.31,81120.95,57.53,454.49,3.34,,54.08,9.38,4.65,223.12,13.94,194.50,Nashik,Igatpuri (Ghat Zone),Winter,"Vegetables, Finger Millet"
44.57,1010.22,560.08,18738.91,77.80,377.38,4.92,0.40,86.49,38.55,,214.66,54.02,229.74,Nashik,Baglan/Kalwan,Monsoon,"Onion, Grapes"
33.39,940.21,6.79,37934.65,98.01,423.75,1.88,,95.79,30.98,6.26,278.10,9.27,211.71,Raigad,Alibag/Mangaon,Monsoon,Cashew
30.61,1099.34,11.00,16560.19,,406.07,,2.93,94.32,27.97,5.93,268.60,11.04,211.81,Raigad,Alibag/Mangaon,Monsoon,"Cashew, Arecanut, Rice"
53.71,1086.48,7.87,91148.97,40.50,453.09,2.30,1.84,13.17,18.93,6.27,336.84,15.21,271.18,Raigad,Alibag/Mangaon,Summer,"Banana, Rice"
14.05,973.69,571.00,55667.95,68.99,415.00,2.67,0.76,49.69,14.47,7.82,212.72,23.48,,Nashik,Niphad/Yeola,Winter,Tomato
28.51,994.19,,18126.92,76.85,419.92,2.19,3.58,82.69,25.98,7.28,218.92,55.56,224.04,Nashik,Baglan/Kalwan,Monsoon,"Maize, Grapes, Mango"
36.39,,,,,425.89,5.31,,95.65,,7.20,215.32,,219.20,Nashik,,,"Vegetables, Rice"
21.63,976.64,564.26,69518.69,51.03,401.17,3.14,3.26,61.65,15.10,8.88,234.38,24.61,245.65,Nashik,Niphad/Yeola,Winter,Wheat
26.67,,7.95,103286.99,37.54,409.04,4.62,1.46,21.02,21.90,5.17,245.35,9.50,219.59,Raigad,Alibag/Mangaon,Summer,Coconut
16.14,946.44,8.04,69944.08,,396.67,1.35,2.38,39.91,17.52,5.09,295.75,15.56,259.45,Raigad,Alibag/Mangaon,Winter,"Rice, Mango"
42.10,891.45,519.27,41581.73,82.07,,2.17,3.46,81.22,43.34,7.66,254.70,19.52,330.58,Nashik,Niphad/Yeola,Monsoon,Wheat
40.72,974.99,433.47,96386.26,25.71,376.18,0.26,3.53,59.46,39.12,6.94,194.43,32.86,239.75,Nashik,Baglan/Kalwan,Summer,"Onion, Maize, Soybean"
31.63,925.40,7.42,107127.57,34.80,416.47,0.28,2.79,25.73,24.62,5.70,222.14,10.04,221.54,Raigad,Alibag/Mangaon,Summer,Rice
31.70,846.58,646.63,95972.05,25.10,457.77,1.69,3.89,54.41,32.32,7.26,190.83,,206.96,Nashik,Igatpuri (Ghat Zone),Summer,"Rice, Finger Millet"
29.22,,447.49,,,,,,,,6.86,247.20,55.51,,,,,Mango
20.67,925.51,62.16,77413.83,,462.48,0.12,0.78,27.20,19.96,6.33,240.16,2.87,166.74,Raigad,,Winter,"Ragi, Mango"
20.08,1150.74,15.37,70296.23,56.58,379.11,1.10,1.69,53.80,21.55,5.94,244.34,10.54,230.72,Raigad,Alibag/Mangaon,Winter,"Banana, Mango"
40.14,1011.32,466.71,41146.77,80.89,,1.15,3.32,80.51,39.07,,149.37,58.52,,Nashik,Baglan/Kalwan,Monsoon,"Onion, Grapes, Mango"
13.00,998.97,891.36,87585.50,54.30,425.28,2.66,1.94,41.97,9.78,7.00,207.03,9.70,211.44,Nashik,Igatpuri (Ghat Zone),,Finger Millet
35.84,1015.94,908.47,96042.78,38.79,400.79,3.15,3.05,40.58,31.70,6.82,308.39,12.09,190.25,Nashik,Igatpuri (Ghat Zone),Summer,"Banana, Finger Millet"
23.19,939.05,,,41.39,,1.83,,31.73,,4.93,,,,Raigad,Alibag/Mangaon,,"Arecanut, Rice"
24.79,1084.99,64.07,100274.86,22.61,480.99,2.83,2.73,12.01,21.19,6.08,303.33,10.78,248.15,Raigad,Karjat,Summer,"Green Gram, Rice, Tomato"
15.96,866.32,524.49,61912.97,55.01,449.78,0.51,1.89,46.46,14.77,7.04,207.42,26.96,168.29,Nashik,Niphad/Yeola,Winter,Grapes
37.07,1094.63,52.40,473086.55,95.51,401.64,0.12,2.36,79.61,34.82,5.91,256.76,8.66,253.35,Raigad,Karjat,Monsoon,Ragi
17.32,973.84,590.01,69005.20,40.02,383.73,0.97,2.98,49.39,11.75,8.43,,29.53,296.87,Nashik,Niphad/Yeola,Winter,"Onion, Tomato, Wheat"
21.79,900.27,475.15,65613.50,60.53,448.30,1.22,2.02,46.72,19.77,,227.96,48.73,235.19,Nashik,Baglan/Kalwan,,Bajra
20.43,880.86,57.11,71478.49,51.09,358.15,4.33,0.54,44.23,15.83,5.80,255.33,6.22,200.77,Raigad,Karjat,Winter,Green Gram
42.46,,557.61,,,,1.51,,84.46,,6.96,220.57,18.10,221.66,,,,"Sugarcane, Pomegranate"
37.16,984.25,,30978.57,100.47,395.22,4.75,0.79,99.66,29.37,6.34,254.45,11.81,214.49,Raigad,Karjat,Monsoon,Green Gram
14.01,1017.65,711.48,79995.03,39.00,367.34,3.50,4.00,52.95,12.67,7.33,200.71,14.98,168.88,Nashik,Igatpuri (Ghat Zone),Winter,Maize
22.16,913.74,494.06,86241.04,26.21,452.34,2.10,2.12,68.64,19.12,7.31,0.00,50.31,298.98,Nashik,Baglan/Kalwan,Summer,Onion
37.80,971.69,,55343.32,,406.33,2.62,3.20,86.39,33.25,6.97,,,191.49,Nashik,Igatpuri (Ghat Zone),Monsoon,Finger Millet
22.53,972.17,6.45,56705.97,,420.82,0.79,0.19,49.91,18.20,5.62,317.75,11.06,,Raigad,Alibag/Mangaon,Winter,Rice
22.75,1038.14,66.21,,38.02,430.34,4.61,0.92,43.56,20.92,5.93,348.05,7.88,254.59,Raigad,Karjat,Winter,"Green Gram, Coconut, Cashew"
29.15,997.49,54.05,16163.21,81.67,399.33,3.09,0.38,94.41,32.33,5.86,258.46,6.54,196.94,Raigad,Karjat,Monsoon,Coconut
12.06,1040.80,,80038.29,55.04,407.57,3.30,2.79,52.88,10.48,7.36,238.47,14.50,188.50,Nashik,Igatpuri (Ghat Zone),Winter,Maize
18.81,,466.20,77121.81,55.62,397.86,1.74,3.49,45.22,15.63,7.89,230.14,61.65,188.93,Nashik,Baglan/Kalwan,Winter,Groundnut
,930.05,556.10,95320.56,40.20,437.75,2.42,2.92,48.96,37.08,6.59,,35.32,,Nashik,Niphad/Yeola,Summer,Tomato
16.60,911.66,741.22,78360.07,55.19,436.35,,1.47,50.53,12.45,6.86,274.94,27.51,203.98,Nashik,Igatpuri (Ghat Zone),Winter,"Maize, Rice"
23.16,961.98,851.03,95681.34,40.28,402.65,4.23,1.73,51.90,18.04,5.80,234.53,12.44,,Nashik,,Winter,Vegetables
14.75,1006.00,611.44,578697.25,41.84,421.67,0.46,3.51,56.32,10.35,6.63,258.06,18.03,182.34,Nashik,Igatpuri (Ghat Zone),Winter,"Vegetables, Finger Millet"
34.12,943.47,725.29,98282.24,37.72,415.82,2.87,3.24,49.27,27.34,7.36,,8.95,,Nashik,Igatpuri (Ghat Zone),Summer,"Maize, Rice"
22.72,1018.01,59.28,90752.06,23.84,413.40,3.88,1.13,25.02,19.57,5.68,262.52,5.33,241.94,Raigad,,Summer,"Rice, Mango"
26.28,1087.53,56.97,100723.57,46.02,443.41,3.23,0.34,,26.88,5.63,259.45,12.25,191.69,Raigad,Karjat,Summer,"Cashew, Green Gram, Cotton"
15.77,954.90,537.28,62514.59,55.39,404.49,1.15,1.46,54.82,10.30,6.96,262.06,47.38,257.62,Nashik,Baglan/Kalwan,Winter,"Groundnut, Bajra, Mango"
,1040.42,10.22,65938.74,,362.34,4.12,,,16.22,5.51,330.51,5.72,235.13,Raigad,Alibag/Mangaon,Winter,"Banana, Coconut"
33.64,1080.02,591.28,112157.27,28.02,404.12,4.91,3.02,43.71,37.75,6.82,189.46,27.55,261.40,Nashik,Niphad/Yeola,Summer,Grapes
35.72,994.38,601.01,,75.84,436.35,3.47,0.83,83.89,41.13,7.14,292.65,31.53,279.23,Nashik,Niphad/Yeola,Monsoon,Tomato
39.02,975.45,705.16,29533.01,104.22,490.86,4.03,2.19,84.20,33.92,6.93,278.19,16.50,214.32,Nashik,Igatpuri (Ghat Zone),Monsoon,"Vegetables, Rice, Finger Millet"
44.39,827.68,564.42,17163.42,75.60,470.78,,0.96,82.21,41.46,7.71,208.89,22.92,176.78,Nashik,Niphad/Yeola,Monsoon,"Tomato, Wheat"
13.39,850.03,660.34,49690.08,51.88,392.91,1.60,0.81,41.15,9.88,6.86,271.02,13.53,167.79,Nashik,Igatpuri (Ghat Zone),Winter,"Rice, Finger Millet"
45.25,868.93,578.84,,77.40,429.88,2.25,1.88,,39.91,7.23,273.44,22.48,267.59,Nashik,Niphad/Yeola,Monsoon,Wheat
33.46,946.02,537.51,40344.69,86.90,435.14,3.19,,98.96,27.85,7.03,241.94,53.02,237.27,Nashik,Baglan/Kalwan,Monsoon,Groundnut
17.40,945.23,63.79,74467.09,42.30,484.27,1.25,3.91,47.47,14.61,,329.18,7.08,182.59,,Karjat,Winter,"Ragi, Green Gram, Mango"
28.71,864.01,,82395.27,49.52,424.51,1.78,0.97,58.29,23.78,7.08,180.50,66.03,,Nashik,Baglan/Kalwan,,"Cotton, Grapes, Bajra"
26.98,1069.73,,,96.36,399.24,4.20,2.91,81.69,26.15,5.28,297.56,8.80,234.77,Raigad,Karjat,Monsoon,"Cashew, Green Gram, Vari"
26.46,770.03,661.52,86270.79,62.18,440.47,4.52,3.51,55.11,19.29,6.38,313.09,16.47,197.34,Nashik,,Winter,"Vegetables, Rice, Finger Millet"
14.77,841.14,568.39,78509.34,59.68,398.68,4.01,,51.96,12.81,8.19,210.31,28.61,351.28,Nashik,Niphad/Yeola,Winter,"Onion, Pomegranate, Grapes, Sugarcane"
12.81,838.10,497.67,86362.68,62.99,381.28,2.31,3.30,64.43,,6.66,205.02,28.86,339.27,Nashik,Baglan/Kalwan,Winter,"Maize, Cotton, Mango"
22.93,988.00,,86183.95,46.30,403.32,1.67,0.83,34.84,22.31,6.25,307.74,11.79,249.44,Raigad,,Winter,"Cashew, Arecanut, Rice"
33.74,976.56,61.49,106957.95,32.46,409.60,1.97,3.08,27.60,35.01,5.73,291.21,,,Raigad,Karjat,Summer,Mango
29.71,965.31,58.79,36613.30,99.54,,3.43,3.85,90.94,25.07,6.60,301.27,9.68,244.27,Raigad,Karjat,Monsoon,Ragi
43.98,858.73,,35447.50,82.24,439.25,1.98,0.71,82.27,29.47,7.90,244.76,32.08,293.44,,Niphad/Yeola,Monsoon,"Groundnut, Pomegranate"
34.75,964.23,633.58,36434.15,103.59,392.05,0.43,0.25,73.31,34.88,6.06,271.55,9.93,142.24,Nashik,Igatpuri (Ghat Zone),Monsoon,Finger Millet
36.49,1126.33,,44836.82,96.19,383.31,0.48,0.95,93.76,38.21,5.86,273.26,,262.08,Raigad,Karjat,Monsoon,Green Gram
29.70,908.62,52.71,109018.68,33.40,378.22,4.60,3.44,31.03,26.32,,253.66,5.79,173.64,Raigad,Karjat,Summer,Rice
31.96,965.88,567.00,27833.20,84.01,417.27,2.84,4.13,88.38,27.28,7.57,191.55,39.74,259.32,Nashik,Baglan/Kalwan,Monsoon,"Onion, Grapes"
23.37,778.91,702.98,109503.53,48.33,443.83,5.13,1.96,55.20,19.05,,243.22,16.70,172.64,Nashik,Igatpuri (Ghat Zone),Summer,"Vegetables, Finger Millet"
30.28,1125.76,482.03,,73.47,450.22,2.33,1.99,97.02,,7.44,221.73,53.64,258.10,Nashik,Baglan/Kalwan,Monsoon,"Groundnut, Maize, Bajra"
26.89,967.23,47.50,40313.28,93.03,470.23,3.69,1.22,,26.19,5.56,230.27,6.85,222.90,Raigad,Karjat,Monsoon,Coconut
30.50,1016.01,12.06,97246.48,28.33,346.59,5.08,2.96,12.07,27.35,4.96,,9.22,225.98,Raigad,Alibag/Mangaon,Summer,Banana
37.37,995.79,48.00,53358.95,88.26,357.45,3.81,,76.51,32.45,5.54,268.12,10.36,236.42,Raigad,Karjat,,Mango
36.36,1035.45,57.01,35611.42,82.86,846.47,0.28,0.29,93.64,32.08,5.19,304.20,6.56,,Raigad,Karjat,Monsoon,"Coconut, Rice"
38.76,,563.66,26491.47,,370.90,1.33,3.85,97.14,31.74,7.38,215.50,11.66,308.97,Nashik,Niphad/Yeola,Monsoon,"Grapes, Tomato, Wheat"
22.03,1065.64,55.93,70479.77,63.19,378.40,2.30,1.73,34.37,21.16,5.38,280.26,7.08,210.74,Raigad,Karjat,Winter,"Groundnut, Green Gram, Vari"
33.46,844.91,583.11,107126.15,20.75,394.72,4.09,1.96,56.67,26.27,7.26,191.58,21.81,266.15,Nashik,Niphad/Yeola,Summer,"Onion, Pomegranate, Tomato"
34.59,1025.22,657.28,26906.07,89.53,449.04,0.99,1.66,87.46,38.24,6.33,221.27,15.02,102.66,Nashik,,Monsoon,"Vegetables, Rice, Maize"
22.80,927.03,566.75,85607.36,22.34,421.84,3.00,3.35,46.54,22.64,7.49,275.57,27.68,234.94,Nashik,Niphad/Yeola,Summer,"Onion, Pomegranate, Grapes"
,1128.00,,80287.48,61.48,345.16,2.36,3.25,36.52,18.98,6.08,248.73,6.60,217.59,Raigad,Karjat,Winter,"Cashew, Green Gram"
28.88,1005.83,51.37,87863.13,26.91,405.95,1.13,3.45,,24.92,6.30,274.52,7.17,240.39,Raigad,,Summer,"Cashew, Vari"
34.17,1074.10,766.45,39922.87,83.14,434.14,,0.34,88.28,32.48,5.80,247.14,21.83,,Nashik,Igatpuri (Ghat Zone),Monsoon,"Maize, Rice"
21.49,,598.81,74467.40,,385.08,2.65,3.18,48.71,17.91,6.27,256.32,19.08,297.62,Nashik,Niphad/Yeola,Winter,Onion
21.53,1045.13,15.15,85667.58,72.72,392.01,0.13,0.19,36.56,18.89,5.37,265.66,9.14,211.51,Raigad,Alibag/Mangaon,Winter,"Cashew, Arecanut"
25.90,887.61,626.37,80702.02,48.70,372.70,3.59,1.63,42.65,,6.99,157.00,29.13,243.37,Nashik,Niphad/Yeola,Winter,Sugarcane
20.61,1128.87,48.40,95370.79,,370.62,3.70,2.43,,20.45,5.83,266.82,11.97,251.45,Raigad,Karjat,Summer,Rice
13.12,995.25,555.14,,53.69,369.69,4.11,2.32,51.96,10.95,7.32,224.88,43.32,251.24,Nashik,Baglan/Kalwan,Winter,Onion
35.94,955.19,57.23,47956.25,103.39,403.78,2.59,0.18,,35.65,5.59,,9.26,219.42,Raigad,Karjat,Monsoon,Rice
35.46,1009.12,57.09,37656.24,100.12,394.07,2.64,2.67,113.04,35.65,6.27,252.72,10.40,187.05,,Karjat,Monsoon,"Ragi, Mango"
17.49,975.32,635.64,,63.84,444.61,2.90,0.51,69.44,15.35,6.02,221.86,24.24,211.80,Nashik,Igatpuri (Ghat Zone),Winter,Vegetables
40.31,966.24,897.91,17846.86,86.62,428.34,,0.32,89.59,36.16,6.53,,14.54,190.43,Nashik,Igatpuri (Ghat Zone),Monsoon,Maize
28.73,1012.63,538.72,121760.20,,366.22,4.82,2.97,41.19,27.70,6.65,231.75,29.68,292.34,Nashik,Niphad/Yeola,,Wheat
13.84,,811.87,83655.41,52.75,372.32,1.39,1.37,48.98,,6.24,,13.63,182.13,Nashik,Igatpuri (Ghat Zone),Winter,Vegetables
3.02,977.72,879.61,94503.68,35.05,468.53,,2.04,,18.34,6.60,244.80,13.25,98.80,Nashik,Igatpuri (Ghat Zone),Summer,Rice
38.21,,59.82,33300.23,87.93,414.54,1.09,1.69,102.96,33.50,5.46,,7.94,266.95,Raigad,Karjat,Monsoon,"Coconut, Vari"
27.91,942.80,508.01,17801.09,96.43,420.26,2.35,1.55,85.82,32.79,5.72,149.21,43.94,242.94,Nashik,Baglan/Kalwan,Monsoon,"Groundnut, Maize"
19.84,979.74,9.49,88601.16,57.30,383.18,4.52,4.15,,18.64,5.92,352.03,8.82,202.05,Raigad,Alibag/Mangaon,Winter,"Banana, Arecanut"
26.08,959.86,531.43,115106.90,25.23,403.96,,1.68,48.65,25.17,7.35,256.10,50.48,238.93,Nashik,Baglan/Kalwan,Summer,Soybean
40.60,1018.61,596.55,40118.28,70.49,418.76,2.55,2.51,103.96,40.44,6.94,188.89,27.85,257.57,Nashik,Niphad/Yeola,Monsoon,"Sugarcane, Grapes, Wheat"
32.57,907.74,59.40,25645.11,87.79,427.90,0.47,0.84,81.46,31.72,5.86,233.11,6.94,208.78,,Karjat,Monsoon,"Rice, Vari"
32.12,856.63,591.53,45450.62,81.70,390.33,3.25,0.86,76.83,,7.31,227.09,53.04,284.09,Nashik,Baglan/Kalwan,Monsoon,"Groundnut, Maize"
45.63,960.93,589.20,55361.58,71.02,454.20,5.09,0.41,85.28,43.93,7.17,246.30,24.39,329.95,Nashik,Niphad/Yeola,Monsoon,"Onion, Tomato, Wheat"
,888.29,656.66,,59.59,422.25,4.17,1.30,42.40,15.17,6.62,213.49,17.97,227.05,Nashik,Igatpuri (Ghat Zone),Winter,Vegetables
34.37,1009.04,57.31,29847.86,97.73,411.65,1.73,1.05,91.84,41.15,4.89,,8.34,241.18,,Karjat,Monsoon,"Cashew, Coconut, Rice"
26.93,1002.22,612.68,30115.15,67.81,409.60,3.26,1.30,95.77,22.23,7.29,197.69,28.94,274.64,Nashik,Niphad/Yeola,Monsoon,"Sugarcane, Wheat"
36.05,1019.25,766.93,53508.16,82.75,418.21,0.14,3.60,97.74,29.49,6.41,185.37,18.96,151.26,Nashik,Igatpuri (Ghat Zone),,"Groundnut, Finger Millet"
,960.15,833.19,94331.99,29.55,438.47,1.69,3.23,55.28,20.45,,208.19,12.43,187.06,Nashik,Igatpuri (Ghat Zone),Summer,"Vegetables, Rice, Finger Millet"
29.09,1036.87,608.83,98625.41,28.42,372.83,1.14,3.70,42.72,28.98,7.90,208.07,30.23,322.68,Nashik,Niphad/Yeola,Summer,"Sugarcane, Cotton, Tomato, Wheat"
38.77,1035.24,726.55,17373.18,92.22,384.34,0.88,2.40,93.64,33.28,5.44,310.13,14.05,169.48,Nashik,,Monsoon,Finger Millet
19.84,1174.05,12.85,75461.07,57.88,394.73,0.16,1.24,36.81,14.90,6.03,335.75,12.51,264.31,Raigad,Alibag/Mangaon,,Banana
15.75,905.45,65.97,74714.99,62.47,437.82,0.36,1.61,43.36,12.40,5.35,299.21,8.76,196.51,Raigad,Karjat,Winter,"Cashew, Mango"
19.48,1069.39,55.78,81392.57,58.68,405.63,5.46,3.70,54.75,18.76,5.71,276.71,9.72,211.23,Raigad,Karjat,Winter,"Cashew, Mango"
,813.55,610.41,82302.52,62.58,,2.93,0.10,61.63,23.07,7.22,301.62,22.14,273.94,Nashik,Niphad/Yeola,Winter,Grapes
29.72,975.56,613.18,107254.51,,458.23,0.35,3.64,,,7.09,263.35,69.42,238.94,Nashik,Baglan/Kalwan,Summer,Bajra
16.80,898.63,488.75,98527.33,60.83,,0.17,2.74,70.72,13.95,7.50,218.36,31.21,,Nashik,Baglan/Kalwan,Winter,"Onion, Groundnut, Mango"
38.12,870.59,621.80,34291.79,80.01,391.03,4.76,1.22,99.40,38.64,6.05,201.92,55.54,266.48,Nashik,Baglan/Kalwan,,"Onion, Soybean, Grapes"
34.31,999.35,55.46,107587.93,31.17,437.14,2.33,0.76,30.85,28.10,4.53,258.07,6.00,220.66,Raigad,Karjat,Summer,"Green Gram, Soybean"
14.14,919.89,677.70,70107.55,46.59,430.39,1.51,3.03,49.13,11.51,6.02,217.10,21.36,177.57,Nashik,Igatpuri (Ghat Zone),Winter,"Vegetables, Rice"
37.39,975.02,15.74,50232.20,94.02,,2.26,1.80,,29.24,6.43,272.44,9.15,301.17,Raigad,Alibag/Mangaon,Monsoon,"Cashew, Arecanut, Mango"
21.00,1033.32,954.74,81524.50,41.60,358.82,,1.64,46.65,16.38,6.01,232.57,13.68,167.15,Nashik,Igatpuri (Ghat Zone),Winter,Vegetables
28.51,913.05,14.35,94751.44,25.53,410.14,4.10,1.13,22.17,27.16,6.01,,8.09,231.12,Raigad,Alibag/Mangaon,Summer,"Banana, Arecanut"
,956.22,552.88,58469.83,,417.90,,0.32,55.39,18.99,6.65,188.03,16.27,274.51,Nashik,Niphad/Yeola,Winter,Wheat
40.32,955.66,539.14,16358.80,81.25,394.89,1.19,1.74,80.03,38.65,7.89,210.97,21.00,319.82,Nashik,Niphad/Yeola,Monsoon,"Pomegranate, Grapes, Wheat"
,876.25,669.21,80212.24,42.44,429.05,0.52,3.57,62.02,10.57,5.84,233.17,,142.78,Nashik,Igatpuri (Ghat Zone),,"Vegetables, Rice"
,843.83,581.80,67197.08,53.87,,0.59,3.96,59.88,12.04,7.83,256.15,23.80,273.47,,Niphad/Yeola,Winter,Pomegranate
14.25,935.81,614.43,83588.00,65.22,429.55,4.08,0.52,46.05,10.25,6.60,285.89,15.44,179.73,Nashik,Igatpuri (Ghat Zone),Winter,"Maize, Rice"
34.01,895.84,776.65,40858.20,98.18,415.94,0.69,0.54,81.58,37.14,5.76,213.63,11.61,176.42,Nashik,Igatpuri (Ghat Zone),Monsoon,"Banana, Rice, Finger Millet"
34.20,920.04,9.00,17151.87,83.25,422.42,1.28,2.15,85.78,31.05,5.57,291.74,7.61,259.93,Raigad,Alibag/Mangaon,Monsoon,Banana
38.67,879.41,726.22,50256.72,94.44,425.00,1.41,1.68,87.01,36.54,5.73,,,227.50,Nashik,Igatpuri (Ghat Zone),Monsoon,Maize
39.22,1018.70,509.87,472951.95,88.43,379.73,4.12,2.93,94.32,38.48,7.82,181.56,52.57,243.51,,Baglan/Kalwan,Monsoon,Grapes
30.04,951.89,14.25,28787.95,92.04,416.17,2.44,2.93,84.79,25.22,5.86,0.00,13.59,232.30,Raigad,Alibag/Mangaon,Monsoon,"Cotton, Coconut, Banana"
33.65,1145.88,7.42,93178.16,20.20,384.00,,1.72,19.63,36.24,4.92,322.88,16.94,,Raigad,,Summer,Banana
26.33,,12.09,98925.83,,423.02,2.12,2.14,25.15,18.79,5.17,,11.52,189.63,Raigad,Alibag/Mangaon,Summer,"Cashew, Banana, Rice"
26.61,983.10,13.23,26248.79,106.54,468.46,3.30,3.90,95.07,25.73,5.50,267.55,,194.30,Raigad,Alibag/Mangaon,Monsoon,Banana
23.05,1127.92,436.93,100347.05,18.85,461.53,0.29,2.97,48.95,20.14,5.98,252.52,49.42,273.77,Nashik,Baglan/Kalwan,Summer,"Onion, Maize"
32.31,917.03,477.65,43054.21,91.57,384.55,1.44,2.53,102.08,35.51,7.31,189.37,43.25,232.02,Nashik,Baglan/Kalwan,Monsoon,Groundnut
34.91,925.24,873.98,19931.03,76.18,402.78,4.32,0.14,91.35,30.14,6.25,248.54,19.71,,Nashik,Igatpuri (Ghat Zone),Monsoon,"Vegetables, Maize, Finger Millet"
36.23,899.57,805.38,25858.26,108.20,416.27,,3.56,84.95,29.92,8.41,292.66,15.19,165.33,Nashik,Igatpuri (Ghat Zone),Monsoon,Vegetables
41.16,1015.19,517.67,98848.48,39.42,,4.34,3.19,42.07,30.35,7.50,240.97,27.21,262.16,Nashik,Niphad/Yeola,,"Onion, Banana, Sugarcane"
28.46,,721.54,,85.34,404.59,1.88,,80.53,21.23,7.01,195.76,8.38,192.61,Nashik,Igatpuri (Ghat Zone),Monsoon,"Maize, Vegetables, Finger Millet"
24.70,871.27,527.42,67501.78,39.13,408.24,4.13,0.92,56.73,19.96,6.98,-89.64,47.37,,Nashik,Baglan/Kalwan,Winter,Mango
26.56,898.13,65.14,80262.41,56.94,464.22,2.10,1.92,38.67,21.43,5.05,197.74,10.73,199.08,Raigad,Karjat,Winter,Mango
19.40,802.09,512.24,70253.42,52.10,386.95,0.60,1.36,,15.42,6.86,188.88,25.92,325.95,Nashik,Niphad/Yeola,,Tomato
14.86,997.88,548.00,87454.49,56.04,,1.61,0.59,63.33,12.26,7.00,278.14,53.05,233.98,Nashik,Baglan/Kalwan,Winter,"Onion, Maize"
35.72,1022.06,792.00,105068.12,41.46,434.26,2.00,1.35,51.15,32.65,6.89,,13.54,202.99,Nashik,Igatpuri (Ghat Zone),Summer,Vegetables
14.95,982.55,571.90,75837.52,54.36,386.97,3.61,1.87,66.98,12.65,6.62,216.49,12.59,177.18,Nashik,Igatpuri (Ghat Zone),Winter,"Vegetables, Rice, Finger Millet"
16.68,968.48,51.04,72367.28,52.28,454.71,4.07,1.39,51.32,13.54,5.63,288.28,7.32,250.22,Raigad,Karjat,Winter,"Cashew, Coconut, Tomato"
24.98,1004.00,616.41,68838.98,65.15,437.57,0.79,3.93,38.73,20.30,,231.68,24.59,291.45,Nashik,Niphad/Yeola,Winter,"Sugarcane, Grapes, Tomato"
29.93,950.79,931.58,15645.32,94.30,415.47,3.32,2.05,90.83,28.13,6.49,305.40,18.05,181.37,Nashik,Igatpuri (Ghat Zone),Monsoon,Maize
43.97,932.59,514.44,54959.99,77.66,415.46,,1.30,89.34,41.10,7.28,193.75,44.38,271.64,Nashik,Baglan/Kalwan,Monsoon,"Groundnut, Bajra"
26.29,977.83,545.55,106337.35,38.99,427.52,2.70,3.40,48.18,25.10,6.94,191.23,17.11,283.20,Nashik,Niphad/Yeola,Summer,"Grapes, Tomato"
34.19,951.28,597.26,103065.47,27.59,381.29,,1.07,54.70,31.09,6.48,206.18,18.68,137.72,Nashik,Igatpuri (Ghat Zone),Summer,"Maize, Rice, Finger Millet"
22.51,,716.79,103208.07,31.69,450.45,2.55,0.24,54.45,21.69,7.55,191.05,10.34,96.16,Nashik,Igatpuri (Ghat Zone),Summer,Rice
16.32,988.50,598.45,67840.97,56.69,429.08,1.25,3.85,53.29,12.08,7.61,296.75,33.32,262.07,Nashik,Niphad/Yeola,Winter,"Sugarcane, Pomegranate, Grapes"
24.59,1052.90,61.41,110199.15,47.09,425.12,3.65,3.34,28.15,19.00,5.67,277.09,11.22,253.97,Raigad,Karjat,Summer,"Cashew, Rice"
41.11,,475.92,92729.14,37.76,426.09,3.90,1.98,56.85,,8.16,252.80,26.83,264.15,,Niphad/Yeola,Summer,Onion
36.60,1011.86,889.91,92626.97,39.43,426.84,2.12,2.34,44.60,32.60,6.55,172.07,12.85,184.69,Nashik,Igatpuri (Ghat Zone),Summer,Maize
11.01,917.96,601.70,86191.99,,495.12,0.56,3.16,70.06,10.01,6.83,217.85,24.29,277.25,Nashik,Niphad/Yeola,Winter,Wheat
20.62,1080.96,,82891.30,58.20,436.17,4.31,1.07,50.45,18.98,4.51,275.51,8.36,200.47,Raigad,Karjat,Winter,"Ragi, Cashew"
17.75,1069.01,10.92,83769.41,54.36,382.01,2.97,2.19,38.02,,6.61,307.55,7.88,261.29,Raigad,Alibag/Mangaon,Winter,"Coconut, Arecanut, Mango"
11.47,948.95,,80860.65,56.84,392.48,4.76,3.56,55.93,9.27,7.64,194.85,31.30,260.00,Nashik,Niphad/Yeola,Winter,"Onion, Sugarcane, Wheat"
13.06,871.33,799.91,51623.10,58.25,418.24,3.92,1.76,51.23,12.23,7.39,296.14,21.47,,Nashik,Igatpuri (Ghat Zone),Winter,"Maize, Wheat"
,,,,,,,,,,,,,,,,,Coconut
38.29,909.46,591.88,,84.40,459.12,2.92,4.30,,36.92,7.73,213.75,49.09,,Nashik,Baglan/Kalwan,Monsoon,Groundnut
34.71,985.32,469.08,97008.99,25.32,469.08,1.57,0.12,63.55,35.63,7.42,246.05,58.35,,Nashik,Baglan/Kalwan,Summer,Soybean
,908.76,533.57,,67.12,,2.41,,51.84,15.07,,238.93,,,,,Winter,"Groundnut, Maize"
37.64,931.72,811.69,26266.46,,441.41,1.43,1.72,96.32,34.68,,226.45,,169.59,Nashik,Igatpuri (Ghat Zone),Monsoon,"Maize, Rice, Tomato"
16.76,1004.69,45.97,59561.43,38.54,372.97,2.40,2.96,47.09,14.44,6.25,228.91,9.21,191.08,Raigad,Karjat,Winter,Ragi
42.21,,535.17,20193.75,74.29,367.09,1.12,1.98,89.14,35.78,7.31,205.31,46.27,229.34,Nashik,Baglan/Kalwan,Monsoon,Grapes
32.10,981.62,573.57,17591.38,82.00,411.97,,1.08,94.99,28.55,8.58,267.18,,254.17,Nashik,Niphad/Yeola,Monsoon,"Tomato, Wheat"
-11.77,1009.51,13.01,,95.40,428.72,1.71,0.68,89.38,31.99,5.50,316.86,13.09,229.54,Raigad,Alibag/Mangaon,Monsoon,"Banana, Mango"
25.51,874.12,562.22,116486.29,39.43,399.06,,2.42,40.76,20.27,7.69,218.89,24.66,221.81,Nashik,Niphad/Yeola,Summer,Tomato
13.35,1001.37,546.05,67834.38,57.86,424.22,0.94,0.26,54.48,9.36,6.76,160.30,31.71,274.83,Nashik,Baglan/Kalwan,Winter,Bajra
39.22,983.94,591.71,40301.81,76.80,412.16,5.09,,94.09,41.28,7.22,275.62,54.79,224.26,Nashik,Baglan/Kalwan,Monsoon,"Banana, Soybean, Bajra"
27.60,983.56,48.89,17259.85,89.97,425.79,0.80,1.00,,24.06,5.56,254.20,6.37,212.77,Raigad,Karjat,Monsoon,"Coconut, Vari"
15.06,840.74,487.28,96887.53,48.72,439.76,4.39,0.99,47.87,17.15,7.84,185.04,27.23,289.04,Nashik,Baglan/Kalwan,Winter,"Soybean, Bajra"
41.70,1002.61,602.87,91770.74,35.79,417.13,0.50,2.80,49.35,35.22,6.76,248.39,15.24,246.43,Nashik,Niphad/Yeola,Summer,"Cotton, Pomegranate, Grapes, Wheat"
13.68,985.40,,77415.59,,395.68,2.38,2.23,52.27,10.76,6.78,202.47,30.41,203.53,Nashik,Baglan/Kalwan,Winter,Soybean
19.35,1047.64,13.63,66313.72,58.89,410.60,4.29,2.86,45.51,14.70,5.20,236.63,13.20,169.55,Raigad,Alibag/Mangaon,Winter,Cashew
29.79,1035.65,15.41,18097.01,97.96,453.18,1.49,3.64,85.13,25.04,6.36,326.64,13.56,230.19,Raigad,Alibag/Mangaon,Monsoon,"Sugarcane, Coconut, Arecanut"
12.50,940.91,877.53,83557.88,,378.10,4.09,1.50,49.29,9.14,6.32,198.78,465.99,188.28,Nashik,Igatpuri (Ghat Zone),Winter,Rice
34.42,963.93,53.23,47188.55,91.14,452.13,,3.16,92.33,38.05,,286.40,9.04,241.60,Raigad,Karjat,Monsoon,Rice
20.19,811.09,896.32,82757.50,68.35,426.07,0.73,3.63,62.09,13.78,6.40,,18.33,197.02,Nashik,Igatpuri (Ghat Zone),Winter,"Vegetables, Rice, Finger Millet"
38.81,918.59,629.48,100244.31,26.49,421.33,1.50,2.10,62.42,34.42,8.06,196.17,,240.39,Nashik,Niphad/Yeola,Summer,Onion
16.65,939.50,67.84,95835.37,50.34,361.60,1.31,1.08,40.04,13.17,5.93,224.65,8.10,238.41,Raigad,Karjat,Winter,Cashew
18.90,984.59,51.81,71465.81,57.56,419.13,2.81,1.80,34.27,15.11,5.77,281.09,12.22,188.81,,Karjat,,Cashew
20.21,1177.58,6.06,73431.55,42.85,435.74,4.26,3.95,45.54,,5.88,268.42,8.12,228.75,Raigad,Alibag/Mangaon,Winter,"Banana, Rice"
21.26,1023.65,65.93,75081.98,50.48,378.29,2.73,3.68,35.13,17.82,5.25,330.73,5.93,216.12,Raigad,Karjat,Winter,"Cashew, Green Gram, Ragi"
15.43,1042.17,577.88,67762.26,58.93,372.97,0.60,0.99,56.45,11.60,6.46,234.32,54.97,256.64,Nashik,Baglan/Kalwan,Winter,"Groundnut, Soybean, Mango"
18.79,,7.42,78390.33,,410.32,1.12,,31.42,18.58,5.17,268.78,11.06,,Raigad,Alibag/Mangaon,Winter,"Banana, Coconut"
,1018.65,608.96,24416.49,84.13,369.01,,,,,,162.37,,,Nashik,,,Sugarcane
17.59,957.52,52.38,84696.86,41.03,363.91,0.57,2.71,37.68,14.11,5.56,240.98,10.34,231.68,Raigad,Karjat,Winter,Mango
36.63,950.45,630.47,36519.78,81.47,402.37,3.72,0.38,84.19,36.64,7.85,0.00,29.70,,Nashik,Niphad/Yeola,Monsoon,Wheat
19.98,1098.14,13.55,57909.95,53.30,394.03,4.40,3.50,51.52,19.47,5.37,287.05,12.54,249.51,Raigad,Alibag/Mangaon,Winter,Arecanut
33.35,,63.86,29522.50,91.29,430.82,4.18,1.33,92.71,31.49,6.74,297.34,10.65,278.21,Raigad,Karjat,Monsoon,Mango
13.62,967.77,561.94,60122.46,50.70,407.50,4.83,0.30,67.02,9.98,7.48,243.76,22.74,308.23,Nashik,,Winter,Pomegranate
26.85,962.67,604.09,103274.40,37.77,394.57,,2.05,64.88,26.63,6.19,226.98,11.69,225.85,Nashik,Niphad/Yeola,Summer,"Sugarcane, Grapes"
31.69,897.45,,111511.25,39.77,393.63,1.39,4.12,53.28,28.09,6.98,246.77,38.06,256.61,Nashik,Baglan/Kalwan,,"Grapes, Mango"
19.27,1074.73,,88053.38,43.40,390.51,1.01,3.84,36.05,17.43,5.35,234.52,9.72,215.34,Raigad,Alibag/Mangaon,Winter,Mango
22.51,983.76,51.35,104391.38,22.78,402.00,1.73,2.29,14.50,22.64,6.10,291.98,7.88,210.05,Raigad,Karjat,Summer,"Cashew, Cotton"
20.67,994.79,11.94,79374.63,51.12,408.20,0.34,1.08,52.37,17.44,5.85,284.43,12.48,213.25,Raigad,Alibag/Mangaon,,"Banana, Rice"
34.92,1117.08,591.95,101942.46,24.68,416.67,,2.87,64.59,34.88,7.13,215.43,35.14,242.59,Nashik,Baglan/Kalwan,Summer,"Onion, Groundnut"
19.66,986.46,62.80,82815.84,,387.26,3.72,3.67,48.67,16.31,5.18,238.53,7.99,223.05,Raigad,Karjat,,"Cashew, Coconut"
36.92,954.04,468.69,43824.95,80.65,404.48,2.00,1.37,75.92,33.01,7.08,232.79,,292.81,Nashik,Niphad/Yeola,Monsoon,"Sugarcane, Banana, Grapes, Onion"
18.58,916.26,57.09,71706.42,47.29,469.51,2.14,1.24,40.40,15.41,5.38,-31.28,5.85,208.17,Raigad,Karjat,Winter,Mango
37.32,957.47,534.86,46963.38,80.32,373.53,3.19,2.50,100.08,37.60,,278.02,33.13,263.13,Nashik,Niphad/Yeola,Monsoon,"Grapes, Tomato"
11.39,,683.23,68925.53,,,3.77,3.20,61.55,11.06,7.62,187.69,19.05,151.82,Nashik,Igatpuri (Ghat Zone),Winter,Vegetables
40.08,939.29,520.79,26513.72,70.14,432.77,3.86,1.22,76.87,38.35,7.44,247.21,52.99,224.88,Nashik,,Monsoon,"Groundnut, Soybean"
25.46,1004.15,69.80,87777.96,45.49,420.21,2.49,3.33,34.18,20.92,5.75,273.50,6.17,226.97,Raigad,Karjat,Winter,Ragi
35.50,1001.13,58.45,20340.25,,458.27,4.86,1.86,88.02,36.99,,298.76,5.78,225.27,Raigad,Karjat,Monsoon,"Coconut, Mango"
,974.96,68.97,,40.99,447.77,4.25,1.46,36.32,21.11,5.45,,6.18,195.25,Raigad,Karjat,Winter,Cashew
44.79,896.63,630.14,33941.64,75.29,428.05,3.10,1.02,102.19,43.34,7.28,232.02,22.16,270.44,Nashik,Niphad/Yeola,Monsoon,"Sugarcane, Pomegranate, Wheat"
17.18,,51.46,71653.81,51.37,439.26,3.95,3.44,48.73,16.17,5.11,254.95,7.56,214.13,Raigad,Karjat,Winter,Coconut
32.24,922.39,71.92,,71.50,421.58,2.20,1.55,86.79,32.00,5.79,234.41,8.79,180.40,Raigad,Karjat,Monsoon,"Cashew, Vari"
,943.01,62.99,52232.64,87.57,469.97,3.90,2.10,79.59,31.83,5.14,293.16,6.43,183.88,Raigad,Karjat,Monsoon,"Green Gram, Tomato"
30.27,1103.19,9.11,108445.49,,420.83,0.58,0.18,22.69,22.49,5.44,319.19,8.21,244.75,Raigad,Alibag/Mangaon,Summer,Cashew
33.63,1041.99,49.00,37381.23,88.74,417.48,0.77,0.38,72.62,33.66,5.56,260.19,11.28,257.55,Raigad,,Monsoon,Coconut
31.77,904.86,8.33,46865.51,,448.15,0.20,0.68,76.34,35.99,5.60,278.17,9.36,243.21,Raigad,Alibag/Mangaon,Monsoon,"Sugarcane, Banana, Rice, Mango"
15.93,957.15,559.01,64493.33,65.17,414.24,1.73,0.99,40.35,15.70,6.89,232.03,51.29,257.49,Nashik,Baglan/Kalwan,Winter,Soybean
,968.29,583.39,109237.99,27.70,417.47,2.60,1.43,49.88,23.84,,171.64,45.80,266.66,Nashik,Baglan/Kalwan,Summer,Maize
28.37,972.75,49.20,105667.44,26.21,397.58,2.84,0.16,26.56,27.33,6.06,249.58,11.39,235.95,Raigad,Karjat,Summer,"Coconut, Rice"
34.13,1076.01,846.11,106263.80,31.35,397.17,1.40,0.47,56.11,30.62,6.24,,9.50,170.44,Nashik,Igatpuri (Ghat Zone),Summer,"Vegetables, Finger Millet"
24.90,984.30,57.94,64236.24,71.60,413.30,3.43,1.37,50.70,24.03,5.96,250.81,10.49,236.72,Raigad,Karjat,Winter,"Vegetables, Coconut, Vari"
30.21,960.71,653.60,17332.78,100.52,434.73,2.79,,,30.43,6.39,236.85,16.36,246.68,Nashik,Igatpuri (Ghat Zone),Monsoon,"Vegetables, Rice, Finger Millet"
39.13,1172.52,52.11,59104.56,86.66,368.54,0.47,2.34,86.37,36.77,6.63,245.37,5.26,213.60,Raigad,Karjat,Monsoon,Green Gram
37.64,1002.44,51.84,44913.70,99.72,357.15,2.76,1.34,105.16,35.94,5.85,248.28,6.77,196.68,Raigad,Karjat,Monsoon,Rice
20.18,975.59,5.41,56837.60,54.59,418.50,1.29,0.32,34.33,15.95,,287.57,10.01,240.05,Raigad,Alibag/Mangaon,Winter,"Cashew, Banana, Mango"
24.08,995.61,,104739.43,26.85,423.40,1.16,0.39,45.15,23.84,6.08,,20.85,218.46,,Igatpuri (Ghat Zone),,Finger Millet
,1057.95,69.09,75101.79,66.39,421.22,3.69,1.55,39.29,14.19,6.51,292.38,7.54,241.47,Raigad,Karjat,Winter,"Ragi, Coconut"
14.89,1030.95,440.60,93464.84,48.94,441.49,3.94,2.23,57.14,11.37,7.84,,47.75,245.36,Nashik,Baglan/Kalwan,Winter,Onion
16.85,958.00,598.68,89656.24,51.49,437.69,4.34,2.06,52.85,,6.21,217.20,49.11,220.35,Nashik,Baglan/Kalwan,Winter,Onion
18.32,1037.56,12.00,80558.45,62.17,430.29,3.31,1.91,46.09,15.40,5.99,296.46,13.12,,Raigad,Alibag/Mangaon,Winter,"Banana, Rice, Coconut"
,904.43,11.63,77513.08,50.36,446.47,2.59,3.06,48.22,16.09,,282.33,11.80,197.58,Raigad,Alibag/Mangaon,Winter,"Rice, Tomato"
34.31,1077.17,53.52,19933.85,100.32,446.44,5.12,3.13,94.50,29.66,5.46,292.36,10.33,176.17,Raigad,Karjat,Monsoon,Cashew
23.51,1113.14,14.96,67213.80,,384.83,3.87,0.61,40.76,18.40,5.36,,14.12,223.03,Raigad,Alibag/Mangaon,Winter,"Banana, Rice"
,957.75,53.19,,98.72,432.65,0.77,2.24,74.67,26.26,5.59,224.97,7.34,219.40,Raigad,Karjat,Monsoon,"Cashew, Green Gram"
19.80,984.37,11.26,70976.12,48.90,405.30,3.76,1.12,43.12,18.52,6.54,273.82,8.20,225.80,Raigad,Alibag/Mangaon,Winter,"Coconut, Cotton"
13.17,928.99,518.46,92935.11,55.79,405.19,4.07,3.62,44.81,8.68,7.19,195.68,28.36,288.79,Nashik,Niphad/Yeola,Winter,Sugarcane
21.03,920.41,582.12,94344.42,31.90,399.37,2.73,3.55,64.12,18.77,6.91,198.43,22.35,226.61,Nashik,Niphad/Yeola,Summer,"Tomato, Wheat"
21.18,1030.43,,118821.54,28.58,425.79,,1.34,45.50,16.35,,223.98,17.11,133.89,Nashik,Igatpuri (Ghat Zone),Summer,"Maize, Rice, Vegetables"
26.23,945.29,837.12,94265.91,26.65,431.58,2.48,3.14,42.73,,6.93,187.50,6.08,212.32,Nashik,Igatpuri (Ghat Zone),Summer,Maize
22.34,1076.54,58.90,118247.41,,399.59,1.59,1.82,12.84,20.93,5.71,,8.79,269.57,Raigad,Karjat,,"Ragi, Vari, Mango"
19.18,1140.13,12.43,75816.70,36.91,432.22,3.67,3.24,,14.05,5.63,319.09,,210.66,Raigad,Alibag/Mangaon,Winter,"Soybean, Arecanut"
36.04,975.47,609.19,85416.11,42.27,783.20,2.26,1.14,45.79,32.06,,159.22,40.45,328.77,Nashik,Baglan/Kalwan,Summer,Mango
23.74,1067.92,13.07,91165.94,40.99,429.35,2.52,3.79,45.02,20.41,4.98,232.39,,279.71,Raigad,Alibag/Mangaon,Winter,"Cashew, Banana"
25.64,922.40,665.56,115832.33,42.91,414.70,0.72,2.39,51.66,21.73,7.25,194.53,,260.38,Nashik,Baglan/Kalwan,Summer,"Onion, Vegetables"
17.43,1063.48,57.42,68429.20,41.54,387.95,2.23,0.34,43.95,15.77,5.43,272.63,6.56,210.13,Raigad,Karjat,Winter,"Ragi, Rice"
17.62,951.63,61.94,70398.54,50.33,375.69,2.02,0.92,53.19,13.96,5.13,278.88,7.01,193.31,Raigad,,Winter,"Cashew, Coconut"
40.08,959.52,545.40,19901.72,87.54,409.13,,1.72,89.05,39.73,,255.77,,250.03,Nashik,Niphad/Yeola,Monsoon,"Sugarcane, Wheat"
29.14,931.91,9.63,92253.45,44.81,425.31,,0.41,23.09,22.86,5.36,289.37,10.15,240.67,Raigad,Alibag/Mangaon,Summer,"Coconut, Arecanut"
33.49,908.35,858.09,36576.41,95.02,440.20,1.14,,86.80,29.78,6.10,259.97,20.87,210.95,Nashik,Igatpuri (Ghat Zone),Monsoon,Vegetables
28.75,1156.70,6.11,110666.54,37.44,391.40,2.97,3.68,24.43,24.41,6.63,269.71,14.04,240.53,Raigad,Alibag/Mangaon,Summer,"Cashew, Rice"
25.44,979.73,859.77,89383.90,21.07,423.74,4.86,2.55,45.64,24.54,6.78,,,,Nashik,Igatpuri (Ghat Zone),Summer,"Vegetables, Rice, Maize, Tomato"
43.90,939.47,,,75.29,353.12,3.49,1.19,96.24,35.89,6.47,210.00,25.12,295.45,Nashik,Niphad/Yeola,Monsoon,"Grapes, Tomato"
31.64,978.67,6.31,125111.60,42.80,425.62,1.18,0.70,10.19,23.38,5.69,219.03,4.59,191.45,Raigad,,Summer,"Cashew, Banana, Rice"
34.43,1008.35,645.41,27955.31,79.54,436.99,3.71,,95.21,36.72,5.94,284.77,17.06,168.90,Nashik,Igatpuri (Ghat Zone),Monsoon,Finger Millet
15.64,1015.76,587.26,72408.61,52.77,398.69,3.60,1.71,53.23,12.58,7.27,184.28,47.89,200.15,Nashik,Baglan/Kalwan,Winter,"Maize, Soybean"
12.52,884.32,525.23,66948.44,41.97,404.22,2.05,3.55,50.07,11.44,7.10,231.96,19.77,231.12,Nashik,Niphad/Yeola,Winter,Onion
26.00,1029.31,63.68,116101.64,22.49,368.58,2.82,1.39,,22.03,6.28,317.82,6.79,214.36,Raigad,Karjat,Summer,Coconut
33.12,942.44,444.28,35708.75,90.43,402.36,1.83,1.29,96.01,25.03,7.17,205.26,31.69,311.57,Nashik,Baglan/Kalwan,Monsoon,Maize
18.17,1027.98,,58705.07,42.84,443.49,0.72,0.73,49.89,15.97,5.23,247.03,11.37,263.14,Raigad,Alibag/Mangaon,Winter,"Banana, Rice"
37.36,1003.45,526.16,99249.84,28.76,387.12,3.36,3.76,54.97,42.50,7.72,253.27,25.52,277.50,Nashik,Niphad/Yeola,Summer,"Onion, Sugarcane"
42.20,920.31,587.48,47601.28,84.16,449.41,2.39,2.43,97.95,42.09,8.34,216.67,18.46,263.60,Nashik,Niphad/Yeola,Monsoon,"Sugarcane, Tomato"
,1003.28,58.56,64088.47,58.18,393.55,1.13,3.18,52.01,19.46,5.63,319.81,9.45,258.12,Raigad,Karjat,Winter,Coconut
27.12,927.20,61.12,69333.17,44.62,401.89,2.12,3.76,38.06,24.98,5.73,252.31,8.62,205.04,,Karjat,Winter,Ragi
17.36,1039.99,14.74,74299.48,57.22,421.83,3.50,0.82,52.48,16.50,5.11,,11.88,220.51,Raigad,Alibag/Mangaon,Winter,Mango
,,,,,,,,,,,,,,,,,"Vegetables, Rice"
20.25,880.23,510.11,75585.02,53.69,438.16,5.24,0.52,71.97,15.41,6.78,213.82,43.92,241.18,Nashik,Baglan/Kalwan,Winter,"Bajra, Mango"
28.93,942.82,569.38,93031.09,24.26,434.02,,3.08,48.10,30.10,7.21,231.80,41.29,264.85,Nashik,,Summer,"Sugarcane, Soybean"
22.21,1105.11,8.78,75079.21,64.27,,4.39,2.54,31.87,19.72,6.15,227.01,15.35,197.51,Raigad,Alibag/Mangaon,Winter,"Coconut, Arecanut"
32.77,916.17,56.64,120484.65,19.70,392.84,0.53,1.79,20.85,25.89,6.80,266.64,5.69,,Raigad,Karjat,Summer,"Ragi, Coconut, Mango"
31.65,935.48,529.37,107758.78,21.73,349.45,0.70,2.79,54.85,29.07,7.41,199.65,45.25,205.19,Nashik,Baglan/Kalwan,Summer,Onion
19.71,984.48,571.85,79419.97,45.59,423.57,2.68,0.93,67.72,18.80,7.52,,32.22,291.07,Nashik,Baglan/Kalwan,Winter,Grapes
35.63,1073.12,63.70,31261.03,,369.67,3.51,3.02,89.65,29.92,5.37,284.10,11.18,261.79,Raigad,Karjat,Monsoon,"Ragi, Green Gram"
34.32,900.68,790.08,26168.82,95.18,411.94,2.73,2.43,85.17,26.15,6.14,256.29,15.95,155.37,Nashik,Igatpuri (Ghat Zone),Monsoon,Finger Millet
43.61,,,42798.90,66.70,,,,,37.74,7.29,,55.41,,Nashik,,Monsoon,Maize
29.27,,,107687.32,,388.55,,0.22,,29.20,,,37.80,233.64,,,Summer,"Sugarcane, Soybean"
32.72,867.56,532.50,98902.17,37.64,431.15,3.24,3.45,60.92,30.86,6.78,200.40,25.42,271.73,Nashik,Niphad/Yeola,Summer,Pomegranate
18.39,953.93,,62216.16,39.56,386.16,4.16,3.86,28.03,13.81,6.53,280.22,12.70,243.63,,Alibag/Mangaon,Winter,"Cashew, Banana"
36.47,1069.62,55.12,105733.72,33.79,,0.89,2.79,12.88,32.88,4.82,,6.82,226.41,Raigad,Karjat,Summer,"Ragi, Vegetables, Rice"
38.60,1043.86,459.69,43953.80,89.65,,4.37,2.38,89.86,35.52,7.58,191.84,42.89,256.68,Nashik,Baglan/Kalwan,Monsoon,Maize
34.63,967.68,571.15,115800.83,22.22,457.66,1.91,2.76,,30.85,6.55,242.98,22.63,221.21,Nashik,Niphad/Yeola,Summer,"Pomegranate, Tomato"
20.99,878.61,8.80,84294.72,52.59,393.19,4.55,1.45,42.00,15.90,5.88,307.19,10.90,200.94,Raigad,Alibag/Mangaon,Winter,Cashew
21.71,972.24,,73458.41,47.60,417.97,1.86,1.84,32.98,23.02,5.65,316.96,7.26,251.55,Raigad,Alibag/Mangaon,Winter,Cashew
21.11,916.78,11.24,76380.42,69.17,441.77,1.56,3.23,47.89,18.64,5.15,333.67,135.18,184.92,Raigad,Alibag/Mangaon,Winter,"Vegetables, Mango"
30.93,1078.31,738.02,27948.60,101.70,452.24,2.89,2.86,97.30,27.53,7.46,202.85,,195.70,Nashik,Igatpuri (Ghat Zone),Monsoon,"Vegetables, Finger Millet"
36.00,950.62,63.44,33842.97,87.74,424.08,2.65,3.90,83.73,32.16,4.91,278.10,8.56,217.13,Raigad,Karjat,Monsoon,Coconut
,1041.25,12.39,105031.83,40.26,385.68,0.81,3.96,,30.46,5.20,276.69,4.15,144.38,Raigad,Alibag/Mangaon,Summer,Arecanut
22.32,,481.76,68597.56,57.20,394.97,0.65,2.03,58.90,18.13,7.49,208.08,59.78,247.97,Nashik,Baglan/Kalwan,Winter,"Groundnut, Maize, Mango"
13.34,868.08,949.94,58736.12,60.50,445.11,1.89,1.90,,11.42,5.24,263.94,19.17,191.67,Nashik,Igatpuri (Ghat Zone),Winter,Vegetables
17.97,1088.73,55.26,70506.54,65.67,415.64,3.75,2.97,46.74,12.98,4.75,251.99,6.97,269.49,Raigad,Karjat,,"Banana, Mango"
27.06,1018.42,389.49,22277.41,76.62,448.60,0.25,2.68,,25.59,6.84,,49.31,193.13,Nashik,Baglan/Kalwan,Monsoon,Grapes
14.18,947.89,494.46,77093.78,51.73,423.95,3.53,0.28,41.28,9.59,7.21,207.58,43.51,306.71,,Baglan/Kalwan,Winter,Groundnut
31.92,936.59,57.87,25194.57,87.62,443.30,,4.41,83.15,32.34,5.97,286.28,8.28,263.50,Raigad,Karjat,Monsoon,Mango
20.28,854.34,11.50,69449.44,49.71,422.04,1.62,0.68,34.09,17.22,,361.80,10.01,258.25,Raigad,Alibag/Mangaon,Winter,"Cashew, Rice"
33.88,955.94,518.44,84198.00,35.34,392.35,2.84,0.93,61.36,35.57,7.65,241.57,47.22,232.10,Nashik,Baglan/Kalwan,Summer,Maize
39.27,1101.49,661.53,19761.29,65.79,368.66,3.29,3.19,84.78,39.79,6.77,254.95,34.85,276.77,Nashik,Niphad/Yeola,Monsoon,Onion
17.32,1093.85,53.48,72072.96,49.98,379.33,2.28,2.05,43.54,14.75,5.48,,11.42,181.82,,Karjat,Winter,"Coconut, Mango"
23.91,959.89,557.24,85982.71,35.43,455.45,3.56,2.12,40.13,19.78,8.06,212.02,17.17,256.04,Nashik,Niphad/Yeola,Summer,"Sugarcane, Wheat"
18.88,853.42,927.72,59021.96,41.18,412.54,,0.94,,16.80,7.13,210.71,12.09,,Nashik,Igatpuri (Ghat Zone),Winter,"Rice, Finger Millet"
24.79,1055.12,577.12,98248.22,28.21,316.51,0.53,0.31,52.95,21.67,8.32,216.07,40.21,264.19,,,Summer,Groundnut
28.79,877.98,638.04,104671.68,23.18,437.50,0.74,1.47,46.09,25.93,7.09,198.00,36.70,274.94,Nashik,Baglan/Kalwan,Summer,"Groundnut, Bajra"
12.29,873.56,476.32,82894.27,,1286.12,1.67,1.88,43.59,9.39,8.29,256.22,50.93,,Nashik,Baglan/Kalwan,Winter,Soybean
39.13,990.97,53.27,36305.29,95.32,433.97,3.37,1.69,86.69,32.96,5.63,297.61,4.96,264.75,Raigad,Karjat,Monsoon,"Coconut, Vari"
12.75,968.05,710.65,78525.26,63.73,397.05,3.51,2.55,45.75,9.19,,267.96,14.88,166.90,Nashik,Igatpuri (Ghat Zone),Winter,Maize
,,507.65,112665.86,,,,,59.08,32.80,,,39.00,,Nashik,Baglan/Kalwan,,Soybean
24.03,995.43,624.41,64889.77,64.95,451.58,0.31,0.50,44.50,19.64,6.44,280.21,20.12,250.25,Nashik,Igatpuri (Ghat Zone),,Finger Millet
17.93,1047.89,59.82,72644.21,48.33,433.71,4.10,2.27,46.30,16.69,6.70,261.98,9.02,201.42,Raigad,Karjat,Winter,"Coconut, Vari"
,1001.54,,26775.11,91.77,448.14,1.49,1.30,,26.65,5.52,,11.96,245.30,Raigad,Karjat,Monsoon,"Coconut, Vari"
22.97,966.61,55.74,78033.62,56.87,431.12,3.34,3.66,34.59,17.61,5.94,265.47,8.17,215.91,Raigad,Karjat,Winter,"Sugarcane, Mango"
15.70,1003.46,532.72,86483.58,61.32,445.06,0.56,4.53,52.89,12.77,7.00,233.45,52.76,207.96,Nashik,Baglan/Kalwan,Winter,"Onion, Sugarcane"
25.85,901.43,595.36,108822.92,25.58,406.82,0.90,2.73,53.61,23.67,8.19,214.48,28.01,229.03,Nashik,,Summer,"Tomato, Wheat"
25.44,882.28,51.33,69931.23,57.48,404.77,3.14,2.08,42.72,20.14,5.58,267.49,8.48,251.67,Raigad,Karjat,Winter,"Ragi, Coconut"
36.18,1040.83,6.82,25327.51,91.58,418.47,0.99,3.85,85.81,31.55,,283.42,8.07,254.85,Raigad,Alibag/Mangaon,Monsoon,Coconut
17.18,1051.64,765.21,78085.78,46.55,458.13,2.22,,44.12,15.66,6.17,246.16,17.00,123.98,Nashik,Igatpuri (Ghat Zone),Winter,Vegetables
10.71,,769.75,70894.85,49.02,436.86,2.78,0.62,52.56,7.77,6.61,264.86,,,Nashik,Igatpuri (Ghat Zone),Winter,Finger Millet
34.27,993.39,13.20,27775.14,94.88,435.27,4.60,1.12,94.70,32.30,6.10,262.68,5.57,209.97,Raigad,Alibag/Mangaon,Monsoon,Arecanut
32.23,955.53,,25585.66,74.03,444.76,0.66,2.91,99.32,27.37,7.07,196.67,19.69,239.05,Nashik,Niphad/Yeola,Monsoon,Wheat
41.41,816.61,585.75,87549.79,23.34,428.79,1.58,3.70,68.58,36.65,6.40,284.47,50.26,246.56,Nashik,,Summer,"Onion, Groundnut"
43.60,782.23,564.58,38239.35,73.95,385.39,0.81,2.38,92.26,41.80,8.14,243.33,33.24,240.41,Nashik,Niphad/Yeola,Monsoon,"Sugarcane, Wheat"
25.33,774.99,,,96.09,419.24,3.96,1.25,78.70,21.35,6.17,0.00,24.12,138.67,Nashik,Igatpuri (Ghat Zone),Monsoon,"Rice, Finger Millet"
,,,,,,,,,,,,,,,,,"Vegetables, Rice"
17.66,956.04,,84031.77,46.49,407.91,0.49,2.01,46.23,13.80,7.52,246.28,43.17,,Nashik,Baglan/Kalwan,Winter,Onion
30.37,1093.98,568.89,119503.89,30.35,441.61,0.62,1.43,52.63,,7.48,247.91,48.61,221.91,Nashik,Baglan/Kalwan,Summer,Bajra
22.22,1009.34,54.54,82506.45,44.27,530.66,2.98,1.55,43.40,16.88,5.57,244.11,8.58,231.22,,Karjat,,"Ragi, Vari"
32.13,1124.15,11.87,45656.38,98.11,439.45,5.60,2.64,100.16,27.89,5.58,321.24,12.46,195.00,Raigad,Alibag/Mangaon,Monsoon,"Groundnut, Coconut"
,1027.17,757.28,72158.49,41.57,424.01,1.68,0.18,56.79,,7.52,,14.87,181.91,Nashik,Igatpuri (Ghat Zone),Winter,"Rice, Finger Millet"
13.40,927.12,508.90,92604.13,33.57,422.08,5.10,3.24,47.50,12.65,6.73,236.52,50.35,230.93,Nashik,Baglan/Kalwan,Winter,"Maize, Grapes, Mango"
38.06,,501.74,43412.10,82.35,416.27,1.64,3.38,88.29,37.16,7.66,213.56,39.44,283.04,Nashik,Niphad/Yeola,Monsoon,Sugarcane
36.39,989.65,52.21,101228.94,26.83,429.23,1.79,1.16,22.69,33.62,5.88,282.87,,216.53,Raigad,Karjat,Summer,Ragi
15.48,1006.96,63.23,,57.56,451.43,0.38,1.68,39.98,15.07,5.58,298.24,6.40,239.48,Raigad,,Winter,Green Gram
24.75,904.45,9.67,22464.43,96.04,423.09,,,93.76,21.22,5.96,240.33,12.32,259.85,Raigad,Alibag/Mangaon,Monsoon,"Banana, Arecanut"
21.95,1038.25,477.35,63837.20,44.23,421.48,3.12,2.05,50.27,18.06,6.85,183.31,44.36,,Nashik,Baglan/Kalwan,Winter,Bajra
33.00,861.46,610.73,53831.59,71.55,399.63,1.40,2.18,86.98,27.90,6.63,223.67,17.07,339.73,Nashik,Niphad/Yeola,Monsoon,"Vegetables, Tomato, Wheat"
44.45,1066.48,563.65,40125.82,75.16,432.96,1.27,,88.27,,7.63,187.31,50.81,282.26,Nashik,Baglan/Kalwan,Monsoon,Mango
36.76,1079.02,6.78,22537.33,90.20,,3.88,2.15,96.78,28.61,5.79,324.73,9.44,301.03,Raigad,Alibag/Mangaon,Monsoon,Coconut
35.62,969.87,539.42,105208.52,22.24,426.56,2.58,0.68,42.43,32.67,7.51,184.93,25.81,347.89,Nashik,Niphad/Yeola,Summer,"Sugarcane, Pomegranate"
,938.40,582.33,69583.14,70.77,426.22,4.36,2.56,40.99,9.08,7.09,260.66,18.71,244.29,Nashik,Niphad/Yeola,Winter,"Onion, Pomegranate"
39.91,865.13,536.53,31107.96,,421.33,4.38,1.00,85.51,32.47,7.09,,32.52,275.81,Nashik,Niphad/Yeola,Monsoon,"Onion, Tomato"
17.01,,5.21,,48.59,,,,38.81,,,252.94,9.02,239.08,,Alibag/Mangaon,,"Cashew, Arecanut"
26.20,1032.29,10.46,99813.66,45.19,427.22,5.03,1.62,,24.30,6.52,294.44,11.54,211.50,Raigad,Alibag/Mangaon,Summer,"Banana, Coconut"
28.71,1062.83,10.59,92929.79,26.57,429.89,1.84,3.34,,31.36,5.38,302.64,8.27,,Raigad,,Summer,"Banana, Arecanut, Rice"
20.21,892.80,708.49,,24.47,415.04,1.93,3.11,44.65,18.08,5.62,,17.58,138.35,Nashik,,Summer,"Vegetables, Finger Millet"
29.11,912.63,581.86,,22.43,361.07,1.97,3.50,55.42,23.12,7.46,268.10,27.13,308.11,Nashik,Niphad/Yeola,Summer,Onion
12.46,931.35,702.68,75313.26,57.57,378.27,2.18,2.76,62.30,10.03,6.96,267.34,,196.12,Nashik,Igatpuri (Ghat Zone),Winter,"Maize, Rice"
46.08,902.24,614.87,57496.74,73.95,393.42,1.08,0.14,94.17,37.50,,250.56,21.89,222.69,Nashik,Niphad/Yeola,Monsoon,"Onion, Pomegranate, Sugarcane"
21.36,1041.59,728.89,93599.19,30.53,421.56,2.67,1.98,47.47,20.02,6.22,272.85,,192.39,Nashik,Igatpuri (Ghat Zone),Summer,Maize
16.88,1058.83,,80750.84,50.12,397.97,1.61,2.37,45.07,16.74,5.87,293.47,12.64,186.54,,Karjat,Winter,Mango
23.92,940.88,505.07,113938.77,38.45,364.52,4.03,1.21,51.66,22.02,,226.28,49.70,,Nashik,Baglan/Kalwan,,"Grapes, Bajra"
16.68,,5.26,78883.26,,443.63,1.07,1.48,32.24,14.44,6.14,302.05,8.03,271.56,Raigad,Alibag/Mangaon,Winter,"Cashew, Banana, Arecanut"
34.54,894.98,578.46,22226.41,79.02,430.59,1.50,1.85,92.93,32.16,7.54,245.04,23.62,262.41,Nashik,Niphad/Yeola,Monsoon,"Pomegranate, Tomato"
24.71,1074.25,12.95,75212.72,57.89,,1.07,0.94,36.93,19.98,5.89,254.93,11.17,,Raigad,Alibag/Mangaon,Winter,"Banana, Arecanut, Mango"
29.38,1066.31,59.35,26972.05,90.08,406.01,3.03,0.65,88.79,32.10,5.89,311.20,8.99,198.88,Raigad,Karjat,Monsoon,Rice
18.77,952.29,6.26,71185.79,50.43,440.19,1.36,1.46,40.37,15.44,6.60,245.45,7.12,270.38,Raigad,Alibag/Mangaon,Winter,Cashew
38.49,1066.04,52.11,48473.37,102.97,436.33,4.63,1.57,79.13,,6.24,240.55,9.83,201.55,Raigad,Karjat,Monsoon,Rice
17.04,1016.53,628.35,68345.40,60.02,490.82,0.36,,58.82,15.91,7.79,181.03,42.09,218.35,Nashik,Baglan/Kalwan,Winter,"Groundnut, Maize, Grapes"
17.42,,606.33,87118.57,40.86,362.52,3.85,2.19,,14.20,7.16,271.67,26.72,220.44,Nashik,Niphad/Yeola,Winter,"Pomegranate, Grapes"
15.24,962.73,824.43,78078.99,61.12,421.56,4.67,0.89,60.34,,5.98,279.14,18.20,168.50,Nashik,Igatpuri (Ghat Zone),Winter,"Maize, Finger Millet"
29.02,1043.73,807.14,122527.82,22.48,454.53,,2.47,52.88,27.65,6.08,198.97,13.91,187.90,Nashik,Igatpuri (Ghat Zone),,Maize
17.15,915.94,10.19,80192.16,48.32,425.06,1.22,,43.39,13.49,5.38,329.92,9.04,269.21,Raigad,Alibag/Mangaon,Winter,"Cashew, Rice, Mango"
,1089.25,56.59,,91.83,426.08,4.33,0.22,87.50,,5.75,265.72,6.54,214.33,Raigad,Karjat,Monsoon,Mango
29.05,1060.93,9.70,54996.12,94.45,417.70,2.83,2.64,97.37,27.26,6.58,296.37,9.48,191.55,Raigad,Alibag/Mangaon,Monsoon,"Cashew, Arecanut, Rice"
39.74,1026.96,562.07,33219.63,81.60,377.84,4.67,2.43,90.50,39.48,6.85,215.62,25.15,239.30,Nashik,Niphad/Yeola,,Onion
43.75,881.18,546.08,25775.53,,456.34,0.63,1.43,84.78,41.31,7.76,206.68,36.76,273.08,Nashik,Baglan/Kalwan,Monsoon,"Onion, Grapes, Bajra"
39.91,977.26,582.61,47977.17,75.29,430.59,3.90,0.71,87.72,37.83,7.52,268.35,25.92,260.82,,Niphad/Yeola,Monsoon,Pomegranate
35.06,880.19,600.59,44072.74,84.23,386.17,4.59,,81.22,36.23,8.36,261.01,21.76,257.58,Nashik,Niphad/Yeola,Monsoon,"Groundnut, Grapes, Tomato"
39.47,929.20,544.67,32237.56,91.37,430.22,1.80,0.97,82.46,37.94,7.13,208.12,34.38,215.09,Nashik,Baglan/Kalwan,Monsoon,Groundnut
39.01,944.40,469.36,98320.25,26.47,419.79,,3.88,44.86,32.24,7.81,176.89,57.00,281.17,Nashik,Baglan/Kalwan,Summer,Maize
34.05,828.04,460.76,15101.38,75.28,467.04,4.67,2.73,93.01,37.52,,199.88,43.53,214.55,Nashik,Baglan/Kalwan,Monsoon,"Maize, Mango, Wheat"
29.90,856.92,14.72,85620.43,51.56,418.27,0.72,4.01,13.77,26.96,,276.51,11.91,239.22,Raigad,Alibag/Mangaon,Summer,"Arecanut, Mango"
37.93,1074.14,785.60,32502.08,89.66,,4.41,2.63,85.96,39.74,7.29,176.62,13.56,185.94,Nashik,Igatpuri (Ghat Zone),Monsoon,"Maize, Cotton, Rice"
15.32,951.62,61.80,70611.24,51.34,411.60,3.97,3.98,53.59,13.60,5.92,288.35,,217.64,Raigad,Karjat,Winter,Mango
41.84,935.73,516.98,30481.32,74.65,419.51,2.74,2.79,,35.07,7.74,218.47,26.96,263.37,Nashik,Niphad/Yeola,Monsoon,Onion
,,,,,,,,,,,,,,,,,"Rice, Finger Millet"
35.91,1118.57,12.36,31423.31,102.77,389.47,4.37,0.57,83.63,36.29,5.82,293.22,12.93,268.88,Raigad,,Monsoon,"Cashew, Arecanut"
15.09,921.93,645.07,80194.23,56.64,376.83,4.81,2.14,66.76,11.52,7.35,184.34,51.90,276.44,Nashik,Baglan/Kalwan,Winter,Groundnut
19.19,877.61,596.09,77615.09,55.24,443.02,2.63,1.39,62.75,16.79,5.82,214.24,24.23,299.83,Nashik,Niphad/Yeola,Winter,Pomegranate
23.30,888.37,499.83,66395.59,59.22,415.12,3.57,1.10,44.64,,6.94,234.76,48.69,233.49,Nashik,Baglan/Kalwan,Winter,"Maize, Soybean, Grapes"
16.52,1148.56,69.57,54968.99,,421.04,0.85,2.97,30.94,12.54,5.62,294.09,6.53,,Raigad,Karjat,Winter,"Ragi, Vari"
13.36,1002.16,,62985.76,43.78,371.49,1.25,3.93,48.20,10.46,7.15,,28.39,282.39,Nashik,Niphad/Yeola,Winter,"Sugarcane, Wheat"
38.96,,601.57,51654.54,73.62,446.97,3.07,1.79,78.74,40.37,6.12,244.94,26.40,297.62,Nashik,Niphad/Yeola,Monsoon,"Onion, Sugarcane"
,,12.29,70907.91,69.02,320.44,2.22,,48.26,17.84,6.44,288.82,16.00,230.22,Raigad,,Winter,Rice
31.80,,576.60,49397.42,75.40,433.45,1.84,1.27,86.85,29.90,7.35,178.68,35.95,,Nashik,Niphad/Yeola,Monsoon,"Pomegranate, Grapes, Tomato"
28.65,967.74,850.49,17947.49,92.08,469.85,4.38,1.91,75.07,28.22,6.93,194.65,16.20,185.50,Nashik,Igatpuri (Ghat Zone),Monsoon,Vegetables
14.84,891.15,542.75,,52.17,399.03,4.31,0.97,45.82,11.19,7.38,-86.47,,254.08,Nashik,Niphad/Yeola,Winter,"Sugarcane, Grapes, Wheat"
27.25,907.69,584.21,110287.76,42.35,442.15,4.27,1.87,63.74,25.57,,,31.17,273.34,Nashik,Niphad/Yeola,Summer,"Grapes, Tomato"
36.31,,7.77,21673.49,92.81,415.46,,,,28.69,6.82,230.84,11.30,248.40,Raigad,Alibag/Mangaon,Monsoon,Mango
34.85,955.10,13.93,63962.94,96.01,457.52,4.88,3.18,93.79,34.22,6.42,352.43,15.53,205.68,Raigad,Alibag/Mangaon,Monsoon,Coconut
37.22,967.75,,103256.82,31.27,392.36,3.85,3.75,16.67,37.48,5.81,293.62,3.98,210.38,Raigad,Karjat,Summer,"Vari, Mango"
14.28,1025.63,610.23,82977.65,45.90,403.08,,3.27,66.44,12.16,6.63,206.63,25.58,295.59,Nashik,Niphad/Yeola,,Pomegranate
,,,,75.76,446.26,,,86.63,22.33,,276.24,12.58,,,Niphad/Yeola,,Wheat
28.35,1101.12,52.83,,88.74,,4.99,3.30,89.37,26.29,5.49,318.04,8.59,191.90,Raigad,Karjat,Monsoon,"Ragi, Coconut, Green Gram"
19.66,1022.67,,83842.71,50.00,435.20,3.02,1.36,36.59,18.37,5.96,245.73,10.65,220.43,Raigad,Karjat,Winter,Green Gram
24.55,,,85030.41,59.90,401.22,2.45,1.80,51.48,24.33,5.55,299.55,11.87,209.08,Raigad,Alibag/Mangaon,Winter,Arecanut
10.37,1017.57,664.68,68423.60,58.75,397.95,1.82,1.83,44.85,9.79,7.05,238.21,26.46,266.12,Nashik,Niphad/Yeola,Winter,"Pomegranate, Wheat"
15.35,1015.94,576.83,72949.67,53.86,406.37,1.29,2.40,59.26,13.60,7.26,259.13,,259.68,Nashik,Niphad/Yeola,Winter,"Sugarcane, Tomato"
19.04,1112.13,11.79,89113.12,42.49,402.39,0.38,2.50,46.94,17.50,5.70,283.82,8.73,249.49,Raigad,Alibag/Mangaon,Winter,"Cashew, Coconut, Arecanut"
36.15,878.05,588.05,20974.53,82.34,472.30,1.27,,87.67,,7.39,200.52,22.90,232.75,Nashik,Niphad/Yeola,Monsoon,"Sugarcane, Pomegranate, Onion"
31.89,1005.72,69.33,117172.03,25.11,431.22,1.85,0.37,21.19,29.93,,243.28,5.92,176.94,Raigad,Karjat,Summer,"Ragi, Green Gram, Cashew"
24.58,1147.64,8.77,69863.24,70.69,390.54,0.29,3.39,,24.54,5.47,233.62,10.73,235.09,Raigad,Alibag/Mangaon,Winter,Cashew
23.83,952.80,669.85,42415.42,86.26,,0.26,0.35,97.21,20.57,6.25,261.76,12.99,133.61,Nashik,Igatpuri (Ghat Zone),Monsoon,"Cotton, Rice"
17.15,919.65,598.03,,46.70,395.81,2.47,3.47,52.83,16.61,7.00,289.78,43.51,213.39,Nashik,Baglan/Kalwan,Winter,"Onion, Maize"
29.78,1079.69,54.04,45631.81,,422.24,0.90,2.12,81.48,28.81,5.69,229.10,10.03,205.44,Raigad,Karjat,Monsoon,"Green Gram, Vari, Coconut"
33.17,954.04,7.21,34638.50,,409.05,3.60,0.73,89.47,30.93,5.17,319.36,14.64,,,Alibag/Mangaon,Monsoon,"Cashew, Banana"
27.86,,587.44,118629.42,,,1.28,0.25,,,7.97,,,,,Niphad/Yeola,,Wheat
,944.51,617.43,84923.98,67.83,449.86,0.77,3.64,55.18,8.87,7.50,200.10,28.14,282.79,Nashik,Niphad/Yeola,Winter,"Grapes, Wheat"
25.66,1026.30,6.02,119206.82,,377.35,2.68,0.49,23.27,21.92,6.03,,12.56,198.22,Raigad,Alibag/Mangaon,Summer,"Banana, Soybean"
36.60,940.78,14.20,22748.34,95.19,419.28,3.16,0.11,92.43,,5.34,327.10,7.14,219.62,Raigad,Alibag/Mangaon,Monsoon,Coconut
22.18,1010.12,10.95,98916.16,,403.77,1.19,2.01,29.01,22.29,5.11,277.31,10.87,270.36,Raigad,,Summer,"Rice, Mango"
20.17,957.16,60.59,88524.27,,384.41,4.72,2.69,38.54,14.16,5.19,309.60,8.17,215.75,Raigad,Karjat,Winter,"Rice, Mango"
12.09,889.63,472.14,95646.91,68.42,415.90,0.59,3.59,41.42,12.02,6.36,209.22,39.35,225.40,Nashik,Baglan/Kalwan,Winter,"Onion, Maize"
,,,,,,,,,,,,,,,,,"Cashew, Green Gram"
28.95,,55.92,22373.09,84.72,408.09,4.66,1.43,88.80,,6.24,249.98,7.45,237.58,Raigad,Karjat,,Rice
13.33,1040.55,533.04,62204.66,59.63,386.26,,3.26,52.02,9.28,7.85,205.78,41.64,262.43,Nashik,Niphad/Yeola,Winter,"Pomegranate, Grapes, Wheat"
23.18,993.36,56.04,99224.84,37.86,381.14,3.27,1.44,12.52,21.95,5.45,321.59,7.86,197.13,Raigad,Karjat,Summer,"Cashew, Ragi"
27.71,872.29,724.21,93953.28,20.74,427.40,0.51,1.82,52.96,23.09,7.51,275.22,16.04,180.32,Nashik,Igatpuri (Ghat Zone),Summer,"Sugarcane, Finger Millet"
21.26,851.65,52.19,71325.27,41.86,,3.78,,41.99,14.95,5.12,265.46,8.67,,Raigad,Karjat,Winter,"Ragi, Coconut"
18.58,,597.88,77729.90,61.46,372.65,5.55,2.90,47.46,17.09,7.14,,20.44,271.55,,Niphad/Yeola,Winter,"Pomegranate, Wheat"
28.50,1018.46,5.50,43820.14,96.79,409.00,1.56,1.11,92.64,26.77,5.55,299.15,9.94,241.22,Raigad,Alibag/Mangaon,Monsoon,"Groundnut, Banana"
21.47,949.34,849.70,80019.36,45.78,368.75,2.33,1.32,51.41,20.48,,275.66,5.90,226.78,Nashik,Igatpuri (Ghat Zone),,"Vegetables, Rice"
12.66,981.97,863.61,76212.29,40.59,404.79,1.85,3.27,42.53,8.31,6.87,198.09,8.14,190.43,Nashik,Igatpuri (Ghat Zone),Winter,"Maize, Finger Millet"
32.46,1095.50,7.83,97577.23,35.28,386.38,4.22,3.24,27.26,29.79,5.01,230.16,10.52,,,Alibag/Mangaon,Summer,"Cashew, Coconut, Rice"
31.59,1025.48,47.83,83243.79,41.79,416.92,0.24,,25.66,28.56,6.30,228.93,9.19,182.77,Raigad,Karjat,Summer,Cashew
37.35,824.49,461.13,39604.30,86.88,397.04,0.86,1.12,90.18,39.84,6.81,239.15,41.57,221.77,Nashik,Baglan/Kalwan,Monsoon,"Soybean, Mango"
34.02,1095.99,7.37,23420.51,96.96,405.90,0.97,3.52,94.07,31.35,5.93,267.49,14.89,222.38,Raigad,,Monsoon,"Banana, Rice, Coconut"
47.17,1015.08,615.06,,74.58,446.61,4.33,,84.28,43.40,7.29,250.83,20.13,276.03,Nashik,,Monsoon,Sugarcane
29.57,1090.46,12.11,,104.38,394.70,4.13,1.24,87.00,,5.82,301.16,4.03,292.47,Raigad,Alibag/Mangaon,Monsoon,"Coconut, Rice, Mango"
21.83,994.01,560.00,106943.87,46.85,425.79,3.01,1.32,61.55,17.84,8.11,231.23,29.12,275.67,Nashik,Niphad/Yeola,Summer,"Sugarcane, Grapes"
20.49,982.39,582.76,90705.13,19.48,434.99,0.92,1.74,53.11,17.71,6.78,289.50,16.56,165.48,Nashik,Igatpuri (Ghat Zone),Summer,Vegetables
11.98,942.43,566.49,64448.87,52.65,440.00,1.52,2.32,55.65,8.39,7.33,225.72,17.91,309.04,Nashik,Niphad/Yeola,Winter,"Pomegranate, Tomato"
20.11,895.42,60.56,72934.68,51.40,424.67,4.07,3.72,48.66,18.69,5.75,225.34,8.97,236.13,Raigad,Karjat,,"Vari, Mango"
42.39,975.78,62.57,60173.66,85.67,423.61,0.83,2.23,86.89,33.64,5.96,253.35,7.42,217.11,Raigad,Karjat,Monsoon,"Vari, Mango"
35.16,843.06,636.61,40128.19,88.79,410.24,0.65,3.08,89.03,,6.33,210.46,12.35,177.07,Nashik,Igatpuri (Ghat Zone),Monsoon,"Vegetables, Rice, Tomato, Finger Millet"
32.61,935.24,559.84,115078.94,43.41,400.69,5.31,1.64,59.27,24.29,7.29,248.96,42.74,295.08,Nashik,Baglan/Kalwan,Summer,Groundnut
30.91,1008.41,49.60,48725.08,81.96,466.10,2.40,3.27,97.60,30.84,5.99,316.44,10.27,176.88,Raigad,Karjat,Monsoon,"Coconut, Vari"
16.91,,16.05,84955.90,51.86,,0.56,0.17,39.80,16.10,5.25,313.48,10.32,267.75,Raigad,Alibag/Mangaon,,"Banana, Mango"
35.52,1088.26,65.86,24893.81,86.53,437.78,4.61,2.45,74.37,37.03,4.91,262.96,6.92,248.24,Raigad,Karjat,Monsoon,Mango
14.80,943.83,797.16,74908.26,52.16,372.83,4.82,1.79,48.04,11.67,6.50,249.14,10.75,195.66,Nashik,,,"Vegetables, Rice, Maize"
41.34,1036.19,522.17,53040.59,89.51,261.45,5.06,0.34,77.09,37.66,7.41,175.02,56.74,247.91,Nashik,Baglan/Kalwan,Monsoon,Soybean
18.97,1042.11,11.67,53081.79,48.53,413.41,2.51,0.18,46.71,18.16,5.64,279.21,7.80,181.42,Raigad,Alibag/Mangaon,Winter,"Coconut, Arecanut"
30.35,922.11,571.29,114392.92,32.98,434.60,3.98,1.68,61.97,26.25,8.37,225.88,19.48,246.12,Nashik,Niphad/Yeola,Summer,"Sugarcane, Grapes, Tomato"
29.53,1060.71,12.01,45634.39,105.62,433.15,4.33,3.29,89.37,33.35,5.99,290.15,6.65,229.83,Raigad,Alibag/Mangaon,Monsoon,Banana
39.81,768.61,571.76,77290.26,38.41,471.37,,2.42,57.79,34.16,7.24,242.20,42.09,283.75,Nashik,Baglan/Kalwan,,Groundnut
19.04,1002.48,737.58,57688.01,69.77,413.78,2.85,1.10,52.92,15.38,6.45,258.52,10.61,199.62,Nashik,Igatpuri (Ghat Zone),Winter,Maize
39.00,940.83,502.59,34495.52,,428.60,,0.14,86.54,38.33,7.93,214.25,31.35,294.25,Nashik,Baglan/Kalwan,,Grapes
36.11,971.27,892.37,37459.12,87.39,419.09,2.90,0.37,87.85,35.97,5.72,276.37,10.08,200.36,Nashik,Igatpuri (Ghat Zone),Monsoon,"Vegetables, Maize"
20.89,861.91,483.79,99788.18,38.83,426.77,1.73,1.04,52.75,19.51,6.67,223.19,22.55,282.81,Nashik,Niphad/Yeola,,"Sugarcane, Grapes"
34.12,853.73,58.75,81552.95,37.77,392.15,2.38,1.56,24.05,31.96,5.46,281.31,4.59,188.53,Raigad,Karjat,Summer,Mango
32.44,,589.07,99380.05,32.81,378.63,0.89,4.01,52.65,25.85,6.53,214.53,30.78,228.70,Nashik,Baglan/Kalwan,Summer,Soybean
22.28,940.09,13.92,75409.22,54.71,367.93,0.19,1.56,47.11,15.48,6.97,320.86,9.58,253.67,Raigad,Alibag/Mangaon,Winter,"Banana, Rice"
32.29,1013.62,52.78,40973.10,90.51,449.48,3.33,1.82,82.01,25.94,5.20,278.40,,193.11,Raigad,Karjat,Monsoon,Coconut
30.21,987.71,842.81,,41.38,394.33,0.89,1.94,16.24,26.88,5.87,,,212.06,Raigad,Karjat,Summer,"Cashew, Mango"
24.45,864.13,629.84,92929.58,40.18,451.17,2.67,1.16,55.93,25.00,6.47,192.95,30.44,319.00,Nashik,Niphad/Yeola,Summer,"Pomegranate, Grapes, Tomato, Wheat"
26.98,887.05,,29612.07,89.22,396.85,3.90,3.77,88.84,20.95,6.29,239.68,6.35,161.22,Nashik,Igatpuri (Ghat Zone),Monsoon,Vegetables
38.63,947.33,10.05,40110.72,104.34,417.89,2.18,1.62,99.96,34.72,5.84,297.07,14.21,223.88,Raigad,Alibag/Mangaon,Monsoon,Banana
31.85,1012.17,561.27,22715.11,85.04,445.46,1.52,2.88,88.21,28.80,8.02,204.03,52.91,324.52,Nashik,Baglan/Kalwan,Monsoon,"Bajra, Mango"
35.82,,870.35,28169.73,101.84,448.58,1.00,3.03,86.71,35.69,6.32,216.75,10.28,,Nashik,Igatpuri (Ghat Zone),Monsoon,Rice
34.77,935.52,70.25,,91.09,413.63,0.29,,77.38,36.69,5.21,317.77,8.03,233.37,Raigad,Karjat,Monsoon,"Rice, Mango"
41.47,,537.24,,81.17,385.50,1.84,2.76,91.44,35.12,8.37,224.56,38.25,324.08,Nashik,Baglan/Kalwan,Monsoon,Groundnut
,867.31,555.21,38885.15,76.79,429.20,0.43,2.68,98.58,34.52,7.22,239.45,48.39,243.06,Nashik,Baglan/Kalwan,Monsoon,Grapes
18.59,1135.92,57.38,95910.92,41.05,403.25,,,45.90,,5.50,287.07,12.13,211.66,Raigad,Karjat,,Ragi
14.74,1040.09,888.63,84317.49,44.83,440.27,4.70,2.18,60.16,10.43,6.30,277.89,19.47,210.66,Nashik,Igatpuri (Ghat Zone),Winter,"Maize, Vegetables"
31.29,1083.63,8.67,38883.48,105.54,427.52,0.98,1.96,97.61,24.89,5.89,304.76,7.88,185.96,Raigad,Alibag/Mangaon,Monsoon,"Coconut, Arecanut, Mango"
32.15,980.80,530.25,35074.39,77.83,404.57,1.78,1.68,79.34,26.94,7.11,232.12,41.89,248.10,Nashik,Baglan/Kalwan,Monsoon,"Groundnut, Onion"
12.67,862.15,719.59,91006.72,42.17,,1.33,2.57,46.36,9.06,6.51,230.87,16.20,179.96,Nashik,Igatpuri (Ghat Zone),Winter,"Vegetables, Maize, Finger Millet"
23.09,1003.46,539.45,77958.50,51.36,435.92,5.64,0.66,45.68,21.57,6.83,238.96,46.89,244.65,Nashik,Baglan/Kalwan,Winter,Groundnut
25.47,1145.01,12.20,28030.93,,445.33,2.19,0.48,96.73,25.38,5.48,277.96,8.76,,Raigad,Alibag/Mangaon,,Rice
34.65,956.99,505.76,111370.95,,417.08,1.27,3.38,66.62,36.97,7.19,282.82,57.53,268.13,Nashik,,Summer,"Grapes, Mango"
15.41,,463.60,85461.48,42.51,462.02,4.57,0.63,50.64,16.64,7.86,149.60,46.41,199.43,Nashik,Baglan/Kalwan,Winter,"Soybean, Bajra"
40.55,969.58,568.42,25516.27,67.02,413.25,1.41,2.05,77.82,39.95,7.60,210.77,,239.57,Nashik,Niphad/Yeola,Monsoon,Grapes
22.38,885.78,50.79,77015.35,38.07,404.67,3.04,0.58,30.67,19.93,5.57,291.30,9.93,222.63,Raigad,Karjat,Winter,"Ragi, Rice, Sugarcane"
20.84,872.19,577.53,81509.60,55.84,429.13,0.15,0.73,53.19,16.30,7.38,,18.25,250.58,Nashik,Niphad/Yeola,Winter,Grapes
36.95,876.67,585.82,29728.15,79.46,440.41,3.98,3.86,77.04,40.56,7.37,204.01,22.91,341.75,Nashik,Niphad/Yeola,Monsoon,"Sugarcane, Grapes"
47.05,961.07,604.84,27147.06,75.75,,4.01,1.72,94.82,40.02,6.69,261.25,26.73,275.47,,Niphad/Yeola,Monsoon,Sugarcane
17.62,949.72,60.69,86003.83,48.19,453.65,0.72,3.90,55.35,15.33,5.29,270.08,6.57,209.25,Raigad,Karjat,Winter,"Ragi, Green Gram, Tomato, Coconut"
17.04,955.02,785.15,,52.59,433.95,4.35,1.52,47.32,13.20,5.76,252.90,18.52,191.22,Nashik,Igatpuri (Ghat Zone),Winter,"Rice, Finger Millet"
39.62,982.15,50.06,36855.25,,392.48,2.61,2.17,83.84,34.27,5.67,327.82,7.53,229.45,Raigad,Karjat,Monsoon,"Ragi, Rice"
34.51,,785.06,16101.73,91.37,,,3.25,84.84,32.56,6.92,281.64,14.73,170.33,Nashik,Igatpuri (Ghat Zone),Monsoon,"Vegetables, Rice"
23.50,815.43,530.62,74896.09,46.48,433.38,2.14,,47.89,19.77,6.85,234.58,41.35,246.19,Nashik,Baglan/Kalwan,Winter,"Grapes, Mango"
10.80,966.13,566.75,71447.70,,389.88,,3.43,45.25,8.68,7.64,263.42,,267.27,Nashik,,Winter,"Sugarcane, Wheat"
13.30,1046.87,762.16,76101.38,67.83,391.42,1.61,2.88,52.11,9.59,6.38,206.58,19.76,193.76,Nashik,Igatpuri (Ghat Zone),Winter,Maize
,,,,,,,,,,,,,,,,,"Grapes, Bajra"
17.29,924.89,879.11,,43.64,406.41,0.45,,55.16,15.48,6.25,199.86,18.31,205.33,Nashik,Igatpuri (Ghat Zone),,Vegetables
16.05,994.06,54.94,83161.87,51.40,403.71,1.63,1.00,35.52,13.23,6.19,259.58,9.33,217.56,Raigad,Karjat,Winter,Coconut
38.13,1032.06,5.95,15475.82,107.51,437.93,5.08,3.65,91.49,30.83,6.95,305.76,,238.87,Raigad,Alibag/Mangaon,Monsoon,"Cashew, Mango"
31.39,923.18,583.89,101285.76,24.21,437.85,0.62,1.23,70.23,22.90,7.29,252.20,29.42,200.20,Nashik,Niphad/Yeola,Summer,"Pomegranate, Tomato, Wheat"
33.17,892.46,663.87,111626.16,19.73,,3.32,0.73,56.66,23.79,8.18,180.72,51.61,239.69,Nashik,Baglan/Kalwan,Summer,Grapes
27.02,1008.03,52.27,63580.16,40.69,414.11,1.99,1.81,44.04,23.88,6.18,285.80,10.73,,Raigad,Karjat,Winter,"Ragi, Vari"
13.59,1003.07,539.65,92890.75,59.21,420.26,1.87,3.37,52.46,9.37,7.27,174.62,26.25,6915.73,Nashik,Niphad/Yeola,Winter,"Pomegranate, Tomato"
19.13,954.46,9.93,61169.43,40.79,415.45,,3.32,,18.77,,294.03,7.78,215.96,Raigad,Alibag/Mangaon,Winter,"Cashew, Banana, Rice"
38.77,989.70,656.38,49779.87,83.59,,4.06,3.78,100.74,37.16,5.90,232.57,9.04,144.30,,Igatpuri (Ghat Zone),Monsoon,"Maize, Rice"
22.40,1029.89,683.92,50499.33,92.63,346.79,0.55,1.41,99.64,24.49,6.64,257.35,,144.66,,,Monsoon,Vegetables
27.69,796.33,493.19,,32.85,461.02,2.52,1.73,47.99,26.38,7.45,,51.24,201.63,Nashik,Baglan/Kalwan,Summer,Bajra
17.09,986.65,59.98,97261.33,63.03,405.58,3.05,3.22,52.30,14.26,5.39,244.24,10.37,218.92,Raigad,Karjat,Winter,"Green Gram, Vari"
,,,,,,,,,,,,,,,,,Vegetables
34.45,824.99,663.78,50281.16,85.13,432.62,2.81,0.35,80.46,32.04,,226.52,11.10,194.43,Nashik,Igatpuri (Ghat Zone),,"Vegetables, Finger Millet"
35.29,1003.31,473.16,105358.93,42.98,383.35,3.07,,44.51,34.13,7.15,183.78,47.34,209.57,Nashik,Baglan/Kalwan,Summer,"Groundnut, Mango"
14.78,,586.77,79947.57,48.44,440.75,3.41,,53.90,,6.87,221.80,,232.95,Nashik,Baglan/Kalwan,Winter,"Groundnut, Mango"
18.69,1045.23,8.73,66823.74,38.67,413.81,4.20,2.21,32.03,15.70,5.68,291.10,12.47,289.28,Raigad,Alibag/Mangaon,,"Cashew, Banana, Coconut"
26.14,989.88,615.42,53484.94,87.03,429.03,1.50,3.04,85.30,23.70,,218.93,11.98,145.73,Nashik,Igatpuri (Ghat Zone),Monsoon,Finger Millet
37.09,857.54,624.81,90457.42,34.77,374.71,1.35,3.33,59.74,37.98,7.79,,55.97,230.00,Nashik,Baglan/Kalwan,Summer,Soybean
16.63,949.28,889.11,68033.21,66.05,442.71,4.26,1.51,63.15,,7.06,223.39,13.04,157.70,Nashik,Igatpuri (Ghat Zone),Winter,"Vegetables, Maize"
,955.22,52.52,56629.98,92.71,414.98,3.29,3.69,82.06,25.33,5.19,266.49,3.18,228.29,Raigad,Karjat,Monsoon,Ragi
37.41,1028.29,606.15,30476.74,80.82,425.87,0.23,2.57,97.29,,6.80,206.33,19.55,232.82,Nashik,Niphad/Yeola,Monsoon,Onion
26.03,960.49,14.55,115434.26,37.40,396.79,3.43,2.54,21.40,21.94,5.17,289.37,8.35,243.55,Raigad,Alibag/Mangaon,Summer,Banana
45.31,1046.88,545.45,40812.73,77.66,403.84,3.05,0.93,85.29,38.34,7.97,,31.57,343.65,Nashik,Niphad/Yeola,Monsoon,Sugarcane
17.80,1116.73,56.03,80576.25,,412.24,0.93,0.13,44.89,16.22,5.51,290.94,7.98,173.15,Raigad,Karjat,Winter,"Ragi, Mango"
42.13,933.88,487.18,118340.72,24.60,,3.53,0.37,50.49,40.62,6.92,254.08,,288.34,Nashik,Niphad/Yeola,Summer,"Onion, Pomegranate, Wheat"
30.39,885.06,796.26,115596.34,20.04,446.86,3.18,3.35,60.45,28.62,6.52,288.07,8.80,157.12,Nashik,Igatpuri (Ghat Zone),Summer,"Vegetables, Rice"
25.72,977.12,57.38,93927.58,32.18,392.57,4.71,0.97,26.26,23.13,5.28,247.57,9.76,194.89,Raigad,Karjat,Summer,Ragi
31.84,1065.41,61.50,85499.72,22.88,410.30,,2.63,18.96,26.50,5.92,223.51,10.17,205.34,,Karjat,Summer,"Green Gram, Vari, Mango"
25.94,980.60,541.64,75022.23,59.01,386.67,0.86,3.65,42.91,19.49,7.30,231.19,57.30,250.98,Nashik,Baglan/Kalwan,Winter,"Groundnut, Grapes, Onion"
24.30,1085.77,16.57,100569.12,39.06,,4.30,3.43,23.91,20.88,6.16,283.70,8.76,169.87,Raigad,Alibag/Mangaon,Summer,"Soybean, Arecanut"
29.44,999.19,52.32,96805.42,24.03,446.26,4.46,,24.64,34.97,6.25,291.72,7.46,250.81,Raigad,Karjat,Summer,Green Gram
12.00,983.32,557.53,86737.73,44.80,391.98,4.54,2.01,62.11,11.02,7.99,207.88,30.94,256.07,Nashik,,Winter,"Onion, Tomato"
29.87,1004.64,63.50,24492.61,93.53,,0.30,,79.49,28.51,5.73,279.18,,187.96,Raigad,Karjat,Monsoon,Green Gram
18.44,1081.01,58.42,87183.51,61.48,369.60,1.90,3.64,40.74,13.97,5.72,267.05,9.29,214.80,Raigad,Karjat,Winter,"Green Gram, Rice"
16.46,1024.46,623.34,71905.01,49.60,412.32,4.37,2.93,46.48,13.17,7.29,241.24,22.42,230.74,Nashik,Niphad/Yeola,Winter,"Pomegranate, Grapes"
46.47,1028.43,459.66,52588.13,85.59,515.41,4.77,3.54,101.16,37.23,5.83,195.58,45.00,257.31,Nashik,Baglan/Kalwan,Monsoon,Soybean
22.33,1026.64,602.17,101525.95,36.58,472.58,2.51,1.15,54.17,21.82,7.61,246.96,,205.45,Nashik,Baglan/Kalwan,Summer,Maize
22.96,898.45,68.60,77204.53,58.61,435.69,4.28,0.49,38.05,19.11,5.97,274.01,4.56,214.97,Raigad,Karjat,Winter,"Cashew, Coconut"
25.93,1013.24,56.66,17636.07,92.87,333.80,4.06,3.30,84.27,25.08,5.19,256.72,5.48,,,Karjat,Monsoon,"Cashew, Coconut"
38.53,1110.22,880.04,90644.27,22.58,386.83,3.32,0.67,47.10,28.40,7.18,258.71,19.73,206.85,Nashik,Igatpuri (Ghat Zone),Summer,Vegetables
33.25,929.61,57.06,109792.80,32.89,413.67,4.16,1.11,24.15,32.44,5.48,260.69,9.17,223.65,Raigad,Karjat,Summer,Cashew
37.77,1063.09,45.59,23007.76,88.39,411.17,0.97,0.88,90.47,31.08,5.81,301.32,12.87,243.29,Raigad,Karjat,Monsoon,Vari
35.79,912.79,660.79,43371.64,99.55,414.17,3.72,,78.87,31.88,5.59,326.40,15.57,163.46,Nashik,Igatpuri (Ghat Zone),Monsoon,"Vegetables, Finger Millet"
21.30,939.68,14.98,113663.12,28.04,430.28,0.49,2.50,16.11,22.57,,274.82,18.19,206.75,Raigad,Alibag/Mangaon,Summer,Rice
31.81,964.72,14.00,95269.62,44.54,,5.27,0.53,12.04,24.36,6.63,323.54,8.17,204.97,Raigad,Alibag/Mangaon,Summer,"Cashew, Arecanut, Mango"
19.69,975.80,602.29,56940.17,55.47,420.64,1.15,0.85,58.11,18.35,6.65,280.25,20.98,329.89,Nashik,Niphad/Yeola,,Grapes
25.40,1028.31,458.75,71282.10,42.49,405.81,4.34,2.43,54.95,23.55,7.29,217.86,,275.51,Nashik,Baglan/Kalwan,Winter,Bajra
41.27,986.53,63.64,17549.38,,395.63,0.17,0.39,101.97,34.91,6.19,259.63,,242.16,Raigad,,Monsoon,Cashew
32.26,967.55,558.26,,93.38,419.08,3.79,,,25.54,6.58,203.50,46.12,185.48,Nashik,Baglan/Kalwan,Monsoon,"Maize, Soybean"
21.14,917.65,562.98,97953.22,37.37,411.72,1.96,4.22,,21.07,7.22,219.01,30.77,218.06,Nashik,Niphad/Yeola,Summer,Pomegranate
45.96,930.05,440.41,,,423.60,3.43,0.85,82.15,41.43,7.58,180.29,53.13,283.73,Nashik,Baglan/Kalwan,Monsoon,"Groundnut, Bajra"
19.10,1036.57,56.16,59791.32,45.49,409.98,4.65,3.12,47.97,,5.82,288.77,8.68,,,Karjat,Winter,Cashew
17.21,967.06,65.33,96673.54,67.48,403.64,3.03,1.80,44.15,16.28,6.26,299.78,3.65,227.65,Raigad,Karjat,Winter,"Ragi, Green Gram, Rice"
,877.94,624.76,70497.47,,411.01,0.40,4.13,54.70,23.39,7.52,247.68,28.61,261.24,Nashik,Niphad/Yeola,Winter,"Sugarcane, Pomegranate"
11.63,924.03,490.08,83870.27,54.10,401.15,0.33,1.01,62.09,7.32,7.24,228.26,16.72,261.89,Nashik,Niphad/Yeola,,Grapes
29.77,969.74,618.77,96740.42,38.82,420.77,2.23,0.73,48.60,27.37,6.52,235.16,13.10,202.14,Nashik,Igatpuri (Ghat Zone),Summer,Vegetables
15.13,958.60,567.38,67678.61,45.28,460.73,0.14,2.82,61.14,10.32,6.88,191.52,39.18,275.36,Nashik,Baglan/Kalwan,Winter,Grapes
41.65,1054.41,,16299.00,,427.39,1.36,0.97,97.67,38.46,8.21,170.14,30.25,285.82,Nashik,,Monsoon,"Onion, Pomegranate, Grapes"
23.32,,5.96,107723.96,20.58,415.46,2.98,3.41,24.01,21.92,6.00,255.15,12.23,221.87,Raigad,Alibag/Mangaon,Summer,"Arecanut, Mango"
14.64,977.99,,94722.98,37.46,416.28,3.81,3.91,62.05,12.24,7.54,181.93,,250.69,Nashik,Baglan/Kalwan,Winter,"Onion, Grapes, Bajra"
35.47,992.72,506.65,37366.18,83.31,386.83,1.59,0.98,90.84,34.37,7.40,291.65,53.52,255.22,Nashik,Baglan/Kalwan,Monsoon,Groundnut
38.66,989.55,581.82,54008.08,75.39,391.76,2.10,0.21,88.20,36.17,,203.26,25.15,334.10,Nashik,Niphad/Yeola,Monsoon,Grapes
16.78,957.68,5.81,95993.09,60.08,390.49,2.72,2.77,43.79,15.48,6.23,301.57,9.15,245.50,Raigad,Alibag/Mangaon,Winter,Arecanut
43.39,957.45,551.77,60951.83,80.54,437.19,0.91,3.42,95.65,36.59,6.88,239.67,,271.43,Nashik,Niphad/Yeola,Monsoon,"Tomato, Wheat"
40.23,935.55,661.53,46947.10,76.65,348.82,3.88,0.67,91.36,33.04,6.21,217.86,,277.27,Nashik,Niphad/Yeola,Monsoon,"Grapes, Wheat"
19.30,973.31,62.12,66416.93,41.83,407.79,4.82,0.36,53.13,15.04,6.93,250.27,9.62,196.86,Raigad,Karjat,Winter,"Ragi, Coconut"
14.96,990.35,470.81,59928.67,44.63,403.47,0.24,1.96,,13.23,7.47,228.23,30.53,228.16,Nashik,Baglan/Kalwan,Winter,Maize
36.17,887.18,59.69,40258.30,92.48,419.27,4.34,1.29,97.18,34.78,6.15,273.40,7.14,231.75,Raigad,Karjat,Monsoon,"Ragi, Coconut"
38.59,1076.49,575.10,20244.75,70.01,400.86,4.54,3.79,113.18,37.52,7.05,239.33,23.94,259.20,Nashik,Niphad/Yeola,Monsoon,"Grapes, Tomato, Wheat"
30.65,922.32,6.38,111165.69,39.18,383.15,2.35,3.33,10.24,29.18,6.17,223.31,12.21,222.73,Raigad,Alibag/Mangaon,Summer,"Cashew, Coconut"
12.57,1037.74,597.11,79625.75,63.21,370.70,,0.58,49.27,9.85,6.64,253.60,20.40,201.04,Nashik,Igatpuri (Ghat Zone),Winter,Vegetables
37.77,956.66,571.69,21397.89,71.36,406.96,4.65,3.05,74.92,30.60,7.20,199.51,27.71,331.15,Nashik,,Monsoon,Sugarcane
33.29,,7.61,99510.20,28.44,411.00,1.32,2.12,11.79,26.27,5.49,226.70,11.11,215.12,Raigad,Alibag/Mangaon,Summer,Coconut
41.40,1063.12,864.20,45055.02,84.71,419.77,4.89,0.31,97.76,34.72,,281.65,15.11,193.01,Nashik,Igatpuri (Ghat Zone),Monsoon,"Maize, Rice"
36.10,859.37,63.03,31129.36,94.54,442.35,2.26,2.92,84.57,32.76,4.56,229.17,8.10,234.79,Raigad,Karjat,Monsoon,"Ragi, Vari, Mango"
21.68,894.80,571.55,70523.39,61.90,393.03,2.10,,55.00,20.54,7.17,224.48,47.75,197.02,Nashik,Baglan/Kalwan,Winter,Maize
17.27,961.18,54.14,74706.01,52.35,483.20,1.19,1.14,33.36,15.60,5.04,,9.70,211.08,Raigad,Karjat,Winter,Cashew
13.54,913.43,640.16,97517.86,42.72,,1.70,0.45,56.32,12.10,6.20,330.45,16.64,192.60,Nashik,Igatpuri (Ghat Zone),Winter,"Rice, Finger Millet"
33.97,,568.51,,27.20,,2.13,,,29.35,7.07,,,212.39,,,Summer,"Soybean, Bajra"
20.40,834.24,4.77,66702.43,43.38,377.97,1.08,1.72,41.80,14.79,5.90,301.73,12.69,195.43,Raigad,Alibag/Mangaon,Winter,"Cashew, Banana, Mango"
35.39,1001.12,778.24,114031.78,40.25,405.73,2.80,0.73,54.35,27.04,6.85,215.60,19.57,123.88,Nashik,,Summer,Finger Millet
39.64,1043.14,57.52,33547.76,83.52,405.86,2.09,3.33,90.15,34.43,5.99,,6.12,249.37,Raigad,Karjat,Monsoon,Ragi
20.65,1018.03,,94527.47,45.48,444.10,2.73,2.47,51.86,15.62,5.79,216.52,20.91,213.86,Nashik,Igatpuri (Ghat Zone),,"Maize, Rice"
38.50,896.00,662.67,36856.93,90.02,386.08,4.11,3.56,103.65,30.28,7.01,,9.63,193.97,Nashik,Igatpuri (Ghat Zone),Monsoon,Vegetables
22.09,860.54,496.67,109303.12,21.66,402.31,0.28,3.98,49.39,19.09,7.50,237.65,75.33,,Nashik,Baglan/Kalwan,Summer,"Maize, Soybean"
28.16,980.22,6.50,98004.65,30.28,382.94,,1.15,17.85,25.71,5.27,,12.75,201.87,Raigad,Alibag/Mangaon,Summer,"Banana, Cotton, Arecanut, Mango"
34.47,1069.87,11.53,708850.66,93.06,474.85,4.37,2.36,81.54,30.38,6.39,300.45,7.05,225.92,Raigad,Alibag/Mangaon,Monsoon,"Cashew, Coconut"
13.52,864.37,606.86,78515.63,49.82,367.67,2.46,3.35,46.70,7.73,7.60,276.26,18.18,,Nashik,Niphad/Yeola,Winter,Onion
29.32,924.20,484.14,96236.87,22.00,,2.02,2.85,60.03,22.74,7.36,258.76,47.06,294.18,Nashik,Baglan/Kalwan,Summer,"Maize, Grapes"
39.07,1019.44,58.13,95852.17,38.23,379.11,4.88,0.79,,34.44,5.62,223.18,8.87,187.13,,Karjat,Summer,"Ragi, Cashew, Vari"
35.53,952.70,626.95,81750.86,34.95,408.16,4.25,3.35,58.04,,7.42,220.05,42.78,,Nashik,Baglan/Kalwan,Summer,Bajra
12.72,956.72,816.71,63361.56,58.13,455.80,1.52,2.42,46.98,9.67,7.19,249.77,14.79,175.74,Nashik,Igatpuri (Ghat Zone),Winter,"Vegetables, Rice"
31.89,1017.60,50.45,39922.71,93.96,446.87,3.18,4.07,76.31,30.03,,240.18,6.49,182.21,Raigad,Karjat,Monsoon,Ragi
11.80,,583.96,82989.63,48.12,456.99,0.44,2.52,54.26,7.29,7.29,287.29,16.82,229.80,Nashik,Niphad/Yeola,Winter,Sugarcane
33.12,990.29,14.23,36699.13,98.61,358.98,4.70,2.40,86.59,32.04,4.52,223.95,12.43,241.01,Raigad,Alibag/Mangaon,Monsoon,"Banana, Mango"
36.31,989.39,816.71,,30.21,460.30,1.49,2.84,56.28,27.46,6.87,227.77,13.77,190.10,Nashik,,Summer,"Vegetables, Banana, Rice, Maize"
35.54,945.09,620.87,106479.55,21.64,,4.14,3.61,61.12,32.45,6.81,292.51,21.07,313.23,Nashik,Niphad/Yeola,Summer,Sugarcane
17.16,949.36,585.14,76818.11,48.51,404.56,0.73,0.29,,15.41,7.32,236.20,23.32,205.06,,Niphad/Yeola,Winter,"Tomato, Wheat"
14.51,1050.01,52.54,72809.76,57.55,385.26,3.22,0.99,46.07,13.56,5.69,268.63,9.58,311.72,Raigad,Karjat,Winter,"Cashew, Coconut, Vari"
